LocalTimestamp,EmotiBitTimestamp,PacketNumber,DataLength,TypeTag,ProtocolVersion,DataReliability,AZ
1766633906.608679,44478.000,5160,3,AZ,1,100,0.478
1766633906.608679,44478.000,5160,3,AZ,1,100,0.472
1766633906.608679,44478.000,5160,3,AZ,1,100,0.481
1766633906.648675,44518.000,5177,2,AZ,1,100,0.470
1766633906.688672,44558.000,5177,2,AZ,1,100,0.480
1766633906.728669,44598.000,5193,3,AZ,1,100,0.465
1766633906.768666,44638.000,5193,3,AZ,1,100,0.481
1766633906.808663,44678.000,5193,3,AZ,1,100,0.477
1766633906.848659,44718.000,5209,2,AZ,1,100,0.491
1766633906.888656,44758.000,5209,2,AZ,1,100,0.480
1766633906.924320,44793.667,5225,3,AZ,1,100,0.480
1766633906.959984,44829.333,5225,3,AZ,1,100,0.490
1766633906.995647,44865.000,5225,3,AZ,1,100,0.490
1766633907.035644,44905.000,5242,3,AZ,1,100,0.490
1766633907.075641,44945.000,5242,3,AZ,1,100,0.479
1766633907.115638,44985.000,5242,3,AZ,1,100,0.488
1766633907.155635,45025.000,5259,3,AZ,1,100,0.481
1766633907.195631,45065.000,5259,3,AZ,1,100,0.489
1766633907.235628,45105.000,5259,3,AZ,1,100,0.494
1766633907.275625,45145.000,5274,2,AZ,1,100,0.496
1766633907.315622,45185.000,5274,2,AZ,1,100,0.492
1766633907.355618,45225.000,5290,3,AZ,1,100,0.489
1766633907.395615,45265.000,5290,3,AZ,1,100,0.490
1766633907.435612,45305.000,5290,3,AZ,1,100,0.494
1766633907.475609,45345.000,5307,2,AZ,1,100,0.483
1766633907.515605,45385.000,5307,2,AZ,1,100,0.482
1766633907.555602,45425.000,5324,3,AZ,1,100,0.497
1766633907.595599,45465.000,5324,3,AZ,1,100,0.482
1766633907.635596,45505.000,5324,3,AZ,1,100,0.483
1766633907.675592,45545.000,5339,2,AZ,1,100,0.473
1766633907.715589,45585.000,5339,2,AZ,1,100,0.477
1766633907.751253,45620.667,5355,3,AZ,1,100,0.468
1766633907.786917,45656.333,5355,3,AZ,1,100,0.482
1766633907.822581,45692.000,5355,3,AZ,1,100,0.471
1766633907.862577,45732.000,5373,3,AZ,1,100,0.483
1766633907.902574,45772.000,5373,3,AZ,1,100,0.466
1766633907.942571,45812.000,5373,3,AZ,1,100,0.477
1766633907.982568,45852.000,5389,2,AZ,1,100,0.474
1766633908.022564,45892.000,5389,2,AZ,1,100,0.473
1766633908.062895,45932.333,5405,3,AZ,1,100,0.476
1766633908.103225,45972.667,5405,3,AZ,1,100,0.465
1766633908.143555,46013.000,5405,3,AZ,1,100,0.473
1766633908.183052,46052.500,5421,2,AZ,1,100,0.465
1766633908.222548,46092.000,5421,2,AZ,1,100,0.472
1766633908.262545,46132.000,5438,3,AZ,1,100,0.473
1766633908.302542,46172.000,5438,3,AZ,1,100,0.473
1766633908.342539,46212.000,5438,3,AZ,1,100,0.471
1766633908.382535,46252.000,5454,2,AZ,1,100,0.469
1766633908.422532,46292.000,5454,2,AZ,1,100,0.469
1766633908.462529,46332.000,5472,3,AZ,1,100,0.469
1766633908.502526,46372.000,5472,3,AZ,1,100,0.464
1766633908.542522,46412.000,5472,3,AZ,1,100,0.465
1766633908.582519,46452.000,5486,2,AZ,1,100,0.464
1766633908.622516,46492.000,5486,2,AZ,1,100,0.462
1766633908.657846,46527.333,5503,3,AZ,1,100,0.467
1766633908.693177,46562.667,5503,3,AZ,1,100,0.463
1766633908.728507,46598.000,5503,3,AZ,1,100,0.463
1766633908.768504,46638.000,5519,3,AZ,1,100,0.462
1766633908.808501,46678.000,5519,3,AZ,1,100,0.466
1766633908.848498,46718.000,5519,3,AZ,1,100,0.467
1766633908.888494,46758.000,5539,2,AZ,1,100,0.472
1766633908.928491,46798.000,5539,2,AZ,1,100,0.463
1766633908.968488,46838.000,5553,3,AZ,1,100,0.475
1766633909.008485,46878.000,5553,3,AZ,1,100,0.461
1766633909.048481,46918.000,5553,3,AZ,1,100,0.470
1766633909.088478,46958.000,5570,3,AZ,1,100,0.467
1766633909.128475,46998.000,5570,3,AZ,1,100,0.467
1766633909.168472,47038.000,5570,3,AZ,1,100,0.465
1766633909.208468,47078.000,5587,2,AZ,1,100,0.469
1766633909.248465,47118.000,5587,2,AZ,1,100,0.468
1766633909.288462,47158.000,5604,3,AZ,1,100,0.470
1766633909.328459,47198.000,5604,3,AZ,1,100,0.467
1766633909.368456,47238.000,5604,3,AZ,1,100,0.475
1766633909.408452,47278.000,5618,2,AZ,1,100,0.472
1766633909.448449,47318.000,5618,2,AZ,1,100,0.461
1766633909.484113,47353.667,5636,3,AZ,1,100,0.463
1766633909.519777,47389.333,5636,3,AZ,1,100,0.464
1766633909.555440,47425.000,5636,3,AZ,1,100,0.469
1766633909.595437,47465.000,5652,3,AZ,1,100,0.470
1766633909.635434,47505.000,5652,3,AZ,1,100,0.467
1766633909.675431,47545.000,5652,3,AZ,1,100,0.467
1766633909.715428,47585.000,5669,2,AZ,1,100,0.472
1766633909.755424,47625.000,5669,2,AZ,1,100,0.467
1766633909.795421,47665.000,5683,2,AZ,1,100,0.467
1766633909.835418,47705.000,5683,2,AZ,1,100,0.467
1766633909.875415,47745.000,5701,3,AZ,1,100,0.465
1766633909.915411,47785.000,5701,3,AZ,1,100,0.465
1766633909.955408,47825.000,5701,3,AZ,1,100,0.469
1766633909.995405,47865.000,5717,3,AZ,1,100,0.467
1766633910.035402,47905.000,5717,3,AZ,1,100,0.471
1766633910.075398,47945.000,5717,3,AZ,1,100,0.472
1766633910.115395,47985.000,5734,2,AZ,1,100,0.474
1766633910.155392,48025.000,5734,2,AZ,1,100,0.471
1766633910.195389,48065.000,5750,3,AZ,1,100,0.470
1766633910.235385,48105.000,5750,3,AZ,1,100,0.469
1766633910.275382,48145.000,5750,3,AZ,1,100,0.477
1766633910.310713,48180.333,5766,3,AZ,1,100,0.471
1766633910.346043,48215.667,5766,3,AZ,1,100,0.468
1766633910.381374,48251.000,5766,3,AZ,1,100,0.471
1766633910.421371,48291.000,5782,2,AZ,1,100,0.467
1766633910.461367,48331.000,5782,2,AZ,1,100,0.474
1766633910.501364,48371.000,5800,3,AZ,1,100,0.470
1766633910.541361,48411.000,5800,3,AZ,1,100,0.473
1766633910.581357,48451.000,5800,3,AZ,1,100,0.474
1766633910.621354,48491.000,5816,2,AZ,1,100,0.473
1766633910.661351,48531.000,5816,2,AZ,1,100,0.475
1766633910.701348,48571.000,5831,3,AZ,1,100,0.464
1766633910.741345,48611.000,5831,3,AZ,1,100,0.471
1766633910.781341,48651.000,5831,3,AZ,1,100,0.467
1766633910.821338,48691.000,5848,2,AZ,1,100,0.468
1766633910.861335,48731.000,5848,2,AZ,1,100,0.471
1766633910.901332,48771.000,5865,3,AZ,1,100,0.470
1766633910.941329,48811.000,5865,3,AZ,1,100,0.463
1766633910.981325,48851.000,5865,3,AZ,1,100,0.475
1766633911.021322,48891.000,5881,2,AZ,1,100,0.474
1766633911.061319,48931.000,5881,2,AZ,1,100,0.472
1766633911.096982,48966.667,5896,3,AZ,1,100,0.463
1766633911.132646,49002.333,5896,3,AZ,1,100,0.458
1766633911.168310,49038.000,5896,3,AZ,1,100,0.464
1766633911.208307,49078.000,5913,3,AZ,1,100,0.454
1766633911.248304,49118.000,5913,3,AZ,1,100,0.466
1766633911.288300,49158.000,5913,3,AZ,1,100,0.464
1766633911.328297,49198.000,5930,2,AZ,1,100,0.459
1766633911.368294,49238.000,5930,2,AZ,1,100,0.459
1766633911.408291,49278.000,5946,3,AZ,1,100,0.464
1766633911.448287,49318.000,5946,3,AZ,1,100,0.456
1766633911.488284,49358.000,5946,3,AZ,1,100,0.458
1766633911.528281,49398.000,5962,2,AZ,1,100,0.454
1766633911.568278,49438.000,5962,2,AZ,1,100,0.457
1766633911.608274,49478.000,5978,3,AZ,1,100,0.449
1766633911.648271,49518.000,5978,3,AZ,1,100,0.461
1766633911.688268,49558.000,5978,3,AZ,1,100,0.450
1766633911.728265,49598.000,6000,2,AZ,1,100,0.464
1766633911.768262,49638.000,6000,2,AZ,1,100,0.460
1766633911.808258,49678.000,6017,3,AZ,1,100,0.450
1766633911.848255,49718.000,6017,3,AZ,1,100,0.458
1766633911.888252,49758.000,6017,3,AZ,1,100,0.445
1766633911.923916,49793.667,6032,3,AZ,1,100,0.451
1766633911.959579,49829.333,6032,3,AZ,1,100,0.459
1766633911.995243,49865.000,6032,3,AZ,1,100,0.446
1766633912.035240,49905.000,6048,2,AZ,1,100,0.448
1766633912.075237,49945.000,6048,2,AZ,1,100,0.445
1766633912.115233,49985.000,6065,3,AZ,1,100,0.450
1766633912.155230,50025.000,6065,3,AZ,1,100,0.454
1766633912.195227,50065.000,6065,3,AZ,1,100,0.443
1766633912.235224,50105.000,6082,2,AZ,1,100,0.451
1766633912.275221,50145.000,6082,2,AZ,1,100,0.442
1766633912.315217,50185.000,6097,3,AZ,1,100,0.450
1766633912.355214,50225.000,6097,3,AZ,1,100,0.450
1766633912.395211,50265.000,6097,3,AZ,1,100,0.459
1766633912.435208,50305.000,6113,2,AZ,1,100,0.444
1766633912.475204,50345.000,6113,2,AZ,1,100,0.446
1766633912.515201,50385.000,6131,3,AZ,1,100,0.453
1766633912.555198,50425.000,6131,3,AZ,1,100,0.448
1766633912.595195,50465.000,6131,3,AZ,1,100,0.444
1766633912.635191,50505.000,6147,3,AZ,1,100,0.443
1766633912.675188,50545.000,6147,3,AZ,1,100,0.444
1766633912.715185,50585.000,6147,3,AZ,1,100,0.436
1766633912.755182,50625.000,6163,2,AZ,1,100,0.453
1766633912.795178,50665.000,6163,2,AZ,1,100,0.446
1766633912.830509,50700.333,6179,3,AZ,1,100,0.446
1766633912.865839,50735.667,6179,3,AZ,1,100,0.432
1766633912.901170,50771.000,6179,3,AZ,1,100,0.440
1766633912.941167,50811.000,6196,2,AZ,1,100,0.441
1766633912.981164,50851.000,6196,2,AZ,1,100,0.439
1766633913.021160,50891.000,6212,3,AZ,1,100,0.442
1766633913.061157,50931.000,6212,3,AZ,1,100,0.443
1766633913.101154,50971.000,6212,3,AZ,1,100,0.432
1766633913.141150,51011.000,6228,2,AZ,1,100,0.433
1766633913.181147,51051.000,6228,2,AZ,1,100,0.429
1766633913.221144,51091.000,6244,3,AZ,1,100,0.428
1766633913.261141,51131.000,6244,3,AZ,1,100,0.436
1766633913.301138,51171.000,6244,3,AZ,1,100,0.439
1766633913.341134,51211.000,6261,3,AZ,1,100,0.436
1766633913.381131,51251.000,6261,3,AZ,1,100,0.443
1766633913.421128,51291.000,6261,3,AZ,1,100,0.435
1766633913.461125,51331.000,6277,2,AZ,1,100,0.427
1766633913.501122,51371.000,6277,2,AZ,1,100,0.444
1766633913.541118,51411.000,6295,3,AZ,1,100,0.440
1766633913.581115,51451.000,6295,3,AZ,1,100,0.443
1766633913.621112,51491.000,6295,3,AZ,1,100,0.445
1766633913.656775,51526.667,6309,3,AZ,1,100,0.440
1766633913.692439,51562.333,6309,3,AZ,1,100,0.439
1766633913.728103,51598.000,6309,3,AZ,1,100,0.431
1766633913.768100,51638.000,6326,2,AZ,1,100,0.433
1766633913.808097,51678.000,6326,2,AZ,1,100,0.432
1766633913.848093,51718.000,6343,3,AZ,1,100,0.443
1766633913.888090,51758.000,6343,3,AZ,1,100,0.447
1766633913.928087,51798.000,6343,3,AZ,1,100,0.436
1766633913.968084,51838.000,6362,2,AZ,1,100,0.442
1766633914.008080,51878.000,6362,2,AZ,1,100,0.436
1766633914.048077,51918.000,6376,3,AZ,1,100,0.430
1766633914.088074,51958.000,6376,3,AZ,1,100,0.440
1766633914.128071,51998.000,6376,3,AZ,1,100,0.429
1766633914.168067,52038.000,6394,2,AZ,1,100,0.437
1766633914.208064,52078.000,6394,2,AZ,1,100,0.428
1766633914.248061,52118.000,6410,3,AZ,1,100,0.432
1766633914.288058,52158.000,6410,3,AZ,1,100,0.440
1766633914.328055,52198.000,6410,3,AZ,1,100,0.423
1766633914.368051,52238.000,6427,2,AZ,1,100,0.432
1766633914.408048,52278.000,6427,2,AZ,1,100,0.431
1766633914.443378,52313.333,6441,3,AZ,1,100,0.427
1766633914.478709,52348.667,6441,3,AZ,1,100,0.435
1766633914.514040,52384.000,6441,3,AZ,1,100,0.429
1766633914.554036,52424.000,6459,3,AZ,1,100,0.433
1766633914.594033,52464.000,6459,3,AZ,1,100,0.423
1766633914.634030,52504.000,6459,3,AZ,1,100,0.425
1766633914.674026,52544.000,6475,2,AZ,1,100,0.428
1766633914.714023,52584.000,6475,2,AZ,1,100,0.428
1766633914.754020,52624.000,6492,3,AZ,1,100,0.436
1766633914.794017,52664.000,6492,3,AZ,1,100,0.425
1766633914.834014,52704.000,6492,3,AZ,1,100,0.434
1766633914.874010,52744.000,6507,2,AZ,1,100,0.432
1766633914.914007,52784.000,6507,2,AZ,1,100,0.429
1766633914.954004,52824.000,6524,3,AZ,1,100,0.426
1766633914.994001,52864.000,6524,3,AZ,1,100,0.430
1766633915.033998,52904.000,6524,3,AZ,1,100,0.428
1766633915.073994,52944.000,6540,2,AZ,1,100,0.435
1766633915.113991,52984.000,6540,2,AZ,1,100,0.426
1766633915.153988,53024.000,6558,3,AZ,1,100,0.443
1766633915.193985,53064.000,6558,3,AZ,1,100,0.431
1766633915.233981,53104.000,6558,3,AZ,1,100,0.429
1766633915.269645,53139.667,6573,3,AZ,1,100,0.427
1766633915.305309,53175.333,6573,3,AZ,1,100,0.426
1766633915.340973,53211.000,6573,3,AZ,1,100,0.421
1766633915.380969,53251.000,6589,2,AZ,1,100,0.430
1766633915.420966,53291.000,6589,2,AZ,1,100,0.435
1766633915.460963,53331.000,6606,3,AZ,1,100,0.422
1766633915.500960,53371.000,6606,3,AZ,1,100,0.429
1766633915.540956,53411.000,6606,3,AZ,1,100,0.431
1766633915.580953,53451.000,6623,2,AZ,1,100,0.432
1766633915.620950,53491.000,6623,2,AZ,1,100,0.427
1766633915.660947,53531.000,6639,3,AZ,1,100,0.431
1766633915.700943,53571.000,6639,3,AZ,1,100,0.432
1766633915.740940,53611.000,6639,3,AZ,1,100,0.427
1766633915.780937,53651.000,6654,2,AZ,1,100,0.426
1766633915.820934,53691.000,6654,2,AZ,1,100,0.431
1766633915.860931,53731.000,6671,3,AZ,1,100,0.429
1766633915.900927,53771.000,6671,3,AZ,1,100,0.431
1766633915.940924,53811.000,6671,3,AZ,1,100,0.434
1766633915.980921,53851.000,6688,3,AZ,1,100,0.425
1766633916.020918,53891.000,6688,3,AZ,1,100,0.433
1766633916.060915,53931.000,6688,3,AZ,1,100,0.425
1766633916.094412,53964.500,6704,2,AZ,1,100,0.435
1766633916.127909,53998.000,6704,2,AZ,1,100,0.432
1766633916.167906,54038.000,6720,3,AZ,1,100,0.435
1766633916.207902,54078.000,6720,3,AZ,1,100,0.430
1766633916.247899,54118.000,6720,3,AZ,1,100,0.435
1766633916.287896,54158.000,6736,3,AZ,1,100,0.430
1766633916.327893,54198.000,6736,3,AZ,1,100,0.438
1766633916.367890,54238.000,6736,3,AZ,1,100,0.423
1766633916.407886,54278.000,6755,2,AZ,1,100,0.439
1766633916.447883,54318.000,6755,2,AZ,1,100,0.435
1766633916.487880,54358.000,6772,3,AZ,1,100,0.430
1766633916.527877,54398.000,6772,3,AZ,1,100,0.438
1766633916.567873,54438.000,6772,3,AZ,1,100,0.434
1766633916.607870,54478.000,6787,2,AZ,1,100,0.436
1766633916.647867,54518.000,6787,2,AZ,1,100,0.435
1766633916.687864,54558.000,6803,3,AZ,1,100,0.435
1766633916.727860,54598.000,6803,3,AZ,1,100,0.434
1766633916.767857,54638.000,6803,3,AZ,1,100,0.436
1766633916.807854,54678.000,6827,2,AZ,1,100,0.442
1766633916.847851,54718.000,6827,2,AZ,1,100,0.439
1766633916.887848,54758.000,6844,3,AZ,1,100,0.437
1766633916.927844,54798.000,6844,3,AZ,1,100,0.444
1766633916.967841,54838.000,6844,3,AZ,1,100,0.435
1766633917.003171,54873.333,6863,3,AZ,1,100,0.442
1766633917.038502,54908.667,6863,3,AZ,1,100,0.434
1766633917.073833,54944.000,6863,3,AZ,1,100,0.436
1766633917.113829,54984.000,6877,2,AZ,1,100,0.432
1766633917.153826,55024.000,6877,2,AZ,1,100,0.437
1766633917.193823,55064.000,6895,3,AZ,1,100,0.443
1766633917.233819,55104.000,6895,3,AZ,1,100,0.436
1766633917.273816,55144.000,6895,3,AZ,1,100,0.432
1766633917.313813,55184.000,6911,3,AZ,1,100,0.437
1766633917.353810,55224.000,6911,3,AZ,1,100,0.440
1766633917.393807,55264.000,6911,3,AZ,1,100,0.431
1766633917.433803,55304.000,6928,2,AZ,1,100,0.429
1766633917.473800,55344.000,6928,2,AZ,1,100,0.432
1766633917.513797,55384.000,6943,3,AZ,1,100,0.431
1766633917.553794,55424.000,6943,3,AZ,1,100,0.433
1766633917.593791,55464.000,6943,3,AZ,1,100,0.429
1766633917.633787,55504.000,6960,2,AZ,1,100,0.430
1766633917.673784,55544.000,6960,2,AZ,1,100,0.430
1766633917.713781,55584.000,6976,3,AZ,1,100,0.427
1766633917.753778,55624.000,6976,3,AZ,1,100,0.436
1766633917.793774,55664.000,6976,3,AZ,1,100,0.437
1766633917.829105,55699.333,6994,3,AZ,1,100,0.430
1766633917.864435,55734.667,6994,3,AZ,1,100,0.427
1766633917.899766,55770.000,6994,3,AZ,1,100,0.432
1766633917.940263,55810.500,7008,2,AZ,1,100,0.423
1766633917.980759,55851.000,7008,2,AZ,1,100,0.418
1766633918.020423,55890.667,7025,3,AZ,1,100,0.427
1766633918.060086,55930.333,7025,3,AZ,1,100,0.432
1766633918.099750,55970.000,7025,3,AZ,1,100,0.429
1766633918.140246,56010.500,7041,2,AZ,1,100,0.425
1766633918.180743,56051.000,7041,2,AZ,1,100,0.427
1766633918.220407,56090.667,7059,3,AZ,1,100,0.426
1766633918.260070,56130.333,7059,3,AZ,1,100,0.427
1766633918.299733,56170.000,7059,3,AZ,1,100,0.416
1766633918.339730,56210.000,7073,2,AZ,1,100,0.430
1766633918.379727,56250.000,7073,2,AZ,1,100,0.424
1766633918.419724,56290.000,7090,3,AZ,1,100,0.419
1766633918.459720,56330.000,7090,3,AZ,1,100,0.430
1766633918.499717,56370.000,7090,3,AZ,1,100,0.423
1766633918.539714,56410.000,7107,2,AZ,1,100,0.428
1766633918.579711,56450.000,7107,2,AZ,1,100,0.426
1766633918.615708,56486.000,7124,3,AZ,1,100,0.428
1766633918.651705,56522.000,7124,3,AZ,1,100,0.418
1766633918.687702,56558.000,7124,3,AZ,1,100,0.425
1766633918.727699,56598.000,7139,3,AZ,1,100,0.421
1766633918.767695,56638.000,7139,3,AZ,1,100,0.425
1766633918.807692,56678.000,7139,3,AZ,1,100,0.421
1766633918.847189,56717.500,7156,2,AZ,1,100,0.426
1766633918.886686,56757.000,7156,2,AZ,1,100,0.421
1766633918.926683,56797.000,7174,3,AZ,1,100,0.424
1766633918.966679,56837.000,7174,3,AZ,1,100,0.429
1766633919.006676,56877.000,7174,3,AZ,1,100,0.418
1766633919.046673,56917.000,7191,2,AZ,1,100,0.426
1766633919.086670,56957.000,7191,2,AZ,1,100,0.429
1766633919.126667,56997.000,7208,3,AZ,1,100,0.425
1766633919.166663,57037.000,7208,3,AZ,1,100,0.419
1766633919.206660,57077.000,7208,3,AZ,1,100,0.433
1766633919.246657,57117.000,7223,2,AZ,1,100,0.420
1766633919.286654,57157.000,7223,2,AZ,1,100,0.420
1766633919.326650,57197.000,7239,3,AZ,1,100,0.420
1766633919.366647,57237.000,7239,3,AZ,1,100,0.431
1766633919.406644,57277.000,7239,3,AZ,1,100,0.433
1766633919.446641,57317.000,7256,3,AZ,1,100,0.420
1766633919.486637,57357.000,7256,3,AZ,1,100,0.424
1766633919.526634,57397.000,7256,3,AZ,1,100,0.418
1766633919.560132,57430.500,7273,2,AZ,1,100,0.424
1766633919.593629,57464.000,7273,2,AZ,1,100,0.420
1766633919.633626,57504.000,7288,3,AZ,1,100,0.421
1766633919.673622,57544.000,7288,3,AZ,1,100,0.426
1766633919.713619,57584.000,7288,3,AZ,1,100,0.419
1766633919.753616,57624.000,7304,3,AZ,1,100,0.416
1766633919.793612,57664.000,7304,3,AZ,1,100,0.437
1766633919.833609,57704.000,7304,3,AZ,1,100,0.416
1766633919.873606,57744.000,7322,2,AZ,1,100,0.418
1766633919.913603,57784.000,7322,2,AZ,1,100,0.423
1766633919.953600,57824.000,7338,3,AZ,1,100,0.427
1766633919.993596,57864.000,7338,3,AZ,1,100,0.424
1766633920.033593,57904.000,7338,3,AZ,1,100,0.430
1766633920.073590,57944.000,7353,2,AZ,1,100,0.425
1766633920.113587,57984.000,7353,2,AZ,1,100,0.424
1766633920.153584,58024.000,7370,3,AZ,1,100,0.424
1766633920.193580,58064.000,7370,3,AZ,1,100,0.431
1766633920.233577,58104.000,7370,3,AZ,1,100,0.430
1766633920.269241,58139.667,7387,3,AZ,1,100,0.418
1766633920.304904,58175.333,7387,3,AZ,1,100,0.426
1766633920.340568,58211.000,7387,3,AZ,1,100,0.417
1766633920.380565,58251.000,7403,2,AZ,1,100,0.423
1766633920.420562,58291.000,7403,2,AZ,1,100,0.417
1766633920.460559,58331.000,7419,3,AZ,1,100,0.426
1766633920.500556,58371.000,7419,3,AZ,1,100,0.421
1766633920.540552,58411.000,7419,3,AZ,1,100,0.418
1766633920.580549,58451.000,7435,2,AZ,1,100,0.423
1766633920.620546,58491.000,7435,2,AZ,1,100,0.430
1766633920.660542,58531.000,7452,3,AZ,1,100,0.425
1766633920.700539,58571.000,7452,3,AZ,1,100,0.424
1766633920.740536,58611.000,7452,3,AZ,1,100,0.423
1766633920.780533,58651.000,7468,2,AZ,1,100,0.418
1766633920.820529,58691.000,7468,2,AZ,1,100,0.416
1766633920.860526,58731.000,7485,3,AZ,1,100,0.400
1766633920.900523,58771.000,7485,3,AZ,1,100,0.405
1766633920.940520,58811.000,7485,3,AZ,1,100,0.402
1766633920.980517,58851.000,7500,2,AZ,1,100,0.420
1766633921.020513,58891.000,7500,2,AZ,1,100,0.427
1766633921.060510,58931.000,7517,3,AZ,1,100,0.426
1766633921.100507,58971.000,7517,3,AZ,1,100,0.432
1766633921.140504,59011.000,7517,3,AZ,1,100,0.415
1766633921.175834,59046.333,7534,3,AZ,1,100,0.403
1766633921.211165,59081.667,7534,3,AZ,1,100,0.401
1766633921.246495,59117.000,7534,3,AZ,1,100,0.414
1766633921.286492,59157.000,7551,2,AZ,1,100,0.429
1766633921.326488,59197.000,7551,2,AZ,1,100,0.444
1766633921.366485,59237.000,7565,3,AZ,1,100,0.447
1766633921.406482,59277.000,7565,3,AZ,1,100,0.443
1766633921.446479,59317.000,7565,3,AZ,1,100,0.435
1766633921.486476,59357.000,7583,2,AZ,1,100,0.434
1766633921.526472,59397.000,7583,2,AZ,1,100,0.410
1766633921.566469,59437.000,7599,3,AZ,1,100,0.412
1766633921.606466,59477.000,7599,3,AZ,1,100,0.399
1766633921.646463,59517.000,7599,3,AZ,1,100,0.415
1766633921.686460,59557.000,7616,2,AZ,1,100,0.430
1766633921.726456,59597.000,7616,2,AZ,1,100,0.431
1766633921.766453,59637.000,7630,3,AZ,1,100,0.429
1766633921.806450,59677.000,7630,3,AZ,1,100,0.417
1766633921.846447,59717.000,7630,3,AZ,1,100,0.408
1766633921.886443,59757.000,7653,3,AZ,1,100,0.382
1766633921.926440,59797.000,7653,3,AZ,1,100,0.386
1766633921.966437,59837.000,7653,3,AZ,1,100,0.386
1766633922.002101,59872.667,7669,3,AZ,1,100,0.398
1766633922.037764,59908.333,7669,3,AZ,1,100,0.409
1766633922.073428,59944.000,7669,3,AZ,1,100,0.422
1766633922.112925,59983.500,7686,2,AZ,1,100,0.435
1766633922.152422,60023.000,7686,2,AZ,1,100,0.428
1766633922.192419,60063.000,7701,3,AZ,1,100,0.421
1766633922.232415,60103.000,7701,3,AZ,1,100,0.450
1766633922.272412,60143.000,7701,3,AZ,1,100,0.734
1766633922.312409,60183.000,7718,2,AZ,1,100,0.541
1766633922.352406,60223.000,7718,2,AZ,1,100,1.093
1766633922.392402,60263.000,7734,3,AZ,1,100,0.675
1766633922.432399,60303.000,7734,3,AZ,1,100,0.239
1766633922.472396,60343.000,7734,3,AZ,1,100,-0.021
1766633922.512393,60383.000,7752,2,AZ,1,100,-0.553
1766633922.552389,60423.000,7752,2,AZ,1,100,-0.475
1766633922.592386,60463.000,7767,3,AZ,1,100,-0.007
1766633922.632383,60503.000,7767,3,AZ,1,100,0.510
1766633922.672380,60543.000,7767,3,AZ,1,100,-0.658
1766633922.712377,60583.000,7785,2,AZ,1,100,-0.586
1766633922.752373,60623.000,7785,2,AZ,1,100,-0.575
1766633922.788370,60659.000,7802,3,AZ,1,100,-0.218
1766633922.824368,60695.000,7802,3,AZ,1,100,-0.089
1766633922.860365,60731.000,7802,3,AZ,1,100,0.031
1766633922.900361,60771.000,7819,3,AZ,1,100,-0.471
1766633922.940358,60811.000,7819,3,AZ,1,100,-0.194
1766633922.980355,60851.000,7819,3,AZ,1,100,0.371
1766633923.020352,60891.000,7835,2,AZ,1,100,0.292
1766633923.060349,60931.000,7835,2,AZ,1,100,0.445
1766633923.100345,60971.000,7850,3,AZ,1,100,0.500
1766633923.140342,61011.000,7850,3,AZ,1,100,0.288
1766633923.180339,61051.000,7850,3,AZ,1,100,0.079
1766633923.220335,61091.000,7867,2,AZ,1,100,0.244
1766633923.260332,61131.000,7867,2,AZ,1,100,-0.199
1766633923.300329,61171.000,7884,3,AZ,1,100,-0.054
1766633923.340326,61211.000,7884,3,AZ,1,100,-0.344
1766633923.380322,61251.000,7884,3,AZ,1,100,-0.012
1766633923.420319,61291.000,7900,2,AZ,1,100,-0.806
1766633923.460316,61331.000,7900,2,AZ,1,100,-1.104
1766633923.500313,61371.000,7916,3,AZ,1,100,-0.853
1766633923.540310,61411.000,7916,3,AZ,1,100,-0.646
1766633923.580306,61451.000,7916,3,AZ,1,100,-0.595
1766633923.620303,61491.000,7934,3,AZ,1,100,-0.323
1766633923.660300,61531.000,7934,3,AZ,1,100,0.265
1766633923.700297,61571.000,7934,3,AZ,1,100,-0.179
1766633923.733294,61604.000,7951,2,AZ,1,100,-0.674
1766633923.766291,61637.000,7951,2,AZ,1,100,-0.853
1766633923.806288,61677.000,7968,3,AZ,1,100,-0.475
1766633923.846285,61717.000,7968,3,AZ,1,100,0.127
1766633923.886281,61757.000,7968,3,AZ,1,100,0.001
1766633923.926278,61797.000,7985,2,AZ,1,100,-1.123
1766633923.966275,61837.000,7985,2,AZ,1,100,-0.971
1766633924.006272,61877.000,8001,3,AZ,1,100,-1.687
1766633924.046269,61917.000,8001,3,AZ,1,100,-0.528
1766633924.086265,61957.000,8001,3,AZ,1,100,-0.187
1766633924.126262,61997.000,8018,3,AZ,1,100,-0.463
1766633924.166259,62037.000,8018,3,AZ,1,100,0.046
1766633924.206256,62077.000,8018,3,AZ,1,100,0.136
1766633924.246253,62117.000,8035,2,AZ,1,100,-0.227
1766633924.286249,62157.000,8035,2,AZ,1,100,-1.313
1766633924.326246,62197.000,8050,3,AZ,1,100,-0.980
1766633924.366243,62237.000,8050,3,AZ,1,100,-0.289
1766633924.406240,62277.000,8050,3,AZ,1,100,-0.849
1766633924.446236,62317.000,8066,2,AZ,1,100,0.265
1766633924.486233,62357.000,8066,2,AZ,1,100,-0.044
1766633924.521897,62392.667,8086,3,AZ,1,100,-0.311
1766633924.557561,62428.333,8086,3,AZ,1,100,-0.015
1766633924.593225,62464.000,8086,3,AZ,1,100,-0.355
1766633924.633221,62504.000,8103,3,AZ,1,100,-1.129
1766633924.673218,62544.000,8103,3,AZ,1,100,-0.552
1766633924.713215,62584.000,8103,3,AZ,1,100,-1.433
1766633924.753211,62624.000,8119,2,AZ,1,100,0.130
1766633924.793208,62664.000,8119,2,AZ,1,100,0.406
1766633924.833205,62704.000,8137,3,AZ,1,100,-0.371
1766633924.873202,62744.000,8137,3,AZ,1,100,-0.121
1766633924.913198,62784.000,8137,3,AZ,1,100,0.057
1766633924.953195,62824.000,8154,2,AZ,1,100,-0.639
1766633924.993192,62864.000,8154,2,AZ,1,100,-0.681
1766633925.033189,62904.000,8170,3,AZ,1,100,-1.446
1766633925.073186,62944.000,8170,3,AZ,1,100,-0.340
1766633925.113182,62984.000,8170,3,AZ,1,100,-0.072
1766633925.153179,63024.000,8190,2,AZ,1,100,0.281
1766633925.193176,63064.000,8190,2,AZ,1,100,0.144
1766633925.233173,63104.000,8204,3,AZ,1,100,0.245
1766633925.273170,63144.000,8204,3,AZ,1,100,0.500
1766633925.313166,63184.000,8204,3,AZ,1,100,-0.318
1766633925.348497,63219.333,8221,3,AZ,1,100,-0.364
1766633925.383827,63254.667,8221,3,AZ,1,100,0.174
1766633925.419158,63290.000,8221,3,AZ,1,100,0.010
1766633925.459154,63330.000,8239,2,AZ,1,100,0.353
1766633925.499151,63370.000,8239,2,AZ,1,100,0.288
1766633925.539148,63410.000,8257,3,AZ,1,100,-0.326
1766633925.579145,63450.000,8257,3,AZ,1,100,-0.338
1766633925.619142,63490.000,8257,3,AZ,1,100,-1.348
1766633925.659138,63530.000,8271,2,AZ,1,100,0.029
1766633925.699135,63570.000,8271,2,AZ,1,100,1.260
1766633925.739132,63610.000,8290,3,AZ,1,100,-0.207
1766633925.779129,63650.000,8290,3,AZ,1,100,0.846
1766633925.819125,63690.000,8290,3,AZ,1,100,0.943
1766633925.859122,63730.000,8307,2,AZ,1,100,0.028
1766633925.899119,63770.000,8307,2,AZ,1,100,-1.124
1766633925.939116,63810.000,8324,3,AZ,1,100,-1.016
1766633925.979112,63850.000,8324,3,AZ,1,100,0.510
1766633926.019109,63890.000,8324,3,AZ,1,100,1.423
1766633926.059106,63930.000,8340,2,AZ,1,100,-0.052
1766633926.099103,63970.000,8340,2,AZ,1,100,0.362
1766633926.134433,64005.333,8360,3,AZ,1,100,-0.027
1766633926.169764,64040.667,8360,3,AZ,1,100,0.180
1766633926.205094,64076.000,8360,3,AZ,1,100,-0.377
1766633926.245091,64116.000,8376,3,AZ,1,100,-0.252
1766633926.285088,64156.000,8376,3,AZ,1,100,-0.088
1766633926.325084,64196.000,8376,3,AZ,1,100,-0.154
1766633926.365081,64236.000,8393,2,AZ,1,100,0.065
1766633926.405078,64276.000,8393,2,AZ,1,100,-0.278
1766633926.445075,64316.000,8409,3,AZ,1,100,-0.391
1766633926.485071,64356.000,8409,3,AZ,1,100,-0.372
1766633926.525068,64396.000,8409,3,AZ,1,100,-0.282
1766633926.565065,64436.000,8429,2,AZ,1,100,-0.463
1766633926.605062,64476.000,8429,2,AZ,1,100,-0.381
1766633926.645059,64516.000,8445,3,AZ,1,100,-0.310
1766633926.685055,64556.000,8445,3,AZ,1,100,-0.310
1766633926.725052,64596.000,8445,3,AZ,1,100,-0.291
1766633926.765049,64636.000,8462,3,AZ,1,100,-0.241
1766633926.805046,64676.000,8462,3,AZ,1,100,-0.184
1766633926.845042,64716.000,8462,3,AZ,1,100,-0.238
1766633926.885039,64756.000,8478,2,AZ,1,100,-0.254
1766633926.925036,64796.000,8478,2,AZ,1,100,-0.305
1766633926.961033,64832.000,8494,3,AZ,1,100,-0.284
1766633926.997030,64868.000,8494,3,AZ,1,100,-0.266
1766633927.033027,64904.000,8494,3,AZ,1,100,-0.385
1766633927.073024,64944.000,8515,3,AZ,1,100,-0.431
1766633927.113021,64984.000,8515,3,AZ,1,100,-0.292
1766633927.153018,65024.000,8515,3,AZ,1,100,-0.292
1766633927.193014,65064.000,8533,2,AZ,1,100,-0.198
1766633927.233011,65104.000,8533,2,AZ,1,100,-0.208
1766633927.273008,65144.000,8549,3,AZ,1,100,-0.146
1766633927.313004,65184.000,8549,3,AZ,1,100,0.078
1766633927.353001,65224.000,8549,3,AZ,1,100,0.436
1766633927.392998,65264.000,8564,2,AZ,1,100,0.459
1766633927.432995,65304.000,8564,2,AZ,1,100,0.184
1766633927.472991,65344.000,8581,3,AZ,1,100,-0.098
1766633927.512988,65384.000,8581,3,AZ,1,100,-0.099
1766633927.552985,65424.000,8581,3,AZ,1,100,-0.058
1766633927.592982,65464.000,8598,2,AZ,1,100,0.008
1766633927.632979,65504.000,8598,2,AZ,1,100,0.079
1766633927.672975,65544.000,8614,3,AZ,1,100,0.133
1766633927.712972,65584.000,8614,3,AZ,1,100,0.113
1766633927.752969,65624.000,8614,3,AZ,1,100,-0.032
1766633927.792966,65664.000,8629,2,AZ,1,100,-0.058
1766633927.832963,65704.000,8629,2,AZ,1,100,-0.172
1766633927.868293,65739.333,8646,3,AZ,1,100,-0.364
1766633927.903623,65774.667,8646,3,AZ,1,100,-0.543
1766633927.938954,65810.000,8646,3,AZ,1,100,-0.407
1766633927.978617,65849.667,8663,3,AZ,1,100,-0.125
1766633928.018281,65889.333,8663,3,AZ,1,100,0.166
1766633928.057944,65929.000,8663,3,AZ,1,100,0.228
1766633928.097941,65969.000,8679,2,AZ,1,100,0.417
1766633928.137938,66009.000,8679,2,AZ,1,100,0.415
1766633928.177935,66049.000,8695,3,AZ,1,100,0.485
1766633928.217931,66089.000,8695,3,AZ,1,100,-0.044
1766633928.257928,66129.000,8695,3,AZ,1,100,-0.091
1766633928.297925,66169.000,8711,2,AZ,1,100,0.759
1766633928.337922,66209.000,8711,2,AZ,1,100,1.203
1766633928.377918,66249.000,8728,3,AZ,1,100,0.728
1766633928.417915,66289.000,8728,3,AZ,1,100,0.630
1766633928.457912,66329.000,8728,3,AZ,1,100,0.604
1766633928.498409,66369.500,8745,2,AZ,1,100,0.612
1766633928.538905,66410.000,8745,2,AZ,1,100,0.713
1766633928.578902,66450.000,8760,3,AZ,1,100,0.582
1766633928.618899,66490.000,8760,3,AZ,1,100,0.456
1766633928.658896,66530.000,8760,3,AZ,1,100,0.073
1766633928.694559,66565.667,8776,3,AZ,1,100,0.068
1766633928.730223,66601.333,8776,3,AZ,1,100,0.058
1766633928.765887,66637.000,8776,3,AZ,1,100,0.056
1766633928.805884,66677.000,8795,2,AZ,1,100,0.059
1766633928.845881,66717.000,8795,2,AZ,1,100,0.088
1766633928.885877,66757.000,8814,3,AZ,1,100,-0.005
1766633928.925874,66797.000,8814,3,AZ,1,100,0.135
1766633928.965871,66837.000,8814,3,AZ,1,100,0.329
1766633929.005868,66877.000,8830,2,AZ,1,100,0.646
1766633929.045864,66917.000,8830,2,AZ,1,100,0.999
1766633929.085861,66957.000,8845,3,AZ,1,100,0.953
1766633929.125858,66997.000,8845,3,AZ,1,100,1.127
1766633929.165855,67037.000,8845,3,AZ,1,100,1.399
1766633929.205851,67077.000,8863,3,AZ,1,100,1.464
1766633929.245848,67117.000,8863,3,AZ,1,100,1.560
1766633929.285845,67157.000,8863,3,AZ,1,100,1.394
1766633929.325842,67197.000,8879,2,AZ,1,100,1.206
1766633929.365839,67237.000,8879,2,AZ,1,100,0.284
1766633929.405835,67277.000,8896,3,AZ,1,100,-0.492
1766633929.445832,67317.000,8896,3,AZ,1,100,-0.533
1766633929.485829,67357.000,8896,3,AZ,1,100,-0.085
1766633929.518826,67390.000,8911,2,AZ,1,100,0.226
1766633929.551823,67423.000,8911,2,AZ,1,100,0.307
1766633929.591820,67463.000,8928,3,AZ,1,100,0.300
1766633929.631817,67503.000,8928,3,AZ,1,100,0.064
1766633929.671814,67543.000,8928,3,AZ,1,100,-0.159
1766633929.711811,67583.000,8946,3,AZ,1,100,-0.528
1766633929.751807,67623.000,8946,3,AZ,1,100,0.337
1766633929.791804,67663.000,8946,3,AZ,1,100,1.104
1766633929.831801,67703.000,8964,2,AZ,1,100,1.514
1766633929.871798,67743.000,8964,2,AZ,1,100,1.715
1766633929.911794,67783.000,8978,3,AZ,1,100,1.382
1766633929.951791,67823.000,8978,3,AZ,1,100,1.284
1766633929.991788,67863.000,8978,3,AZ,1,100,1.458
1766633930.031785,67903.000,8995,2,AZ,1,100,0.933
1766633930.071781,67943.000,8995,2,AZ,1,100,0.646
1766633930.111778,67983.000,9011,3,AZ,1,100,0.851
1766633930.151775,68023.000,9011,3,AZ,1,100,0.521
1766633930.191772,68063.000,9011,3,AZ,1,100,0.323
1766633930.231768,68103.000,9031,2,AZ,1,100,0.542
1766633930.271765,68143.000,9031,2,AZ,1,100,0.385
1766633930.307096,68178.333,9045,3,AZ,1,100,0.358
1766633930.342426,68213.667,9045,3,AZ,1,100,0.368
1766633930.377757,68249.000,9045,3,AZ,1,100,0.397
1766633930.418087,68289.333,9062,3,AZ,1,100,0.383
1766633930.458417,68329.667,9062,3,AZ,1,100,0.406
1766633930.498747,68370.000,9062,3,AZ,1,100,0.368
1766633930.538244,68409.500,9079,2,AZ,1,100,0.389
1766633930.577740,68449.000,9079,2,AZ,1,100,0.510
1766633930.617737,68489.000,9096,3,AZ,1,100,0.657
1766633930.657734,68529.000,9096,3,AZ,1,100,0.817
1766633930.697731,68569.000,9096,3,AZ,1,100,1.269
1766633930.737728,68609.000,9110,2,AZ,1,100,1.637
1766633930.777724,68649.000,9110,2,AZ,1,100,1.000
1766633930.817721,68689.000,9128,3,AZ,1,100,0.712
1766633930.857718,68729.000,9128,3,AZ,1,100,0.722
1766633930.897715,68769.000,9128,3,AZ,1,100,0.550
1766633930.937711,68809.000,9144,2,AZ,1,100,0.438
1766633930.977708,68849.000,9144,2,AZ,1,100,0.574
1766633931.017705,68889.000,9163,3,AZ,1,100,0.605
1766633931.057702,68929.000,9163,3,AZ,1,100,0.745
1766633931.097698,68969.000,9163,3,AZ,1,100,0.802
1766633931.133696,69005.000,9178,3,AZ,1,100,0.662
1766633931.169693,69041.000,9178,3,AZ,1,100,0.897
1766633931.205690,69077.000,9178,3,AZ,1,100,0.777
1766633931.245687,69117.000,9195,2,AZ,1,100,0.534
1766633931.285683,69157.000,9195,2,AZ,1,100,0.293
1766633931.325347,69196.667,9211,3,AZ,1,100,0.263
1766633931.365010,69236.333,9211,3,AZ,1,100,0.374
1766633931.404674,69276.000,9211,3,AZ,1,100,0.408
1766633931.444670,69316.000,9230,2,AZ,1,100,0.453
1766633931.484667,69356.000,9230,2,AZ,1,100,0.437
1766633931.524997,69396.333,9247,3,AZ,1,100,0.508
1766633931.565327,69436.667,9247,3,AZ,1,100,0.654
1766633931.605657,69477.000,9247,3,AZ,1,100,0.810
1766633931.645654,69517.000,9262,2,AZ,1,100,0.793
1766633931.685651,69557.000,9262,2,AZ,1,100,0.953
1766633931.725648,69597.000,9278,3,AZ,1,100,0.877
1766633931.765644,69637.000,9278,3,AZ,1,100,0.743
1766633931.805641,69677.000,9278,3,AZ,1,100,0.577
1766633931.845638,69717.000,9296,3,AZ,1,100,0.563
1766633931.885635,69757.000,9296,3,AZ,1,100,0.459
1766633931.925632,69797.000,9296,3,AZ,1,100,0.306
1766633931.965128,69836.500,9312,2,AZ,1,100,0.145
1766633932.004625,69876.000,9312,2,AZ,1,100,0.162
1766633932.039956,69911.333,9329,3,AZ,1,100,0.504
1766633932.075286,69946.667,9329,3,AZ,1,100,0.963
1766633932.110616,69982.000,9329,3,AZ,1,100,1.052
1766633932.150613,70022.000,9350,4,AZ,1,100,0.807
1766633932.190610,70062.000,9350,4,AZ,1,100,0.545
1766633932.230607,70102.000,9350,4,AZ,1,100,0.427
1766633932.270604,70142.000,9350,4,AZ,1,100,0.431
1766633932.310600,70182.000,9364,3,AZ,1,100,0.454
1766633932.350597,70222.000,9364,3,AZ,1,100,0.472
1766633932.390594,70262.000,9364,3,AZ,1,100,0.456
1766633932.430591,70302.000,9381,2,AZ,1,100,0.452
1766633932.470587,70342.000,9381,2,AZ,1,100,0.442
1766633932.510584,70382.000,9398,3,AZ,1,100,0.518
1766633932.550581,70422.000,9398,3,AZ,1,100,0.631
1766633932.590578,70462.000,9398,3,AZ,1,100,0.610
1766633932.630574,70502.000,9417,3,AZ,1,100,0.479
1766633932.670571,70542.000,9417,3,AZ,1,100,0.451
1766633932.710568,70582.000,9417,3,AZ,1,100,0.450
1766633932.750565,70622.000,9433,2,AZ,1,100,0.526
1766633932.790561,70662.000,9433,2,AZ,1,100,0.535
1766633932.826225,70697.667,9449,3,AZ,1,100,0.459
1766633932.861889,70733.333,9449,3,AZ,1,100,0.439
1766633932.897553,70769.000,9449,3,AZ,1,100,0.404
1766633932.937550,70809.000,9467,3,AZ,1,100,0.405
1766633932.977546,70849.000,9467,3,AZ,1,100,0.478
1766633933.017543,70889.000,9467,3,AZ,1,100,0.526
1766633933.057540,70929.000,9484,2,AZ,1,100,0.610
1766633933.097537,70969.000,9484,2,AZ,1,100,0.785
1766633933.137533,71009.000,9501,3,AZ,1,100,0.620
1766633933.177530,71049.000,9501,3,AZ,1,100,0.563
1766633933.217527,71089.000,9501,3,AZ,1,100,0.544
1766633933.257524,71129.000,9516,2,AZ,1,100,0.504
1766633933.297521,71169.000,9516,2,AZ,1,100,0.521
1766633933.337517,71209.000,9532,3,AZ,1,100,0.525
1766633933.377514,71249.000,9532,3,AZ,1,100,0.573
1766633933.417511,71289.000,9532,3,AZ,1,100,0.536
1766633933.458008,71329.500,9549,2,AZ,1,100,0.358
1766633933.498504,71370.000,9549,2,AZ,1,100,0.397
1766633933.538501,71410.000,9566,3,AZ,1,100,0.561
1766633933.578498,71450.000,9566,3,AZ,1,100,0.939
1766633933.618495,71490.000,9566,3,AZ,1,100,0.713
1766633933.653825,71525.333,9581,3,AZ,1,100,0.422
1766633933.689156,71560.667,9581,3,AZ,1,100,0.182
1766633933.724486,71596.000,9581,3,AZ,1,100,0.123
1766633933.764483,71636.000,9599,2,AZ,1,100,0.058
1766633933.804480,71676.000,9599,2,AZ,1,100,0.385
1766633933.844476,71716.000,9617,3,AZ,1,100,0.156
1766633933.884473,71756.000,9617,3,AZ,1,100,0.007
1766633933.924470,71796.000,9617,3,AZ,1,100,-0.035
1766633933.964467,71836.000,9635,2,AZ,1,100,-0.177
1766633934.004463,71876.000,9635,2,AZ,1,100,0.028
1766633934.044460,71916.000,9650,3,AZ,1,100,0.249
1766633934.084457,71956.000,9650,3,AZ,1,100,-1.135
1766633934.124454,71996.000,9650,3,AZ,1,100,-0.557
1766633934.164450,72036.000,9667,2,AZ,1,100,0.697
1766633934.204447,72076.000,9667,2,AZ,1,100,0.641
1766633934.244444,72116.000,9686,3,AZ,1,100,-0.281
1766633934.284441,72156.000,9686,3,AZ,1,100,-0.050
1766633934.324438,72196.000,9686,3,AZ,1,100,-1.232
1766633934.364434,72236.000,9702,2,AZ,1,100,0.437
1766633934.404431,72276.000,9702,2,AZ,1,100,0.020
1766633934.444428,72316.000,9718,3,AZ,1,100,0.532
1766633934.484425,72356.000,9718,3,AZ,1,100,0.491
1766633934.524421,72396.000,9718,3,AZ,1,100,0.196
1766633934.559752,72431.333,9737,3,AZ,1,100,-2.309
1766633934.595082,72466.667,9737,3,AZ,1,100,-0.210
1766633934.630413,72502.000,9737,3,AZ,1,100,0.639
1766633934.670409,72542.000,9754,2,AZ,1,100,-0.325
1766633934.710406,72582.000,9754,2,AZ,1,100,0.391
1766633934.750403,72622.000,9771,3,AZ,1,100,0.401
1766633934.790400,72662.000,9771,3,AZ,1,100,-2.045
1766633934.830397,72702.000,9771,3,AZ,1,100,-0.792
1766633934.870393,72742.000,9790,2,AZ,1,100,-0.468
1766633934.910390,72782.000,9790,2,AZ,1,100,0.746
1766633934.950387,72822.000,9805,3,AZ,1,100,-0.815
1766633934.990384,72862.000,9805,3,AZ,1,100,1.091
1766633935.030380,72902.000,9805,3,AZ,1,100,0.583
1766633935.070377,72942.000,9823,3,AZ,1,100,-0.520
1766633935.110374,72982.000,9823,3,AZ,1,100,-2.417
1766633935.150371,73022.000,9823,3,AZ,1,100,-0.321
1766633935.190367,73062.000,9840,2,AZ,1,100,0.196
1766633935.230364,73102.000,9840,2,AZ,1,100,-0.590
1766633935.270361,73142.000,9861,3,AZ,1,100,0.591
1766633935.310358,73182.000,9861,3,AZ,1,100,0.182
1766633935.350354,73222.000,9861,3,AZ,1,100,-1.228
1766633935.386018,73257.667,9875,3,AZ,1,100,-2.276
1766633935.421682,73293.333,9875,3,AZ,1,100,-0.217
1766633935.457346,73329.000,9875,3,AZ,1,100,-0.118
1766633935.497343,73369.000,9895,2,AZ,1,100,-0.681
1766633935.537339,73409.000,9895,2,AZ,1,100,0.743
1766633935.577336,73449.000,9914,3,AZ,1,100,0.281
1766633935.617333,73489.000,9914,3,AZ,1,100,-0.832
1766633935.657330,73529.000,9914,3,AZ,1,100,-1.754
1766633935.697326,73569.000,9933,2,AZ,1,100,-0.288
1766633935.737323,73609.000,9933,2,AZ,1,100,0.455
1766633935.777320,73649.000,9947,3,AZ,1,100,0.557
1766633935.817317,73689.000,9947,3,AZ,1,100,-0.818
1766633935.857314,73729.000,9947,3,AZ,1,100,0.692
1766633935.897310,73769.000,9967,2,AZ,1,100,0.583
1766633935.937307,73809.000,9967,2,AZ,1,100,-1.878
1766633935.977304,73849.000,9983,3,AZ,1,100,-0.666
1766633936.017301,73889.000,9983,3,AZ,1,100,0.425
1766633936.057297,73929.000,9983,3,AZ,1,100,-0.167
1766633936.097294,73969.000,10002,2,AZ,1,100,-0.935
1766633936.137291,74009.000,10002,2,AZ,1,100,0.145
1766633936.172621,74044.333,10018,3,AZ,1,100,0.585
1766633936.207952,74079.667,10018,3,AZ,1,100,-0.823
1766633936.243282,74115.000,10018,3,AZ,1,100,-1.819
1766633936.283279,74155.000,10035,3,AZ,1,100,0.126
1766633936.323276,74195.000,10035,3,AZ,1,100,0.613
1766633936.363273,74235.000,10035,3,AZ,1,100,-0.679
1766633936.403269,74275.000,10053,2,AZ,1,100,0.127
1766633936.443266,74315.000,10053,2,AZ,1,100,0.902
1766633936.483263,74355.000,10071,3,AZ,1,100,0.389
1766633936.523260,74395.000,10071,3,AZ,1,100,-0.826
1766633936.563257,74435.000,10071,3,AZ,1,100,-0.154
1766633936.603253,74475.000,10088,2,AZ,1,100,0.684
1766633936.643250,74515.000,10088,2,AZ,1,100,0.101
1766633936.683247,74555.000,10104,3,AZ,1,100,-0.650
1766633936.723243,74595.000,10104,3,AZ,1,100,0.424
1766633936.763240,74635.000,10104,3,AZ,1,100,0.419
1766633936.803237,74675.000,10120,2,AZ,1,100,-1.679
1766633936.843234,74715.000,10120,2,AZ,1,100,-0.564
1766633936.883231,74755.000,10138,3,AZ,1,100,0.619
1766633936.923227,74795.000,10138,3,AZ,1,100,0.019
1766633936.963224,74835.000,10138,3,AZ,1,100,-1.205
1766633936.998888,74870.667,10154,3,AZ,1,100,0.120
1766633937.034552,74906.333,10154,3,AZ,1,100,0.521
1766633937.070215,74942.000,10154,3,AZ,1,100,-2.579
1766633937.110212,74982.000,10170,2,AZ,1,100,-0.233
1766633937.150209,75022.000,10170,2,AZ,1,100,0.048
1766633937.190206,75062.000,10189,3,AZ,1,100,-0.684
1766633937.230202,75102.000,10189,3,AZ,1,100,-0.070
1766633937.270199,75142.000,10189,3,AZ,1,100,1.051
1766633937.310196,75182.000,10215,3,AZ,1,100,-0.419
1766633937.350193,75222.000,10215,3,AZ,1,100,-0.714
1766633937.390190,75262.000,10215,3,AZ,1,100,0.396
1766633937.430186,75302.000,10231,2,AZ,1,100,0.278
1766633937.470183,75342.000,10231,2,AZ,1,100,-1.315
1766633937.510180,75382.000,10249,3,AZ,1,100,-0.335
1766633937.550177,75422.000,10249,3,AZ,1,100,0.045
1766633937.590173,75462.000,10249,3,AZ,1,100,-2.716
1766633937.630170,75502.000,10265,2,AZ,1,100,-1.743
1766633937.670167,75542.000,10265,2,AZ,1,100,-0.681
1766633937.710164,75582.000,10282,3,AZ,1,100,0.149
1766633937.750160,75622.000,10282,3,AZ,1,100,-1.817
1766633937.790157,75662.000,10282,3,AZ,1,100,0.127
1766633937.825821,75697.667,10301,3,AZ,1,100,-0.380
1766633937.861485,75733.333,10301,3,AZ,1,100,-0.593
1766633937.897149,75769.000,10301,3,AZ,1,100,-2.744
1766633937.937145,75809.000,10317,2,AZ,1,100,-0.594
1766633937.977142,75849.000,10317,2,AZ,1,100,-0.032
1766633938.017139,75889.000,10336,3,AZ,1,100,-1.376
1766633938.057136,75929.000,10336,3,AZ,1,100,-0.906
1766633938.097132,75969.000,10336,3,AZ,1,100,-0.285
1766633938.137129,76009.000,10353,2,AZ,1,100,-2.294
1766633938.177126,76049.000,10353,2,AZ,1,100,-1.233
1766633938.217123,76089.000,10370,3,AZ,1,100,-0.747
1766633938.257119,76129.000,10370,3,AZ,1,100,-2.432
1766633938.297116,76169.000,10370,3,AZ,1,100,0.719
1766633938.336613,76208.500,10386,2,AZ,1,100,0.905
1766633938.376110,76248.000,10386,2,AZ,1,100,-2.330
1766633938.416440,76288.333,10401,3,AZ,1,100,-2.187
1766633938.456770,76328.667,10401,3,AZ,1,100,-0.974
1766633938.497100,76369.000,10401,3,AZ,1,100,-0.326
1766633938.537097,76409.000,10421,3,AZ,1,100,-1.885
1766633938.577094,76449.000,10421,3,AZ,1,100,0.280
1766633938.617090,76489.000,10421,3,AZ,1,100,-0.673
1766633938.656587,76528.500,10437,2,AZ,1,100,-0.667
1766633938.696084,76568.000,10437,2,AZ,1,100,-1.247
1766633938.731748,76603.667,10454,3,AZ,1,100,0.417
1766633938.767411,76639.333,10454,3,AZ,1,100,-1.453
1766633938.803075,76675.000,10454,3,AZ,1,100,0.625
1766633938.843072,76715.000,10471,2,AZ,1,100,-1.678
1766633938.883069,76755.000,10471,2,AZ,1,100,-1.709
1766633938.923066,76795.000,10490,3,AZ,1,100,-0.463
1766633938.963062,76835.000,10490,3,AZ,1,100,0.188
1766633939.003059,76875.000,10490,3,AZ,1,100,0.229
1766633939.043056,76915.000,10509,3,AZ,1,100,-0.723
1766633939.083053,76955.000,10509,3,AZ,1,100,-0.721
1766633939.123049,76995.000,10509,3,AZ,1,100,-0.316
1766633939.163046,77035.000,10527,2,AZ,1,100,-1.498
1766633939.203043,77075.000,10527,2,AZ,1,100,0.297
1766633939.243040,77115.000,10541,3,AZ,1,100,0.212
1766633939.283036,77155.000,10541,3,AZ,1,100,-0.722
1766633939.323033,77195.000,10541,3,AZ,1,100,0.737
1766633939.363030,77235.000,10562,2,AZ,1,100,0.494
1766633939.403027,77275.000,10562,2,AZ,1,100,0.145
1766633939.443024,77315.000,10578,3,AZ,1,100,-1.221
1766633939.483020,77355.000,10578,3,AZ,1,100,-0.473
1766633939.523017,77395.000,10578,3,AZ,1,100,0.073
1766633939.558681,77430.667,10598,3,AZ,1,100,0.499
1766633939.594345,77466.333,10598,3,AZ,1,100,-0.065
1766633939.630008,77502.000,10598,3,AZ,1,100,0.023
1766633939.670005,77542.000,10613,2,AZ,1,100,-0.553
1766633939.710002,77582.000,10613,2,AZ,1,100,-1.723
1766633939.749999,77622.000,10630,3,AZ,1,100,-0.263
1766633939.789995,77662.000,10630,3,AZ,1,100,0.128
1766633939.829992,77702.000,10630,3,AZ,1,100,0.550
1766633939.869989,77742.000,10647,2,AZ,1,100,-1.112
1766633939.909986,77782.000,10647,2,AZ,1,100,0.215
1766633939.949983,77822.000,10664,3,AZ,1,100,-0.061
1766633939.989979,77862.000,10664,3,AZ,1,100,-1.875
1766633940.029976,77902.000,10664,3,AZ,1,100,-0.731
1766633940.069973,77942.000,10678,2,AZ,1,100,0.412
1766633940.109970,77982.000,10678,2,AZ,1,100,-0.997
1766633940.150300,78022.333,10696,3,AZ,1,100,0.458
1766633940.190630,78062.667,10696,3,AZ,1,100,0.175
1766633940.230960,78103.000,10696,3,AZ,1,100,-2.664
1766633940.270457,78142.500,10714,2,AZ,1,100,-1.093
1766633940.309953,78182.000,10714,2,AZ,1,100,-0.925
1766633940.345284,78217.333,10731,3,AZ,1,100,-0.231
1766633940.380615,78252.667,10731,3,AZ,1,100,0.285
1766633940.415945,78288.000,10731,3,AZ,1,100,-0.780
1766633940.455942,78328.000,10748,3,AZ,1,100,-0.566
1766633940.495939,78368.000,10748,3,AZ,1,100,-0.688
1766633940.535935,78408.000,10748,3,AZ,1,100,-2.077
1766633940.575932,78448.000,10765,2,AZ,1,100,-0.620
1766633940.615929,78488.000,10765,2,AZ,1,100,0.281
1766633940.655926,78528.000,10781,3,AZ,1,100,0.552
1766633940.695922,78568.000,10781,3,AZ,1,100,0.350
1766633940.735919,78608.000,10781,3,AZ,1,100,0.228
1766633940.775916,78648.000,10798,2,AZ,1,100,0.237
1766633940.815912,78688.000,10798,2,AZ,1,100,0.286
1766633940.855909,78728.000,10815,3,AZ,1,100,0.309
1766633940.895906,78768.000,10815,3,AZ,1,100,0.271
1766633940.935903,78808.000,10815,3,AZ,1,100,0.239
1766633940.975900,78848.000,10830,2,AZ,1,100,0.158
1766633941.015896,78888.000,10830,2,AZ,1,100,0.065
1766633941.055893,78928.000,10846,3,AZ,1,100,0.072
1766633941.095890,78968.000,10846,3,AZ,1,100,0.024
1766633941.135887,79008.000,10846,3,AZ,1,100,-0.017
1766633941.175884,79048.000,10864,3,AZ,1,100,-0.106
1766633941.215880,79088.000,10864,3,AZ,1,100,-0.060
1766633941.255877,79128.000,10864,3,AZ,1,100,0.007
1766633941.289374,79161.500,10880,2,AZ,1,100,-0.089
1766633941.322871,79195.000,10880,2,AZ,1,100,-0.078
1766633941.362868,79235.000,10895,3,AZ,1,100,-0.072
1766633941.402865,79275.000,10895,3,AZ,1,100,-0.062
1766633941.442862,79315.000,10895,3,AZ,1,100,-0.048
1766633941.482859,79355.000,10912,3,AZ,1,100,-0.062
1766633941.522855,79395.000,10912,3,AZ,1,100,-0.066
1766633941.562852,79435.000,10912,3,AZ,1,100,-0.083
1766633941.602849,79475.000,10929,2,AZ,1,100,-0.092
1766633941.642846,79515.000,10929,2,AZ,1,100,-0.085
1766633941.682842,79555.000,10945,3,AZ,1,100,-0.049
1766633941.722839,79595.000,10945,3,AZ,1,100,-0.040
1766633941.762836,79635.000,10945,3,AZ,1,100,-0.062
1766633941.802833,79675.000,10962,2,AZ,1,100,-0.041
1766633941.842829,79715.000,10962,2,AZ,1,100,-0.078
1766633941.882826,79755.000,10979,3,AZ,1,100,-0.129
1766633941.922823,79795.000,10979,3,AZ,1,100,-0.106
1766633941.962820,79835.000,10979,3,AZ,1,100,-0.066
1766633941.998484,79870.667,10996,3,AZ,1,100,-0.060
1766633942.034147,79906.333,10996,3,AZ,1,100,-0.087
1766633942.069811,79942.000,10996,3,AZ,1,100,0.018
1766633942.109808,79982.000,11012,2,AZ,1,100,-0.044
1766633942.149805,80022.000,11012,2,AZ,1,100,-0.186
1766633942.189801,80062.000,11028,3,AZ,1,100,-0.683
1766633942.229798,80102.000,11028,3,AZ,1,100,-1.303
1766633942.269795,80142.000,11028,3,AZ,1,100,-0.466
1766633942.309792,80182.000,11044,2,AZ,1,100,0.516
1766633942.349788,80222.000,11044,2,AZ,1,100,0.901
1766633942.389785,80262.000,11066,3,AZ,1,100,-1.440
1766633942.429782,80302.000,11066,3,AZ,1,100,0.042
1766633942.469779,80342.000,11066,3,AZ,1,100,-1.345
1766633942.509776,80382.000,11083,3,AZ,1,100,0.626
1766633942.549772,80422.000,11083,3,AZ,1,100,0.497
1766633942.589769,80462.000,11083,3,AZ,1,100,0.998
1766633942.629766,80502.000,11100,2,AZ,1,100,-0.401
1766633942.669763,80542.000,11100,2,AZ,1,100,-1.561
1766633942.709759,80582.000,11116,3,AZ,1,100,-0.786
1766633942.749756,80622.000,11116,3,AZ,1,100,-0.706
1766633942.789753,80662.000,11116,3,AZ,1,100,-0.467
1766633942.829750,80702.000,11134,2,AZ,1,100,-0.414
1766633942.869746,80742.000,11134,2,AZ,1,100,-0.479
1766633942.905077,80777.333,11150,3,AZ,1,100,-0.528
1766633942.940408,80812.667,11150,3,AZ,1,100,-0.438
1766633942.975738,80848.000,11150,3,AZ,1,100,-0.368
1766633943.015735,80888.000,11167,3,AZ,1,100,-0.280
1766633943.055732,80928.000,11167,3,AZ,1,100,-0.241
1766633943.095728,80968.000,11167,3,AZ,1,100,-0.235
1766633943.135725,81008.000,11181,2,AZ,1,100,-0.266
1766633943.175722,81048.000,11181,2,AZ,1,100,-0.311
1766633943.215719,81088.000,11201,3,AZ,1,100,-0.302
1766633943.255715,81128.000,11201,3,AZ,1,100,-0.288
1766633943.295712,81168.000,11201,3,AZ,1,100,-0.298
1766633943.335709,81208.000,11217,2,AZ,1,100,-0.300
1766633943.375705,81248.000,11217,2,AZ,1,100,-0.277
1766633943.415702,81288.000,11234,3,AZ,1,100,-0.255
1766633943.455699,81328.000,11234,3,AZ,1,100,-0.276
1766633943.495696,81368.000,11234,3,AZ,1,100,-0.311
1766633943.535693,81408.000,11249,2,AZ,1,100,-0.328
1766633943.575689,81448.000,11249,2,AZ,1,100,-0.298
1766633943.615686,81488.000,11266,3,AZ,1,100,-0.299
1766633943.655683,81528.000,11266,3,AZ,1,100,-0.299
1766633943.695680,81568.000,11266,3,AZ,1,100,-0.294
1766633943.731344,81603.667,11282,3,AZ,1,100,-0.260
1766633943.767007,81639.333,11282,3,AZ,1,100,-0.271
1766633943.802671,81675.000,11282,3,AZ,1,100,-0.262
1766633943.842668,81715.000,11300,2,AZ,1,100,-0.302
1766633943.882665,81755.000,11300,2,AZ,1,100,-0.330
1766633943.922661,81795.000,11317,3,AZ,1,100,-0.332
1766633943.962658,81835.000,11317,3,AZ,1,100,-0.322
1766633944.002655,81875.000,11317,3,AZ,1,100,-0.322
1766633944.042652,81915.000,11333,2,AZ,1,100,-0.332
1766633944.082648,81955.000,11333,2,AZ,1,100,-0.300
1766633944.122645,81995.000,11350,3,AZ,1,100,-0.295
1766633944.162642,82035.000,11350,3,AZ,1,100,-0.304
1766633944.202639,82075.000,11350,3,AZ,1,100,-0.285
1766633944.242635,82115.000,11367,2,AZ,1,100,-0.293
1766633944.282632,82155.000,11367,2,AZ,1,100,-0.278
1766633944.322629,82195.000,11383,3,AZ,1,100,-0.267
1766633944.362626,82235.000,11383,3,AZ,1,100,-0.320
1766633944.402622,82275.000,11383,3,AZ,1,100,-0.344
1766633944.442619,82315.000,11398,2,AZ,1,100,-0.325
1766633944.482616,82355.000,11398,2,AZ,1,100,-0.314
1766633944.522613,82395.000,11415,3,AZ,1,100,-0.293
1766633944.562610,82435.000,11415,3,AZ,1,100,-0.305
1766633944.602606,82475.000,11415,3,AZ,1,100,-0.291
1766633944.637937,82510.333,11432,3,AZ,1,100,-0.266
1766633944.673267,82545.667,11432,3,AZ,1,100,-0.275
1766633944.708598,82581.000,11432,3,AZ,1,100,-0.304
1766633944.748595,82621.000,11448,2,AZ,1,100,-0.343
1766633944.788591,82661.000,11448,2,AZ,1,100,-0.351
1766633944.828921,82701.333,11464,3,AZ,1,100,-0.316
1766633944.869251,82741.667,11464,3,AZ,1,100,-0.307
1766633944.909581,82782.000,11464,3,AZ,1,100,-0.299
1766633944.949245,82821.667,11480,3,AZ,1,100,-0.285
1766633944.988909,82861.333,11480,3,AZ,1,100,-0.261
1766633945.028572,82901.000,11480,3,AZ,1,100,-0.266
1766633945.068569,82941.000,11497,2,AZ,1,100,-0.282
1766633945.108565,82981.000,11497,2,AZ,1,100,-0.305
1766633945.148562,83021.000,11514,3,AZ,1,100,-0.319
1766633945.188559,83061.000,11514,3,AZ,1,100,-0.318
1766633945.228556,83101.000,11514,3,AZ,1,100,-0.313
1766633945.268553,83141.000,11529,2,AZ,1,100,-0.303
1766633945.308549,83181.000,11529,2,AZ,1,100,-0.298
1766633945.348546,83221.000,11545,3,AZ,1,100,-0.285
1766633945.388543,83261.000,11545,3,AZ,1,100,-0.283
1766633945.428540,83301.000,11545,3,AZ,1,100,-0.275
1766633945.464203,83336.667,11562,3,AZ,1,100,-0.288
1766633945.499867,83372.333,11562,3,AZ,1,100,-0.300
1766633945.535531,83408.000,11562,3,AZ,1,100,-0.293
1766633945.575528,83448.000,11579,2,AZ,1,100,-0.303
1766633945.615525,83488.000,11579,2,AZ,1,100,-0.309
1766633945.655521,83528.000,11594,3,AZ,1,100,-0.292
1766633945.695518,83568.000,11594,3,AZ,1,100,-0.289
1766633945.735515,83608.000,11594,3,AZ,1,100,-0.285
1766633945.775512,83648.000,11610,2,AZ,1,100,-0.303
1766633945.815508,83688.000,11610,2,AZ,1,100,-0.295
1766633945.855505,83728.000,11628,3,AZ,1,100,-0.296
1766633945.895502,83768.000,11628,3,AZ,1,100,-0.304
1766633945.935498,83808.000,11628,3,AZ,1,100,-0.304
1766633945.975495,83848.000,11644,2,AZ,1,100,-0.303
1766633946.015492,83888.000,11644,2,AZ,1,100,-0.301
1766633946.055489,83928.000,11660,3,AZ,1,100,-0.304
1766633946.095486,83968.000,11660,3,AZ,1,100,-0.303
1766633946.135482,84008.000,11660,3,AZ,1,100,-0.302
1766633946.171146,84043.667,11676,3,AZ,1,100,-0.309
1766633946.206810,84079.333,11676,3,AZ,1,100,-0.303
1766633946.242474,84115.000,11676,3,AZ,1,100,-0.306
1766633946.282470,84155.000,11693,2,AZ,1,100,-0.305
1766633946.322467,84195.000,11693,2,AZ,1,100,-0.308
1766633946.362464,84235.000,11709,3,AZ,1,100,-0.301
1766633946.402461,84275.000,11709,3,AZ,1,100,-0.306
1766633946.442458,84315.000,11709,3,AZ,1,100,-0.306
1766633946.482454,84355.000,11727,2,AZ,1,100,-0.313
1766633946.522451,84395.000,11727,2,AZ,1,100,-0.298
1766633946.562448,84435.000,11741,3,AZ,1,100,-0.316
1766633946.602445,84475.000,11741,3,AZ,1,100,-0.301
1766633946.642441,84515.000,11741,3,AZ,1,100,-0.310
1766633946.682438,84555.000,11758,2,AZ,1,100,-0.307
1766633946.722435,84595.000,11758,2,AZ,1,100,-0.307
1766633946.762432,84635.000,11774,3,AZ,1,100,-0.312
1766633946.802428,84675.000,11774,3,AZ,1,100,-0.315
1766633946.842425,84715.000,11774,3,AZ,1,100,-0.312
1766633946.882422,84755.000,11792,2,AZ,1,100,-0.324
1766633946.922419,84795.000,11792,2,AZ,1,100,-0.314
1766633946.962415,84835.000,11806,3,AZ,1,100,-0.313
1766633947.002412,84875.000,11806,3,AZ,1,100,-0.312
1766633947.042409,84915.000,11806,3,AZ,1,100,-0.313
1766633947.077739,84950.333,11823,3,AZ,1,100,-0.320
1766633947.113070,84985.667,11823,3,AZ,1,100,-0.323
1766633947.148401,85021.000,11823,3,AZ,1,100,-0.316
1766633947.188397,85061.000,11840,2,AZ,1,100,-0.320
1766633947.228394,85101.000,11840,2,AZ,1,100,-0.310
1766633947.268391,85141.000,11857,3,AZ,1,100,-0.313
1766633947.308388,85181.000,11857,3,AZ,1,100,-0.314
1766633947.348384,85221.000,11857,3,AZ,1,100,-0.316
1766633947.388381,85261.000,11871,2,AZ,1,100,-0.307
1766633947.428378,85301.000,11871,2,AZ,1,100,-0.315
1766633947.468374,85341.000,11894,4,AZ,1,100,-0.315
1766633947.508371,85381.000,11894,4,AZ,1,100,-0.308
1766633947.548368,85421.000,11894,4,AZ,1,100,-0.315
1766633947.588365,85461.000,11894,4,AZ,1,100,-0.305
1766633947.628362,85501.000,11910,2,AZ,1,100,-0.308
1766633947.668358,85541.000,11910,2,AZ,1,100,-0.303
1766633947.708355,85581.000,11927,3,AZ,1,100,-0.304
1766633947.748352,85621.000,11927,3,AZ,1,100,-0.313
1766633947.788349,85661.000,11927,3,AZ,1,100,-0.302
1766633947.828346,85701.000,11944,2,AZ,1,100,-0.297
1766633947.868342,85741.000,11944,2,AZ,1,100,-0.308
1766633947.904006,85776.667,11959,3,AZ,1,100,-0.308
1766633947.939670,85812.333,11959,3,AZ,1,100,-0.311
1766633947.975334,85848.000,11959,3,AZ,1,100,-0.305
1766633948.014997,85887.667,11975,3,AZ,1,100,-0.310
1766633948.054661,85927.333,11975,3,AZ,1,100,-0.297
1766633948.094324,85967.000,11975,3,AZ,1,100,-0.296
1766633948.134821,86007.500,11992,2,AZ,1,100,-0.298
1766633948.175318,86048.000,11992,2,AZ,1,100,-0.300
1766633948.215314,86088.000,12009,3,AZ,1,100,-0.302
1766633948.255311,86128.000,12009,3,AZ,1,100,-0.303
1766633948.295308,86168.000,12009,3,AZ,1,100,-0.305
1766633948.335304,86208.000,12024,2,AZ,1,100,-0.309
1766633948.375301,86248.000,12024,2,AZ,1,100,-0.295
1766633948.415298,86288.000,12040,3,AZ,1,100,-0.303
1766633948.455295,86328.000,12040,3,AZ,1,100,-0.305
1766633948.495291,86368.000,12040,3,AZ,1,100,-0.306
1766633948.535288,86408.000,12058,2,AZ,1,100,-0.298
1766633948.575285,86448.000,12058,2,AZ,1,100,-0.292
1766633948.615282,86488.000,12074,3,AZ,1,100,-0.301
1766633948.655279,86528.000,12074,3,AZ,1,100,-0.303
1766633948.695275,86568.000,12074,3,AZ,1,100,-0.302
1766633948.730606,86603.333,12089,3,AZ,1,100,-0.302
1766633948.765936,86638.667,12089,3,AZ,1,100,-0.298
1766633948.801267,86674.000,12089,3,AZ,1,100,-0.306
1766633948.841264,86714.000,12106,2,AZ,1,100,-0.305
1766633948.881260,86754.000,12106,2,AZ,1,100,-0.307
1766633948.921257,86794.000,12125,3,AZ,1,100,-0.298
1766633948.961254,86834.000,12125,3,AZ,1,100,-0.303
1766633949.001251,86874.000,12125,3,AZ,1,100,-0.304
1766633949.041247,86914.000,12141,2,AZ,1,100,-0.301
1766633949.081244,86954.000,12141,2,AZ,1,100,-0.301
1766633949.121241,86994.000,12157,3,AZ,1,100,-0.308
1766633949.161238,87034.000,12157,3,AZ,1,100,-0.305
1766633949.201235,87074.000,12157,3,AZ,1,100,-0.312
1766633949.241231,87114.000,12173,2,AZ,1,100,-0.310
1766633949.281228,87154.000,12173,2,AZ,1,100,-0.300
1766633949.321225,87194.000,12190,3,AZ,1,100,-0.313
1766633949.361222,87234.000,12190,3,AZ,1,100,-0.310
1766633949.401218,87274.000,12190,3,AZ,1,100,-0.309
1766633949.441215,87314.000,12206,2,AZ,1,100,-0.301
1766633949.481212,87354.000,12206,2,AZ,1,100,-0.308
1766633949.521209,87394.000,12224,3,AZ,1,100,-0.313
1766633949.561205,87434.000,12224,3,AZ,1,100,-0.315
1766633949.601202,87474.000,12224,3,AZ,1,100,-0.311
1766633949.636866,87509.667,12238,3,AZ,1,100,-0.311
1766633949.672530,87545.333,12238,3,AZ,1,100,-0.312
1766633949.708194,87581.000,12238,3,AZ,1,100,-0.316
1766633949.748190,87621.000,12255,2,AZ,1,100,-0.320
1766633949.788187,87661.000,12255,2,AZ,1,100,-0.323
1766633949.828184,87701.000,12272,3,AZ,1,100,-0.317
1766633949.868181,87741.000,12272,3,AZ,1,100,-0.319
1766633949.908177,87781.000,12272,3,AZ,1,100,-0.314
1766633949.948174,87821.000,12289,2,AZ,1,100,-0.323
1766633949.988171,87861.000,12289,2,AZ,1,100,-0.328
1766633950.028167,87901.000,12303,3,AZ,1,100,-0.323
1766633950.068164,87941.000,12303,3,AZ,1,100,-0.323
1766633950.108161,87981.000,12303,3,AZ,1,100,-0.321
1766633950.148158,88021.000,12321,3,AZ,1,100,-0.321
1766633950.188155,88061.000,12321,3,AZ,1,100,-0.327
1766633950.228151,88101.000,12321,3,AZ,1,100,-0.332
1766633950.268148,88141.000,12337,2,AZ,1,100,-0.317
1766633950.308145,88181.000,12337,2,AZ,1,100,-0.321
1766633950.343809,88216.667,12354,3,AZ,1,100,-0.329
1766633950.379472,88252.333,12354,3,AZ,1,100,-0.327
1766633950.415136,88288.000,12354,3,AZ,1,100,-0.317
1766633950.455133,88328.000,12368,2,AZ,1,100,-0.324
1766633950.495130,88368.000,12368,2,AZ,1,100,-0.326
1766633950.535127,88408.000,12386,3,AZ,1,100,-0.332
1766633950.575123,88448.000,12386,3,AZ,1,100,-0.320
1766633950.615120,88488.000,12386,3,AZ,1,100,-0.320
1766633950.655117,88528.000,12402,3,AZ,1,100,-0.327
1766633950.695114,88568.000,12402,3,AZ,1,100,-0.322
1766633950.735111,88608.000,12402,3,AZ,1,100,-0.320
1766633950.775107,88648.000,12419,2,AZ,1,100,-0.321
1766633950.815104,88688.000,12419,2,AZ,1,100,-0.319
1766633950.855101,88728.000,12434,3,AZ,1,100,-0.317
1766633950.895097,88768.000,12434,3,AZ,1,100,-0.321
1766633950.935094,88808.000,12434,3,AZ,1,100,-0.319
1766633950.975091,88848.000,12451,2,AZ,1,100,-0.318
1766633951.015088,88888.000,12451,2,AZ,1,100,-0.308
1766633951.055084,88928.000,12467,3,AZ,1,100,-0.325
1766633951.095081,88968.000,12467,3,AZ,1,100,-0.314
1766633951.135078,89008.000,12467,3,AZ,1,100,-0.316
1766633951.175075,89048.000,12485,2,AZ,1,100,-0.305
1766633951.215072,89088.000,12485,2,AZ,1,100,-0.312
1766633951.250402,89123.333,12500,3,AZ,1,100,-0.320
1766633951.285733,89158.667,12500,3,AZ,1,100,-0.317
1766633951.321063,89194.000,12500,3,AZ,1,100,-0.307
1766633951.361060,89234.000,12516,3,AZ,1,100,-0.305
1766633951.401057,89274.000,12516,3,AZ,1,100,-0.321
1766633951.441053,89314.000,12516,3,AZ,1,100,-0.329
1766633951.481050,89354.000,12533,2,AZ,1,100,-0.315
1766633951.521047,89394.000,12533,2,AZ,1,100,-0.314
1766633951.561044,89434.000,12550,3,AZ,1,100,-0.313
1766633951.601040,89474.000,12550,3,AZ,1,100,-0.314
1766633951.641037,89514.000,12550,3,AZ,1,100,-0.309
1766633951.681034,89554.000,12566,2,AZ,1,100,-0.309
1766633951.721031,89594.000,12566,2,AZ,1,100,-0.310
1766633951.761028,89634.000,12581,3,AZ,1,100,-0.318
1766633951.801024,89674.000,12581,3,AZ,1,100,-0.311
1766633951.841021,89714.000,12581,3,AZ,1,100,-0.314
1766633951.881018,89754.000,12598,2,AZ,1,100,-0.307
1766633951.921015,89794.000,12598,2,AZ,1,100,-0.317
1766633951.961011,89834.000,12615,3,AZ,1,100,-0.313
1766633952.001008,89874.000,12615,3,AZ,1,100,-0.313
1766633952.041005,89914.000,12615,3,AZ,1,100,-0.307
1766633952.076335,89949.333,12631,3,AZ,1,100,-0.313
1766633952.111666,89984.667,12631,3,AZ,1,100,-0.323
1766633952.146996,90020.000,12631,3,AZ,1,100,-0.311
1766633952.186993,90060.000,12647,2,AZ,1,100,-0.315
1766633952.226990,90100.000,12647,2,AZ,1,100,-0.314
1766633952.266987,90140.000,12663,3,AZ,1,100,-0.315
1766633952.306983,90180.000,12663,3,AZ,1,100,-0.316
1766633952.346980,90220.000,12663,3,AZ,1,100,-0.308
1766633952.386977,90260.000,12680,2,AZ,1,100,-0.317
1766633952.426974,90300.000,12680,2,AZ,1,100,-0.316
1766633952.466970,90340.000,12697,3,AZ,1,100,-0.323
1766633952.506967,90380.000,12697,3,AZ,1,100,-0.315
1766633952.546964,90420.000,12697,3,AZ,1,100,-0.313
1766633952.586961,90460.000,12717,2,AZ,1,100,-0.316
1766633952.626957,90500.000,12717,2,AZ,1,100,-0.325
1766633952.666954,90540.000,12733,3,AZ,1,100,-0.328
1766633952.706951,90580.000,12733,3,AZ,1,100,-0.322
1766633952.746948,90620.000,12733,3,AZ,1,100,-0.322
1766633952.786944,90660.000,12750,3,AZ,1,100,-0.319
1766633952.826941,90700.000,12750,3,AZ,1,100,-0.327
1766633952.866938,90740.000,12750,3,AZ,1,100,-0.321
1766633952.900935,90774.000,12767,2,AZ,1,100,-0.327
1766633952.934932,90808.000,12767,2,AZ,1,100,-0.332
1766633952.974596,90847.667,12782,3,AZ,1,100,-0.332
1766633953.014259,90887.333,12782,3,AZ,1,100,-0.329
1766633953.053923,90927.000,12782,3,AZ,1,100,-0.334
1766633953.093920,90967.000,12798,2,AZ,1,100,-0.329
1766633953.133916,91007.000,12798,2,AZ,1,100,-0.329
1766633953.173913,91047.000,12816,3,AZ,1,100,-0.331
1766633953.213910,91087.000,12816,3,AZ,1,100,-0.339
1766633953.253907,91127.000,12816,3,AZ,1,100,-0.338
1766633953.293904,91167.000,12832,3,AZ,1,100,-0.333
1766633953.333900,91207.000,12832,3,AZ,1,100,-0.336
1766633953.373897,91247.000,12832,3,AZ,1,100,-0.328
1766633953.413894,91287.000,12848,2,AZ,1,100,-0.333
1766633953.453891,91327.000,12848,2,AZ,1,100,-0.333
1766633953.493887,91367.000,12864,3,AZ,1,100,-0.340
1766633953.533884,91407.000,12864,3,AZ,1,100,-0.338
1766633953.573881,91447.000,12864,3,AZ,1,100,-0.335
1766633953.613878,91487.000,12881,2,AZ,1,100,-0.332
1766633953.653874,91527.000,12881,2,AZ,1,100,-0.332
1766633953.693871,91567.000,12897,3,AZ,1,100,-0.330
1766633953.733868,91607.000,12897,3,AZ,1,100,-0.338
1766633953.773865,91647.000,12897,3,AZ,1,100,-0.326
1766633953.809529,91682.667,12915,3,AZ,1,100,-0.325
1766633953.845192,91718.333,12915,3,AZ,1,100,-0.330
1766633953.880856,91754.000,12915,3,AZ,1,100,-0.328
1766633953.920853,91794.000,12931,2,AZ,1,100,-0.330
1766633953.960850,91834.000,12931,2,AZ,1,100,-0.327
1766633954.000846,91874.000,12948,3,AZ,1,100,-0.312
1766633954.040843,91914.000,12948,3,AZ,1,100,-0.323
1766633954.080840,91954.000,12948,3,AZ,1,100,-0.336
1766633954.120837,91994.000,12964,2,AZ,1,100,-0.331
1766633954.160833,92034.000,12964,2,AZ,1,100,-0.324
1766633954.200497,92073.667,12982,3,AZ,1,100,-0.326
1766633954.240160,92113.333,12982,3,AZ,1,100,-0.317
1766633954.279824,92153.000,12982,3,AZ,1,100,-0.324
1766633954.320321,92193.500,12996,2,AZ,1,100,-0.325
1766633954.360817,92234.000,12996,2,AZ,1,100,-0.328
1766633954.400814,92274.000,13013,3,AZ,1,100,-0.324
1766633954.440811,92314.000,13013,3,AZ,1,100,-0.325
1766633954.480808,92354.000,13013,3,AZ,1,100,-0.318
1766633954.520804,92394.000,13030,3,AZ,1,100,-0.326
1766633954.560801,92434.000,13030,3,AZ,1,100,-0.322
1766633954.600798,92474.000,13030,3,AZ,1,100,-0.322
1766633954.634295,92507.500,13047,2,AZ,1,100,-0.312
1766633954.667792,92541.000,13047,2,AZ,1,100,-0.328
1766633954.707789,92581.000,13061,3,AZ,1,100,-0.320
1766633954.747786,92621.000,13061,3,AZ,1,100,-0.315
1766633954.787783,92661.000,13061,3,AZ,1,100,-0.318
1766633954.827780,92701.000,13079,2,AZ,1,100,-0.325
1766633954.867776,92741.000,13079,2,AZ,1,100,-0.326
1766633954.907773,92781.000,13095,3,AZ,1,100,-0.317
1766633954.947770,92821.000,13095,3,AZ,1,100,-0.315
1766633954.987767,92861.000,13095,3,AZ,1,100,-0.323
1766633955.027763,92901.000,13112,2,AZ,1,100,-0.328
1766633955.067760,92941.000,13112,2,AZ,1,100,-0.322
1766633955.107757,92981.000,13126,3,AZ,1,100,-0.318
1766633955.147753,93021.000,13126,3,AZ,1,100,-0.325
1766633955.187750,93061.000,13126,3,AZ,1,100,-0.319
1766633955.227747,93101.000,13144,3,AZ,1,100,-0.316
1766633955.267744,93141.000,13144,3,AZ,1,100,-0.317
1766633955.307741,93181.000,13144,3,AZ,1,100,-0.322
1766633955.347737,93221.000,13160,2,AZ,1,100,-0.323
1766633955.387734,93261.000,13160,2,AZ,1,100,-0.322
1766633955.423065,93296.333,13177,3,AZ,1,100,-0.318
1766633955.458395,93331.667,13177,3,AZ,1,100,-0.315
1766633955.493726,93367.000,13177,3,AZ,1,100,-0.324
1766633955.533722,93407.000,13194,3,AZ,1,100,-0.323
1766633955.573719,93447.000,13194,3,AZ,1,100,-0.323
1766633955.613716,93487.000,13194,3,AZ,1,100,-0.315
1766633955.653713,93527.000,13209,2,AZ,1,100,-0.317
1766633955.693709,93567.000,13209,2,AZ,1,100,-0.336
1766633955.733706,93607.000,13225,3,AZ,1,100,-0.341
1766633955.773703,93647.000,13225,3,AZ,1,100,-0.489
1766633955.813700,93687.000,13225,3,AZ,1,100,-0.283
1766633955.853697,93727.000,13243,2,AZ,1,100,-0.589
1766633955.893693,93767.000,13243,2,AZ,1,100,-0.657
1766633955.933690,93807.000,13259,3,AZ,1,100,0.613
1766633955.973687,93847.000,13259,3,AZ,1,100,0.645
1766633956.013684,93887.000,13259,3,AZ,1,100,0.505
1766633956.053680,93927.000,13274,2,AZ,1,100,0.479
1766633956.093677,93967.000,13274,2,AZ,1,100,0.453
1766633956.133674,94007.000,13293,3,AZ,1,100,0.207
1766633956.173671,94047.000,13293,3,AZ,1,100,-0.027
1766633956.213667,94087.000,13293,3,AZ,1,100,-0.281
1766633956.248998,94122.333,13310,3,AZ,1,100,-0.625
1766633956.284328,94157.667,13310,3,AZ,1,100,-0.085
1766633956.319659,94193.000,13310,3,AZ,1,100,0.240
1766633956.359656,94233.000,13326,2,AZ,1,100,-0.189
1766633956.399652,94273.000,13326,2,AZ,1,100,-0.681
1766633956.439649,94313.000,13341,3,AZ,1,100,-0.113
1766633956.479646,94353.000,13341,3,AZ,1,100,0.375
1766633956.519643,94393.000,13341,3,AZ,1,100,0.576
1766633956.559639,94433.000,13358,2,AZ,1,100,0.268
1766633956.599636,94473.000,13358,2,AZ,1,100,-0.255
1766633956.639633,94513.000,13375,3,AZ,1,100,-0.912
1766633956.679630,94553.000,13375,3,AZ,1,100,-0.072
1766633956.719626,94593.000,13375,3,AZ,1,100,0.388
1766633956.759623,94633.000,13391,2,AZ,1,100,-0.686
1766633956.799620,94673.000,13391,2,AZ,1,100,-0.987
1766633956.839617,94713.000,13409,3,AZ,1,100,-0.458
1766633956.879614,94753.000,13409,3,AZ,1,100,0.299
1766633956.919610,94793.000,13409,3,AZ,1,100,0.475
1766633956.959607,94833.000,13425,3,AZ,1,100,-0.774
1766633956.999604,94873.000,13425,3,AZ,1,100,-0.498
1766633957.039601,94913.000,13425,3,AZ,1,100,-0.202
1766633957.073598,94947.000,13442,2,AZ,1,100,-0.201
1766633957.107595,94981.000,13442,2,AZ,1,100,-0.198
1766633957.147592,95021.000,13461,3,AZ,1,100,-0.194
1766633957.187589,95061.000,13461,3,AZ,1,100,-0.214
1766633957.227585,95101.000,13461,3,AZ,1,100,-0.240
1766633957.267582,95141.000,13477,2,AZ,1,100,-0.208
1766633957.307579,95181.000,13477,2,AZ,1,100,-0.221
1766633957.347576,95221.000,13494,3,AZ,1,100,-0.204
1766633957.387573,95261.000,13494,3,AZ,1,100,-0.213
1766633957.427569,95301.000,13494,3,AZ,1,100,-0.230
1766633957.467566,95341.000,13511,2,AZ,1,100,-0.207
1766633957.507563,95381.000,13511,2,AZ,1,100,-0.196
1766633957.547226,95420.667,13528,3,AZ,1,100,-0.203
1766633957.586890,95460.333,13528,3,AZ,1,100,-0.198
1766633957.626553,95500.000,13528,3,AZ,1,100,-0.202
1766633957.666883,95540.333,13545,3,AZ,1,100,-0.209
1766633957.707213,95580.667,13545,3,AZ,1,100,-0.200
1766633957.747543,95621.000,13545,3,AZ,1,100,-0.214
1766633957.787040,95660.500,13564,2,AZ,1,100,-0.211
1766633957.826537,95700.000,13564,2,AZ,1,100,-0.214
1766633957.866534,95740.000,13582,3,AZ,1,100,-0.194
1766633957.906530,95780.000,13582,3,AZ,1,100,-0.205
1766633957.946527,95820.000,13582,3,AZ,1,100,-0.195
1766633957.980025,95853.500,13598,2,AZ,1,100,-0.199
1766633958.013522,95887.000,13598,2,AZ,1,100,-0.217
1766633958.053185,95926.667,13615,3,AZ,1,100,-0.213
1766633958.092849,95966.333,13615,3,AZ,1,100,-0.213
1766633958.132512,96006.000,13615,3,AZ,1,100,-0.208
1766633958.172509,96046.000,13630,3,AZ,1,100,-0.203
1766633958.212506,96086.000,13630,3,AZ,1,100,-0.203
1766633958.252502,96126.000,13630,3,AZ,1,100,-0.213
1766633958.292499,96166.000,13647,2,AZ,1,100,-0.222
1766633958.332496,96206.000,13647,2,AZ,1,100,-0.212
1766633958.372493,96246.000,13663,3,AZ,1,100,-0.205
1766633958.412490,96286.000,13663,3,AZ,1,100,-0.197
1766633958.452486,96326.000,13663,3,AZ,1,100,-0.218
1766633958.492983,96366.500,13683,2,AZ,1,100,-0.217
1766633958.533480,96407.000,13683,2,AZ,1,100,-0.223
1766633958.573143,96446.667,13697,3,AZ,1,100,-0.214
1766633958.612807,96486.333,13697,3,AZ,1,100,-0.223
1766633958.652470,96526.000,13697,3,AZ,1,100,-0.222
1766633958.692967,96566.500,13714,2,AZ,1,100,-0.209
1766633958.733464,96607.000,13714,2,AZ,1,100,-0.215
1766633958.769127,96642.667,13730,3,AZ,1,100,-0.214
1766633958.804791,96678.333,13730,3,AZ,1,100,-0.223
1766633958.840455,96714.000,13730,3,AZ,1,100,-0.234
1766633958.880452,96754.000,13750,3,AZ,1,100,-0.227
1766633958.920449,96794.000,13750,3,AZ,1,100,-0.234
1766633958.960445,96834.000,13750,3,AZ,1,100,-0.233
1766633959.000442,96874.000,13764,2,AZ,1,100,-0.218
1766633959.040439,96914.000,13764,2,AZ,1,100,-0.232
1766633959.080436,96954.000,13781,3,AZ,1,100,-0.226
1766633959.120432,96994.000,13781,3,AZ,1,100,-0.240
1766633959.160429,97034.000,13781,3,AZ,1,100,-0.233
1766633959.200426,97074.000,13798,2,AZ,1,100,-0.237
1766633959.240423,97114.000,13798,2,AZ,1,100,-0.237
1766633959.280419,97154.000,13815,3,AZ,1,100,-0.236
1766633959.320416,97194.000,13815,3,AZ,1,100,-0.233
1766633959.360413,97234.000,13815,3,AZ,1,100,-0.235
1766633959.400410,97274.000,13829,2,AZ,1,100,-0.234
1766633959.440407,97314.000,13829,2,AZ,1,100,-0.243
1766633959.480403,97354.000,13847,3,AZ,1,100,-0.258
1766633959.520400,97394.000,13847,3,AZ,1,100,-0.246
1766633959.560397,97434.000,13847,3,AZ,1,100,-0.262
1766633959.595727,97469.333,13863,3,AZ,1,100,-0.269
1766633959.631058,97504.667,13863,3,AZ,1,100,-0.224
1766633959.666388,97540.000,13863,3,AZ,1,100,-0.272
1766633959.706385,97580.000,13880,2,AZ,1,100,0.113
1766633959.746382,97620.000,13880,2,AZ,1,100,-0.120
1766633959.786378,97660.000,13897,3,AZ,1,100,-0.339
1766633959.826375,97700.000,13897,3,AZ,1,100,-1.503
1766633959.866372,97740.000,13897,3,AZ,1,100,-0.408
1766633959.906369,97780.000,13914,2,AZ,1,100,0.099
1766633959.946366,97820.000,13914,2,AZ,1,100,0.242
1766633959.986362,97860.000,13930,3,AZ,1,100,-0.966
1766633960.026359,97900.000,13930,3,AZ,1,100,-0.134
1766633960.066356,97940.000,13930,3,AZ,1,100,-0.167
1766633960.106353,97980.000,13947,2,AZ,1,100,0.329
1766633960.146349,98020.000,13947,2,AZ,1,100,-0.094
1766633960.186346,98060.000,13964,3,AZ,1,100,-0.466
1766633960.226343,98100.000,13964,3,AZ,1,100,-0.325
1766633960.266340,98140.000,13964,3,AZ,1,100,-0.302
1766633960.306336,98180.000,13979,2,AZ,1,100,-0.368
1766633960.346333,98220.000,13979,2,AZ,1,100,-0.329
1766633960.386330,98260.000,13995,3,AZ,1,100,-0.319
1766633960.426327,98300.000,13995,3,AZ,1,100,-0.339
1766633960.466323,98340.000,13995,3,AZ,1,100,-0.315
1766633960.501654,98375.333,14013,3,AZ,1,100,-0.306
1766633960.536984,98410.667,14013,3,AZ,1,100,-0.282
1766633960.572315,98446.000,14013,3,AZ,1,100,-0.305
1766633960.612312,98486.000,14031,2,AZ,1,100,-0.299
1766633960.652308,98526.000,14031,2,AZ,1,100,-0.308
1766633960.692305,98566.000,14046,3,AZ,1,100,-0.307
1766633960.732302,98606.000,14046,3,AZ,1,100,-0.306
1766633960.772299,98646.000,14046,3,AZ,1,100,-0.294
1766633960.812295,98686.000,14063,3,AZ,1,100,-0.282
1766633960.852292,98726.000,14063,3,AZ,1,100,-0.282
1766633960.892289,98766.000,14063,3,AZ,1,100,-0.283
1766633960.932286,98806.000,14080,2,AZ,1,100,-0.306
1766633960.972283,98846.000,14080,2,AZ,1,100,-0.318
1766633961.012279,98886.000,14096,3,AZ,1,100,-0.312
1766633961.052276,98926.000,14096,3,AZ,1,100,-0.298
1766633961.092273,98966.000,14096,3,AZ,1,100,-0.288
1766633961.132270,99006.000,14111,2,AZ,1,100,-0.270
1766633961.172266,99046.000,14111,2,AZ,1,100,-0.281
1766633961.212263,99086.000,14128,3,AZ,1,100,-0.294
1766633961.252260,99126.000,14128,3,AZ,1,100,-0.315
1766633961.292257,99166.000,14128,3,AZ,1,100,-0.330
1766633961.325754,99199.500,14145,2,AZ,1,100,-0.325
1766633961.359251,99233.000,14145,2,AZ,1,100,-0.323
1766633961.399581,99273.333,14161,3,AZ,1,100,-0.295
1766633961.439911,99313.667,14161,3,AZ,1,100,-0.294
1766633961.480242,99354.000,14161,3,AZ,1,100,-0.276
1766633961.520238,99394.000,14177,3,AZ,1,100,-0.284
1766633961.560235,99434.000,14177,3,AZ,1,100,-0.294
1766633961.600232,99474.000,14177,3,AZ,1,100,-0.304
1766633961.640229,99514.000,14193,2,AZ,1,100,-0.320
1766633961.680225,99554.000,14193,2,AZ,1,100,-0.338
1766633961.719889,99593.667,14210,3,AZ,1,100,-0.333
1766633961.759552,99633.333,14210,3,AZ,1,100,-0.325
1766633961.799216,99673.000,14210,3,AZ,1,100,-0.299
1766633961.839212,99713.000,14227,2,AZ,1,100,-0.312
1766633961.879209,99753.000,14227,2,AZ,1,100,-0.325
1766633961.919206,99793.000,14243,3,AZ,1,100,-0.316
1766633961.959203,99833.000,14243,3,AZ,1,100,-0.308
1766633961.999200,99873.000,14243,3,AZ,1,100,-0.308
1766633962.039196,99913.000,14258,2,AZ,1,100,-0.301
1766633962.079193,99953.000,14258,2,AZ,1,100,-0.312
1766633962.114524,99988.333,14275,3,AZ,1,100,-0.304
1766633962.149854,100023.667,14275,3,AZ,1,100,-0.321
1766633962.185184,100059.000,14275,3,AZ,1,100,-0.338
1766633962.225181,100099.000,14292,3,AZ,1,100,-0.359
1766633962.265178,100139.000,14292,3,AZ,1,100,-0.351
1766633962.305175,100179.000,14292,3,AZ,1,100,-0.328
1766633962.345171,100219.000,14311,2,AZ,1,100,-0.308
1766633962.385168,100259.000,14311,2,AZ,1,100,-0.282
1766633962.425165,100299.000,14325,3,AZ,1,100,-0.265
1766633962.465162,100339.000,14325,3,AZ,1,100,-0.281
1766633962.505159,100379.000,14325,3,AZ,1,100,-0.298
1766633962.545155,100419.000,14343,2,AZ,1,100,-0.325
1766633962.585152,100459.000,14343,2,AZ,1,100,-0.345
1766633962.625149,100499.000,14359,3,AZ,1,100,-0.351
1766633962.665146,100539.000,14359,3,AZ,1,100,-0.353
1766633962.705142,100579.000,14359,3,AZ,1,100,-0.323
1766633962.745639,100619.500,14376,2,AZ,1,100,-0.307
1766633962.786136,100660.000,14376,2,AZ,1,100,-0.283
1766633962.826133,100700.000,14396,3,AZ,1,100,-0.272
1766633962.866129,100740.000,14396,3,AZ,1,100,-0.265
1766633962.906126,100780.000,14396,3,AZ,1,100,-0.273
1766633962.941790,100815.667,14413,3,AZ,1,100,-0.326
1766633962.977454,100851.333,14413,3,AZ,1,100,-0.338
1766633963.013118,100887.000,14413,3,AZ,1,100,-0.352
1766633963.053114,100927.000,14429,2,AZ,1,100,-0.361
1766633963.093111,100967.000,14429,2,AZ,1,100,-0.338
1766633963.133108,101007.000,14449,3,AZ,1,100,-0.315
1766633963.173105,101047.000,14449,3,AZ,1,100,-0.289
1766633963.213101,101087.000,14449,3,AZ,1,100,-0.273
1766633963.253098,101127.000,14463,2,AZ,1,100,-0.261
1766633963.293095,101167.000,14463,2,AZ,1,100,-0.268
1766633963.333092,101207.000,14480,3,AZ,1,100,-0.294
1766633963.373088,101247.000,14480,3,AZ,1,100,-0.319
1766633963.413085,101287.000,14480,3,AZ,1,100,-0.344
1766633963.453082,101327.000,14496,3,AZ,1,100,-0.350
1766633963.493079,101367.000,14496,3,AZ,1,100,-0.355
1766633963.533076,101407.000,14496,3,AZ,1,100,-0.332
1766633963.573072,101447.000,14514,2,AZ,1,100,-0.317
1766633963.613069,101487.000,14514,2,AZ,1,100,-0.295
1766633963.653066,101527.000,14530,3,AZ,1,100,-0.278
1766633963.693063,101567.000,14530,3,AZ,1,100,-0.262
1766633963.733059,101607.000,14530,3,AZ,1,100,-0.251
1766633963.773056,101647.000,14547,2,AZ,1,100,-0.274
1766633963.813053,101687.000,14547,2,AZ,1,100,-0.335
1766633963.848383,101722.333,14564,3,AZ,1,100,-0.359
1766633963.883714,101757.667,14564,3,AZ,1,100,-0.352
1766633963.919044,101793.000,14564,3,AZ,1,100,-0.326
1766633963.959041,101833.000,14585,3,AZ,1,100,-0.287
1766633963.999038,101873.000,14585,3,AZ,1,100,-0.254
1766633964.039035,101913.000,14585,3,AZ,1,100,-0.251
1766633964.079031,101953.000,14600,2,AZ,1,100,-0.255
1766633964.119028,101993.000,14600,2,AZ,1,100,-0.264
1766633964.159025,102033.000,14617,3,AZ,1,100,-0.277
1766633964.199022,102073.000,14617,3,AZ,1,100,-0.297
1766633964.239018,102113.000,14617,3,AZ,1,100,-0.338
1766633964.279015,102153.000,14633,2,AZ,1,100,-0.345
1766633964.319012,102193.000,14633,2,AZ,1,100,-0.338
1766633964.359009,102233.000,14650,3,AZ,1,100,-0.331
1766633964.399005,102273.000,14650,3,AZ,1,100,-0.308
1766633964.439002,102313.000,14650,3,AZ,1,100,-0.288
1766633964.478999,102353.000,14667,2,AZ,1,100,-0.274
1766633964.518996,102393.000,14667,2,AZ,1,100,-0.262
1766633964.558993,102433.000,14682,3,AZ,1,100,-0.268
1766633964.598989,102473.000,14682,3,AZ,1,100,-0.291
1766633964.638986,102513.000,14682,3,AZ,1,100,-0.335
1766633964.674317,102548.333,14698,3,AZ,1,100,-0.362
1766633964.709647,102583.667,14698,3,AZ,1,100,-0.359
1766633964.744977,102619.000,14698,3,AZ,1,100,-0.355
1766633964.784974,102659.000,14715,2,AZ,1,100,-0.330
1766633964.824971,102699.000,14715,2,AZ,1,100,-0.314
1766633964.864968,102739.000,14734,3,AZ,1,100,-0.294
1766633964.904964,102779.000,14734,3,AZ,1,100,-0.267
1766633964.944961,102819.000,14734,3,AZ,1,100,-0.253
1766633964.984958,102859.000,14749,2,AZ,1,100,-0.259
1766633965.024955,102899.000,14749,2,AZ,1,100,-0.292
1766633965.064952,102939.000,14765,3,AZ,1,100,-0.312
1766633965.104948,102979.000,14765,3,AZ,1,100,-0.333
1766633965.144945,103019.000,14765,3,AZ,1,100,-0.344
1766633965.184942,103059.000,14783,2,AZ,1,100,-0.347
1766633965.224939,103099.000,14783,2,AZ,1,100,-0.330
1766633965.264935,103139.000,14799,3,AZ,1,100,-0.317
1766633965.304932,103179.000,14799,3,AZ,1,100,-0.287
1766633965.344929,103219.000,14799,3,AZ,1,100,-0.274
1766633965.384926,103259.000,14814,2,AZ,1,100,-0.270
1766633965.424922,103299.000,14814,2,AZ,1,100,-0.273
1766633965.460586,103334.667,14831,3,AZ,1,100,-0.292
1766633965.496250,103370.333,14831,3,AZ,1,100,-0.331
1766633965.531914,103406.000,14831,3,AZ,1,100,-0.352
1766633965.571911,103446.000,14850,3,AZ,1,100,-0.355
1766633965.611907,103486.000,14850,3,AZ,1,100,-0.339
1766633965.651904,103526.000,14850,3,AZ,1,100,-0.330
1766633965.691901,103566.000,14866,2,AZ,1,100,-0.302
1766633965.731898,103606.000,14866,2,AZ,1,100,-0.271
1766633965.772228,103646.333,14881,3,AZ,1,100,-0.249
1766633965.812558,103686.667,14881,3,AZ,1,100,-0.248
1766633965.852888,103727.000,14881,3,AZ,1,100,-0.274
1766633965.892385,103766.500,14898,2,AZ,1,100,-0.317
1766633965.931881,103806.000,14898,2,AZ,1,100,-0.339
1766633965.971878,103846.000,14915,3,AZ,1,100,-0.347
1766633966.011875,103886.000,14915,3,AZ,1,100,-0.341
1766633966.051872,103926.000,14915,3,AZ,1,100,-0.318
1766633966.091869,103966.000,14931,3,AZ,1,100,-0.304
1766633966.131865,104006.000,14931,3,AZ,1,100,-0.280
1766633966.171862,104046.000,14931,3,AZ,1,100,-0.274
1766633966.211859,104086.000,14948,2,AZ,1,100,-0.261
1766633966.251856,104126.000,14948,2,AZ,1,100,-0.276
1766633966.287186,104161.333,14963,3,AZ,1,100,-0.335
1766633966.322517,104196.667,14963,3,AZ,1,100,-0.344
1766633966.357847,104232.000,14963,3,AZ,1,100,-0.345
1766633966.397844,104272.000,14982,3,AZ,1,100,-0.344
1766633966.437841,104312.000,14982,3,AZ,1,100,-0.323
1766633966.477837,104352.000,14982,3,AZ,1,100,-0.310
1766633966.517834,104392.000,14999,2,AZ,1,100,-0.286
1766633966.557831,104432.000,14999,2,AZ,1,100,-0.257
1766633966.597828,104472.000,15016,3,AZ,1,100,-0.249
1766633966.637825,104512.000,15016,3,AZ,1,100,-0.269
1766633966.677821,104552.000,15016,3,AZ,1,100,-0.298
