LocalTimestamp,EmotiBitTimestamp,PacketNumber,DataLength,TypeTag,ProtocolVersion,DataReliability,MZ
1766633906.608679,44478.000,5166,3,MZ,1,100,-8
1766633906.608679,44478.000,5166,3,MZ,1,100,-9
1766633906.608679,44478.000,5166,3,MZ,1,100,-9
1766633906.648675,44518.000,5183,2,MZ,1,100,-8
1766633906.688672,44558.000,5183,2,MZ,1,100,-9
1766633906.728669,44598.000,5199,3,MZ,1,100,-8
1766633906.768666,44638.000,5199,3,MZ,1,100,-8
1766633906.808663,44678.000,5199,3,MZ,1,100,-7
1766633906.848659,44718.000,5215,2,MZ,1,100,-8
1766633906.888656,44758.000,5215,2,MZ,1,100,-7
1766633906.924320,44793.667,5231,3,MZ,1,100,-8
1766633906.959984,44829.333,5231,3,MZ,1,100,-7
1766633906.995647,44865.000,5231,3,MZ,1,100,-8
1766633907.035644,44905.000,5248,3,MZ,1,100,-8
1766633907.075641,44945.000,5248,3,MZ,1,100,-9
1766633907.115638,44985.000,5248,3,MZ,1,100,-8
1766633907.155635,45025.000,5265,3,MZ,1,100,-7
1766633907.195631,45065.000,5265,3,MZ,1,100,-8
1766633907.235628,45105.000,5265,3,MZ,1,100,-8
1766633907.275625,45145.000,5280,2,MZ,1,100,-8
1766633907.315622,45185.000,5280,2,MZ,1,100,-7
1766633907.355618,45225.000,5296,3,MZ,1,100,-8
1766633907.395615,45265.000,5296,3,MZ,1,100,-8
1766633907.435612,45305.000,5296,3,MZ,1,100,-7
1766633907.475609,45345.000,5313,2,MZ,1,100,-7
1766633907.515605,45385.000,5313,2,MZ,1,100,-6
1766633907.555602,45425.000,5330,3,MZ,1,100,-8
1766633907.595599,45465.000,5330,3,MZ,1,100,-7
1766633907.635596,45505.000,5330,3,MZ,1,100,-8
1766633907.675592,45545.000,5345,2,MZ,1,100,-7
1766633907.715589,45585.000,5345,2,MZ,1,100,-9
1766633907.751253,45620.667,5361,3,MZ,1,100,-8
1766633907.786917,45656.333,5361,3,MZ,1,100,-7
1766633907.822581,45692.000,5361,3,MZ,1,100,-8
1766633907.862577,45732.000,5379,3,MZ,1,100,-8
1766633907.902574,45772.000,5379,3,MZ,1,100,-9
1766633907.942571,45812.000,5379,3,MZ,1,100,-9
1766633907.982568,45852.000,5395,2,MZ,1,100,-8
1766633908.022564,45892.000,5395,2,MZ,1,100,-9
1766633908.062895,45932.333,5411,3,MZ,1,100,-8
1766633908.103225,45972.667,5411,3,MZ,1,100,-8
1766633908.143555,46013.000,5411,3,MZ,1,100,-8
1766633908.183052,46052.500,5427,2,MZ,1,100,-9
1766633908.222548,46092.000,5427,2,MZ,1,100,-8
1766633908.262545,46132.000,5444,3,MZ,1,100,-9
1766633908.302542,46172.000,5444,3,MZ,1,100,-8
1766633908.342539,46212.000,5444,3,MZ,1,100,-8
1766633908.382535,46252.000,5460,2,MZ,1,100,-9
1766633908.422532,46292.000,5460,2,MZ,1,100,-10
1766633908.462529,46332.000,5478,3,MZ,1,100,-10
1766633908.502526,46372.000,5478,3,MZ,1,100,-8
1766633908.542522,46412.000,5478,3,MZ,1,100,-8
1766633908.582519,46452.000,5492,2,MZ,1,100,-9
1766633908.622516,46492.000,5492,2,MZ,1,100,-8
1766633908.657846,46527.333,5509,3,MZ,1,100,-9
1766633908.693177,46562.667,5509,3,MZ,1,100,-9
1766633908.728507,46598.000,5509,3,MZ,1,100,-9
1766633908.768504,46638.000,5525,3,MZ,1,100,-9
1766633908.808501,46678.000,5525,3,MZ,1,100,-9
1766633908.848498,46718.000,5525,3,MZ,1,100,-9
1766633908.888494,46758.000,5545,2,MZ,1,100,-9
1766633908.928491,46798.000,5545,2,MZ,1,100,-9
1766633908.968488,46838.000,5559,3,MZ,1,100,-9
1766633909.008485,46878.000,5559,3,MZ,1,100,-10
1766633909.048481,46918.000,5559,3,MZ,1,100,-9
1766633909.088478,46958.000,5576,3,MZ,1,100,-9
1766633909.128475,46998.000,5576,3,MZ,1,100,-9
1766633909.168472,47038.000,5576,3,MZ,1,100,-10
1766633909.208468,47078.000,5593,2,MZ,1,100,-9
1766633909.248465,47118.000,5593,2,MZ,1,100,-9
1766633909.288462,47158.000,5610,3,MZ,1,100,-9
1766633909.328459,47198.000,5610,3,MZ,1,100,-9
1766633909.368456,47238.000,5610,3,MZ,1,100,-9
1766633909.408452,47278.000,5624,2,MZ,1,100,-9
1766633909.448449,47318.000,5624,2,MZ,1,100,-10
1766633909.484113,47353.667,5642,3,MZ,1,100,-9
1766633909.519777,47389.333,5642,3,MZ,1,100,-8
1766633909.555440,47425.000,5642,3,MZ,1,100,-10
1766633909.595437,47465.000,5658,3,MZ,1,100,-10
1766633909.635434,47505.000,5658,3,MZ,1,100,-9
1766633909.675431,47545.000,5658,3,MZ,1,100,-9
1766633909.715428,47585.000,5675,2,MZ,1,100,-9
1766633909.755424,47625.000,5675,2,MZ,1,100,-9
1766633909.795421,47665.000,5689,2,MZ,1,100,-10
1766633909.835418,47705.000,5689,2,MZ,1,100,-9
1766633909.875415,47745.000,5707,3,MZ,1,100,-9
1766633909.915411,47785.000,5707,3,MZ,1,100,-10
1766633909.955408,47825.000,5707,3,MZ,1,100,-10
1766633909.995405,47865.000,5723,3,MZ,1,100,-9
1766633910.035402,47905.000,5723,3,MZ,1,100,-9
1766633910.075398,47945.000,5723,3,MZ,1,100,-9
1766633910.115395,47985.000,5740,2,MZ,1,100,-10
1766633910.155392,48025.000,5740,2,MZ,1,100,-10
1766633910.195389,48065.000,5756,3,MZ,1,100,-9
1766633910.235385,48105.000,5756,3,MZ,1,100,-9
1766633910.275382,48145.000,5756,3,MZ,1,100,-9
1766633910.310713,48180.333,5772,3,MZ,1,100,-9
1766633910.346043,48215.667,5772,3,MZ,1,100,-10
1766633910.381374,48251.000,5772,3,MZ,1,100,-9
1766633910.421371,48291.000,5788,2,MZ,1,100,-9
1766633910.461367,48331.000,5788,2,MZ,1,100,-10
1766633910.501364,48371.000,5806,3,MZ,1,100,-9
1766633910.541361,48411.000,5806,3,MZ,1,100,-9
1766633910.581357,48451.000,5806,3,MZ,1,100,-9
1766633910.621354,48491.000,5822,2,MZ,1,100,-9
1766633910.661351,48531.000,5822,2,MZ,1,100,-9
1766633910.701348,48571.000,5837,3,MZ,1,100,-9
1766633910.741345,48611.000,5837,3,MZ,1,100,-9
1766633910.781341,48651.000,5837,3,MZ,1,100,-10
1766633910.821338,48691.000,5854,2,MZ,1,100,-10
1766633910.861335,48731.000,5854,2,MZ,1,100,-9
1766633910.901332,48771.000,5871,3,MZ,1,100,-8
1766633910.941329,48811.000,5871,3,MZ,1,100,-10
1766633910.981325,48851.000,5871,3,MZ,1,100,-9
1766633911.021322,48891.000,5887,2,MZ,1,100,-11
1766633911.061319,48931.000,5887,2,MZ,1,100,-8
1766633911.096982,48966.667,5902,3,MZ,1,100,-10
1766633911.132646,49002.333,5902,3,MZ,1,100,-10
1766633911.168310,49038.000,5902,3,MZ,1,100,-9
1766633911.208307,49078.000,5919,3,MZ,1,100,-9
1766633911.248304,49118.000,5919,3,MZ,1,100,-9
1766633911.288300,49158.000,5919,3,MZ,1,100,-10
1766633911.328297,49198.000,5936,2,MZ,1,100,-10
1766633911.368294,49238.000,5936,2,MZ,1,100,-9
1766633911.408291,49278.000,5952,3,MZ,1,100,-10
1766633911.448287,49318.000,5952,3,MZ,1,100,-9
1766633911.488284,49358.000,5952,3,MZ,1,100,-9
1766633911.528281,49398.000,5968,2,MZ,1,100,-9
1766633911.568278,49438.000,5968,2,MZ,1,100,-10
1766633911.608274,49478.000,5984,3,MZ,1,100,-9
1766633911.648271,49518.000,5984,3,MZ,1,100,-9
1766633911.688268,49558.000,5984,3,MZ,1,100,-9
1766633911.728265,49598.000,6006,2,MZ,1,100,-9
1766633911.768262,49638.000,6006,2,MZ,1,100,-10
1766633911.808258,49678.000,6023,3,MZ,1,100,-10
1766633911.848255,49718.000,6023,3,MZ,1,100,-9
1766633911.888252,49758.000,6023,3,MZ,1,100,-10
1766633911.923916,49793.667,6038,3,MZ,1,100,-10
1766633911.959579,49829.333,6038,3,MZ,1,100,-11
1766633911.995243,49865.000,6038,3,MZ,1,100,-9
1766633912.035240,49905.000,6054,2,MZ,1,100,-11
1766633912.075237,49945.000,6054,2,MZ,1,100,-10
1766633912.115233,49985.000,6071,3,MZ,1,100,-11
1766633912.155230,50025.000,6071,3,MZ,1,100,-10
1766633912.195227,50065.000,6071,3,MZ,1,100,-11
1766633912.235224,50105.000,6088,2,MZ,1,100,-10
1766633912.275221,50145.000,6088,2,MZ,1,100,-11
1766633912.315217,50185.000,6103,3,MZ,1,100,-11
1766633912.355214,50225.000,6103,3,MZ,1,100,-9
1766633912.395211,50265.000,6103,3,MZ,1,100,-11
1766633912.435208,50305.000,6119,2,MZ,1,100,-10
1766633912.475204,50345.000,6119,2,MZ,1,100,-11
1766633912.515201,50385.000,6137,3,MZ,1,100,-11
1766633912.555198,50425.000,6137,3,MZ,1,100,-10
1766633912.595195,50465.000,6137,3,MZ,1,100,-10
1766633912.635191,50505.000,6153,3,MZ,1,100,-9
1766633912.675188,50545.000,6153,3,MZ,1,100,-11
1766633912.715185,50585.000,6153,3,MZ,1,100,-10
1766633912.755182,50625.000,6169,2,MZ,1,100,-9
1766633912.795178,50665.000,6169,2,MZ,1,100,-11
1766633912.830509,50700.333,6185,3,MZ,1,100,-10
1766633912.865839,50735.667,6185,3,MZ,1,100,-12
1766633912.901170,50771.000,6185,3,MZ,1,100,-11
1766633912.941167,50811.000,6202,2,MZ,1,100,-12
1766633912.981164,50851.000,6202,2,MZ,1,100,-11
1766633913.021160,50891.000,6218,3,MZ,1,100,-10
1766633913.061157,50931.000,6218,3,MZ,1,100,-11
1766633913.101154,50971.000,6218,3,MZ,1,100,-11
1766633913.141150,51011.000,6234,2,MZ,1,100,-12
1766633913.181147,51051.000,6234,2,MZ,1,100,-12
1766633913.221144,51091.000,6250,3,MZ,1,100,-11
1766633913.261141,51131.000,6250,3,MZ,1,100,-12
1766633913.301138,51171.000,6250,3,MZ,1,100,-12
1766633913.341134,51211.000,6267,3,MZ,1,100,-11
1766633913.381131,51251.000,6267,3,MZ,1,100,-11
1766633913.421128,51291.000,6267,3,MZ,1,100,-11
1766633913.461125,51331.000,6283,2,MZ,1,100,-12
1766633913.501122,51371.000,6283,2,MZ,1,100,-12
1766633913.541118,51411.000,6301,3,MZ,1,100,-11
1766633913.581115,51451.000,6301,3,MZ,1,100,-11
1766633913.621112,51491.000,6301,3,MZ,1,100,-11
1766633913.656775,51526.667,6315,3,MZ,1,100,-12
1766633913.692439,51562.333,6315,3,MZ,1,100,-12
1766633913.728103,51598.000,6315,3,MZ,1,100,-11
1766633913.768100,51638.000,6332,2,MZ,1,100,-12
1766633913.808097,51678.000,6332,2,MZ,1,100,-12
1766633913.848093,51718.000,6349,3,MZ,1,100,-12
1766633913.888090,51758.000,6349,3,MZ,1,100,-11
1766633913.928087,51798.000,6349,3,MZ,1,100,-11
1766633913.968084,51838.000,6368,2,MZ,1,100,-12
1766633914.008080,51878.000,6368,2,MZ,1,100,-10
1766633914.048077,51918.000,6382,3,MZ,1,100,-11
1766633914.088074,51958.000,6382,3,MZ,1,100,-10
1766633914.128071,51998.000,6382,3,MZ,1,100,-12
1766633914.168067,52038.000,6400,2,MZ,1,100,-12
1766633914.208064,52078.000,6400,2,MZ,1,100,-12
1766633914.248061,52118.000,6416,3,MZ,1,100,-12
1766633914.288058,52158.000,6416,3,MZ,1,100,-12
1766633914.328055,52198.000,6416,3,MZ,1,100,-11
1766633914.368051,52238.000,6433,2,MZ,1,100,-12
1766633914.408048,52278.000,6433,2,MZ,1,100,-12
1766633914.443378,52313.333,6447,3,MZ,1,100,-11
1766633914.478709,52348.667,6447,3,MZ,1,100,-12
1766633914.514040,52384.000,6447,3,MZ,1,100,-11
1766633914.554036,52424.000,6465,3,MZ,1,100,-12
1766633914.594033,52464.000,6465,3,MZ,1,100,-12
1766633914.634030,52504.000,6465,3,MZ,1,100,-12
1766633914.674026,52544.000,6481,2,MZ,1,100,-11
1766633914.714023,52584.000,6481,2,MZ,1,100,-12
1766633914.754020,52624.000,6498,3,MZ,1,100,-11
1766633914.794017,52664.000,6498,3,MZ,1,100,-12
1766633914.834014,52704.000,6498,3,MZ,1,100,-12
1766633914.874010,52744.000,6513,2,MZ,1,100,-13
1766633914.914007,52784.000,6513,2,MZ,1,100,-12
1766633914.954004,52824.000,6530,3,MZ,1,100,-12
1766633914.994001,52864.000,6530,3,MZ,1,100,-12
1766633915.033998,52904.000,6530,3,MZ,1,100,-11
1766633915.073994,52944.000,6546,2,MZ,1,100,-11
1766633915.113991,52984.000,6546,2,MZ,1,100,-11
1766633915.153988,53024.000,6564,3,MZ,1,100,-12
1766633915.193985,53064.000,6564,3,MZ,1,100,-12
1766633915.233981,53104.000,6564,3,MZ,1,100,-11
1766633915.269645,53139.667,6579,3,MZ,1,100,-11
1766633915.305309,53175.333,6579,3,MZ,1,100,-12
1766633915.340973,53211.000,6579,3,MZ,1,100,-12
1766633915.380969,53251.000,6595,2,MZ,1,100,-12
1766633915.420966,53291.000,6595,2,MZ,1,100,-12
1766633915.460963,53331.000,6612,3,MZ,1,100,-12
1766633915.500960,53371.000,6612,3,MZ,1,100,-12
1766633915.540956,53411.000,6612,3,MZ,1,100,-12
1766633915.580953,53451.000,6629,2,MZ,1,100,-12
1766633915.620950,53491.000,6629,2,MZ,1,100,-12
1766633915.660947,53531.000,6645,3,MZ,1,100,-11
1766633915.700943,53571.000,6645,3,MZ,1,100,-12
1766633915.740940,53611.000,6645,3,MZ,1,100,-12
1766633915.780937,53651.000,6660,2,MZ,1,100,-12
1766633915.820934,53691.000,6660,2,MZ,1,100,-12
1766633915.860931,53731.000,6677,3,MZ,1,100,-12
1766633915.900927,53771.000,6677,3,MZ,1,100,-11
1766633915.940924,53811.000,6677,3,MZ,1,100,-12
1766633915.980921,53851.000,6694,3,MZ,1,100,-12
1766633916.020918,53891.000,6694,3,MZ,1,100,-12
1766633916.060915,53931.000,6694,3,MZ,1,100,-12
1766633916.094412,53964.500,6710,2,MZ,1,100,-12
1766633916.127909,53998.000,6710,2,MZ,1,100,-12
1766633916.167906,54038.000,6726,3,MZ,1,100,-12
1766633916.207902,54078.000,6726,3,MZ,1,100,-13
1766633916.247899,54118.000,6726,3,MZ,1,100,-11
1766633916.287896,54158.000,6742,3,MZ,1,100,-11
1766633916.327893,54198.000,6742,3,MZ,1,100,-11
1766633916.367890,54238.000,6742,3,MZ,1,100,-11
1766633916.407886,54278.000,6761,2,MZ,1,100,-12
1766633916.447883,54318.000,6761,2,MZ,1,100,-11
1766633916.487880,54358.000,6778,3,MZ,1,100,-12
1766633916.527877,54398.000,6778,3,MZ,1,100,-11
1766633916.567873,54438.000,6778,3,MZ,1,100,-12
1766633916.607870,54478.000,6793,2,MZ,1,100,-12
1766633916.647867,54518.000,6793,2,MZ,1,100,-11
1766633916.687864,54558.000,6809,3,MZ,1,100,-12
1766633916.727860,54598.000,6809,3,MZ,1,100,-11
1766633916.767857,54638.000,6809,3,MZ,1,100,-12
1766633916.807854,54678.000,6833,2,MZ,1,100,-12
1766633916.847851,54718.000,6833,2,MZ,1,100,-11
1766633916.887848,54758.000,6850,3,MZ,1,100,-11
1766633916.927844,54798.000,6850,3,MZ,1,100,-12
1766633916.967841,54838.000,6850,3,MZ,1,100,-11
1766633917.003171,54873.333,6869,3,MZ,1,100,-11
1766633917.038502,54908.667,6869,3,MZ,1,100,-12
1766633917.073833,54944.000,6869,3,MZ,1,100,-11
1766633917.113829,54984.000,6883,2,MZ,1,100,-12
1766633917.153826,55024.000,6883,2,MZ,1,100,-11
1766633917.193823,55064.000,6901,3,MZ,1,100,-12
1766633917.233819,55104.000,6901,3,MZ,1,100,-12
1766633917.273816,55144.000,6901,3,MZ,1,100,-12
1766633917.313813,55184.000,6917,3,MZ,1,100,-11
1766633917.353810,55224.000,6917,3,MZ,1,100,-12
1766633917.393807,55264.000,6917,3,MZ,1,100,-12
1766633917.433803,55304.000,6934,2,MZ,1,100,-12
1766633917.473800,55344.000,6934,2,MZ,1,100,-12
1766633917.513797,55384.000,6949,3,MZ,1,100,-12
1766633917.553794,55424.000,6949,3,MZ,1,100,-12
1766633917.593791,55464.000,6949,3,MZ,1,100,-12
1766633917.633787,55504.000,6966,2,MZ,1,100,-11
1766633917.673784,55544.000,6966,2,MZ,1,100,-12
1766633917.713781,55584.000,6982,3,MZ,1,100,-12
1766633917.753778,55624.000,6982,3,MZ,1,100,-12
1766633917.793774,55664.000,6982,3,MZ,1,100,-11
1766633917.829105,55699.333,7000,3,MZ,1,100,-12
1766633917.864435,55734.667,7000,3,MZ,1,100,-12
1766633917.899766,55770.000,7000,3,MZ,1,100,-12
1766633917.940263,55810.500,7014,2,MZ,1,100,-12
1766633917.980759,55851.000,7014,2,MZ,1,100,-11
1766633918.020423,55890.667,7031,3,MZ,1,100,-12
1766633918.060086,55930.333,7031,3,MZ,1,100,-12
1766633918.099750,55970.000,7031,3,MZ,1,100,-13
1766633918.140246,56010.500,7047,2,MZ,1,100,-12
1766633918.180743,56051.000,7047,2,MZ,1,100,-12
1766633918.220407,56090.667,7065,3,MZ,1,100,-12
1766633918.260070,56130.333,7065,3,MZ,1,100,-12
1766633918.299733,56170.000,7065,3,MZ,1,100,-12
1766633918.339730,56210.000,7079,2,MZ,1,100,-11
1766633918.379727,56250.000,7079,2,MZ,1,100,-12
1766633918.419724,56290.000,7096,3,MZ,1,100,-12
1766633918.459720,56330.000,7096,3,MZ,1,100,-12
1766633918.499717,56370.000,7096,3,MZ,1,100,-12
1766633918.539714,56410.000,7113,2,MZ,1,100,-12
1766633918.579711,56450.000,7113,2,MZ,1,100,-13
1766633918.615708,56486.000,7130,3,MZ,1,100,-12
1766633918.651705,56522.000,7130,3,MZ,1,100,-13
1766633918.687702,56558.000,7130,3,MZ,1,100,-12
1766633918.727699,56598.000,7145,3,MZ,1,100,-12
1766633918.767695,56638.000,7145,3,MZ,1,100,-13
1766633918.807692,56678.000,7145,3,MZ,1,100,-12
1766633918.847189,56717.500,7162,2,MZ,1,100,-12
1766633918.886686,56757.000,7162,2,MZ,1,100,-12
1766633918.926683,56797.000,7180,3,MZ,1,100,-12
1766633918.966679,56837.000,7180,3,MZ,1,100,-12
1766633919.006676,56877.000,7180,3,MZ,1,100,-12
1766633919.046673,56917.000,7197,2,MZ,1,100,-12
1766633919.086670,56957.000,7197,2,MZ,1,100,-12
1766633919.126667,56997.000,7214,3,MZ,1,100,-12
1766633919.166663,57037.000,7214,3,MZ,1,100,-12
1766633919.206660,57077.000,7214,3,MZ,1,100,-12
1766633919.246657,57117.000,7229,2,MZ,1,100,-12
1766633919.286654,57157.000,7229,2,MZ,1,100,-11
1766633919.326650,57197.000,7245,3,MZ,1,100,-13
1766633919.366647,57237.000,7245,3,MZ,1,100,-13
1766633919.406644,57277.000,7245,3,MZ,1,100,-13
1766633919.446641,57317.000,7262,3,MZ,1,100,-12
1766633919.486637,57357.000,7262,3,MZ,1,100,-11
1766633919.526634,57397.000,7262,3,MZ,1,100,-13
1766633919.560132,57430.500,7279,2,MZ,1,100,-12
1766633919.593629,57464.000,7279,2,MZ,1,100,-12
1766633919.633626,57504.000,7294,3,MZ,1,100,-12
1766633919.673622,57544.000,7294,3,MZ,1,100,-11
1766633919.713619,57584.000,7294,3,MZ,1,100,-11
1766633919.753616,57624.000,7310,3,MZ,1,100,-13
1766633919.793612,57664.000,7310,3,MZ,1,100,-12
1766633919.833609,57704.000,7310,3,MZ,1,100,-12
1766633919.873606,57744.000,7328,2,MZ,1,100,-11
1766633919.913603,57784.000,7328,2,MZ,1,100,-12
1766633919.953600,57824.000,7344,3,MZ,1,100,-13
1766633919.993596,57864.000,7344,3,MZ,1,100,-12
1766633920.033593,57904.000,7344,3,MZ,1,100,-12
1766633920.073590,57944.000,7359,2,MZ,1,100,-12
1766633920.113587,57984.000,7359,2,MZ,1,100,-12
1766633920.153584,58024.000,7376,3,MZ,1,100,-12
1766633920.193580,58064.000,7376,3,MZ,1,100,-13
1766633920.233577,58104.000,7376,3,MZ,1,100,-11
1766633920.269241,58139.667,7393,3,MZ,1,100,-12
1766633920.304904,58175.333,7393,3,MZ,1,100,-13
1766633920.340568,58211.000,7393,3,MZ,1,100,-11
1766633920.380565,58251.000,7409,2,MZ,1,100,-12
1766633920.420562,58291.000,7409,2,MZ,1,100,-12
1766633920.460559,58331.000,7425,3,MZ,1,100,-12
1766633920.500556,58371.000,7425,3,MZ,1,100,-11
1766633920.540552,58411.000,7425,3,MZ,1,100,-13
1766633920.580549,58451.000,7441,2,MZ,1,100,-12
1766633920.620546,58491.000,7441,2,MZ,1,100,-12
1766633920.660542,58531.000,7458,3,MZ,1,100,-11
1766633920.700539,58571.000,7458,3,MZ,1,100,-12
1766633920.740536,58611.000,7458,3,MZ,1,100,-12
1766633920.780533,58651.000,7474,2,MZ,1,100,-13
1766633920.820529,58691.000,7474,2,MZ,1,100,-11
1766633920.860526,58731.000,7491,3,MZ,1,100,-13
1766633920.900523,58771.000,7491,3,MZ,1,100,-13
1766633920.940520,58811.000,7491,3,MZ,1,100,-12
1766633920.980517,58851.000,7506,2,MZ,1,100,-12
1766633921.020513,58891.000,7506,2,MZ,1,100,-11
1766633921.060510,58931.000,7523,3,MZ,1,100,-12
1766633921.100507,58971.000,7523,3,MZ,1,100,-13
1766633921.140504,59011.000,7523,3,MZ,1,100,-12
1766633921.175834,59046.333,7540,3,MZ,1,100,-13
1766633921.211165,59081.667,7540,3,MZ,1,100,-12
1766633921.246495,59117.000,7540,3,MZ,1,100,-12
1766633921.286492,59157.000,7557,2,MZ,1,100,-12
1766633921.326488,59197.000,7557,2,MZ,1,100,-11
1766633921.366485,59237.000,7571,3,MZ,1,100,-12
1766633921.406482,59277.000,7571,3,MZ,1,100,-11
1766633921.446479,59317.000,7571,3,MZ,1,100,-13
1766633921.486476,59357.000,7589,2,MZ,1,100,-12
1766633921.526472,59397.000,7589,2,MZ,1,100,-11
1766633921.566469,59437.000,7605,3,MZ,1,100,-12
1766633921.606466,59477.000,7605,3,MZ,1,100,-13
1766633921.646463,59517.000,7605,3,MZ,1,100,-12
1766633921.686460,59557.000,7622,2,MZ,1,100,-12
1766633921.726456,59597.000,7622,2,MZ,1,100,-13
1766633921.766453,59637.000,7636,3,MZ,1,100,-12
1766633921.806450,59677.000,7636,3,MZ,1,100,-11
1766633921.846447,59717.000,7636,3,MZ,1,100,-12
1766633921.886443,59757.000,7659,3,MZ,1,100,-12
1766633921.926440,59797.000,7659,3,MZ,1,100,-12
1766633921.966437,59837.000,7659,3,MZ,1,100,-13
1766633922.002101,59872.667,7675,3,MZ,1,100,-14
1766633922.037764,59908.333,7675,3,MZ,1,100,-12
1766633922.073428,59944.000,7675,3,MZ,1,100,-12
1766633922.112925,59983.500,7692,2,MZ,1,100,-12
1766633922.152422,60023.000,7692,2,MZ,1,100,-13
1766633922.192419,60063.000,7707,3,MZ,1,100,-13
1766633922.232415,60103.000,7707,3,MZ,1,100,-14
1766633922.272412,60143.000,7707,3,MZ,1,100,-13
1766633922.312409,60183.000,7724,2,MZ,1,100,-8
1766633922.352406,60223.000,7724,2,MZ,1,100,-2
1766633922.392402,60263.000,7740,3,MZ,1,100, 0
1766633922.432399,60303.000,7740,3,MZ,1,100,-1
1766633922.472396,60343.000,7740,3,MZ,1,100,-6
1766633922.512393,60383.000,7758,2,MZ,1,100,-15
1766633922.552389,60423.000,7758,2,MZ,1,100,-32
1766633922.592386,60463.000,7773,3,MZ,1,100,-62
1766633922.632383,60503.000,7773,3,MZ,1,100,-81
1766633922.672380,60543.000,7773,3,MZ,1,100,-81
1766633922.712377,60583.000,7791,2,MZ,1,100,-77
1766633922.752373,60623.000,7791,2,MZ,1,100,-71
1766633922.788370,60659.000,7808,3,MZ,1,100,-68
1766633922.824368,60695.000,7808,3,MZ,1,100,-63
1766633922.860365,60731.000,7808,3,MZ,1,100,-51
1766633922.900361,60771.000,7825,3,MZ,1,100,-31
1766633922.940358,60811.000,7825,3,MZ,1,100,-17
1766633922.980355,60851.000,7825,3,MZ,1,100,-10
1766633923.020352,60891.000,7841,2,MZ,1,100,-6
1766633923.060349,60931.000,7841,2,MZ,1,100,-6
1766633923.100345,60971.000,7856,3,MZ,1,100,-10
1766633923.140342,61011.000,7856,3,MZ,1,100,-14
1766633923.180339,61051.000,7856,3,MZ,1,100,-15
1766633923.220335,61091.000,7873,2,MZ,1,100,-17
1766633923.260332,61131.000,7873,2,MZ,1,100,-25
1766633923.300329,61171.000,7890,3,MZ,1,100,-42
1766633923.340326,61211.000,7890,3,MZ,1,100,-65
1766633923.380322,61251.000,7890,3,MZ,1,100,-78
1766633923.420319,61291.000,7906,2,MZ,1,100,-77
1766633923.460316,61331.000,7906,2,MZ,1,100,-72
1766633923.500313,61371.000,7922,3,MZ,1,100,-65
1766633923.540310,61411.000,7922,3,MZ,1,100,-54
1766633923.580306,61451.000,7922,3,MZ,1,100,-41
1766633923.620303,61491.000,7940,3,MZ,1,100,-29
1766633923.660300,61531.000,7940,3,MZ,1,100,-27
1766633923.700297,61571.000,7940,3,MZ,1,100,-28
1766633923.733294,61604.000,7957,2,MZ,1,100,-33
1766633923.766291,61637.000,7957,2,MZ,1,100,-36
1766633923.806288,61677.000,7974,3,MZ,1,100,-35
1766633923.846285,61717.000,7974,3,MZ,1,100,-34
1766633923.886281,61757.000,7974,3,MZ,1,100,-44
1766633923.926278,61797.000,7991,2,MZ,1,100,-64
1766633923.966275,61837.000,7991,2,MZ,1,100,-81
1766633924.006272,61877.000,8007,3,MZ,1,100,-78
1766633924.046269,61917.000,8007,3,MZ,1,100,-66
1766633924.086265,61957.000,8007,3,MZ,1,100,-43
1766633924.126262,61997.000,8024,3,MZ,1,100,-17
1766633924.166259,62037.000,8024,3,MZ,1,100,-3
1766633924.206256,62077.000,8024,3,MZ,1,100, 1
1766633924.246253,62117.000,8041,2,MZ,1,100,-2
1766633924.286249,62157.000,8041,2,MZ,1,100,-25
1766633924.326246,62197.000,8056,3,MZ,1,100,-61
1766633924.366243,62237.000,8056,3,MZ,1,100,-71
1766633924.406240,62277.000,8056,3,MZ,1,100,-62
1766633924.446236,62317.000,8072,2,MZ,1,100,-41
1766633924.486233,62357.000,8072,2,MZ,1,100,-4
1766633924.521897,62392.667,8092,3,MZ,1,100,14
1766633924.557561,62428.333,8092,3,MZ,1,100,17
1766633924.593225,62464.000,8092,3,MZ,1,100, 6
1766633924.633221,62504.000,8109,3,MZ,1,100,-37
1766633924.673218,62544.000,8109,3,MZ,1,100,-73
1766633924.713215,62584.000,8109,3,MZ,1,100,-58
1766633924.753211,62624.000,8125,2,MZ,1,100,-31
1766633924.793208,62664.000,8125,2,MZ,1,100, 3
1766633924.833205,62704.000,8143,3,MZ,1,100,17
1766633924.873202,62744.000,8143,3,MZ,1,100,16
1766633924.913198,62784.000,8143,3,MZ,1,100, 3
1766633924.953195,62824.000,8160,2,MZ,1,100,-37
1766633924.993192,62864.000,8160,2,MZ,1,100,-70
1766633925.033189,62904.000,8176,3,MZ,1,100,-62
1766633925.073186,62944.000,8176,3,MZ,1,100,-50
1766633925.113182,62984.000,8176,3,MZ,1,100,-31
1766633925.153179,63024.000,8196,2,MZ,1,100,-9
1766633925.193176,63064.000,8196,2,MZ,1,100,-5
1766633925.233173,63104.000,8210,3,MZ,1,100,-27
1766633925.273170,63144.000,8210,3,MZ,1,100,-64
1766633925.313166,63184.000,8210,3,MZ,1,100,-78
1766633925.348497,63219.333,8227,3,MZ,1,100,-72
1766633925.383827,63254.667,8227,3,MZ,1,100,-54
1766633925.419158,63290.000,8227,3,MZ,1,100,-30
1766633925.459154,63330.000,8245,2,MZ,1,100,-25
1766633925.499151,63370.000,8245,2,MZ,1,100,-35
1766633925.539148,63410.000,8263,3,MZ,1,100,-58
1766633925.579145,63450.000,8263,3,MZ,1,100,-70
1766633925.619142,63490.000,8263,3,MZ,1,100,-71
1766633925.659138,63530.000,8277,2,MZ,1,100,-56
1766633925.699135,63570.000,8277,2,MZ,1,100,-29
1766633925.739132,63610.000,8296,3,MZ,1,100,-19
1766633925.779129,63650.000,8296,3,MZ,1,100,-22
1766633925.819125,63690.000,8296,3,MZ,1,100,-41
1766633925.859122,63730.000,8313,2,MZ,1,100,-65
1766633925.899119,63770.000,8313,2,MZ,1,100,-74
1766633925.939116,63810.000,8330,3,MZ,1,100,-72
1766633925.979112,63850.000,8330,3,MZ,1,100,-55
1766633926.019109,63890.000,8330,3,MZ,1,100,-24
1766633926.059106,63930.000,8346,2,MZ,1,100,-10
1766633926.099103,63970.000,8346,2,MZ,1,100,-10
1766633926.134433,64005.333,8366,3,MZ,1,100,-25
1766633926.169764,64040.667,8366,3,MZ,1,100,-57
1766633926.205094,64076.000,8366,3,MZ,1,100,-72
1766633926.245091,64116.000,8382,3,MZ,1,100,-56
1766633926.285088,64156.000,8382,3,MZ,1,100,-34
1766633926.325084,64196.000,8382,3,MZ,1,100,-27
1766633926.365081,64236.000,8399,2,MZ,1,100,-35
1766633926.405078,64276.000,8399,2,MZ,1,100,-48
1766633926.445075,64316.000,8415,3,MZ,1,100,-50
1766633926.485071,64356.000,8415,3,MZ,1,100,-45
1766633926.525068,64396.000,8415,3,MZ,1,100,-44
1766633926.565065,64436.000,8435,2,MZ,1,100,-44
1766633926.605062,64476.000,8435,2,MZ,1,100,-44
1766633926.645059,64516.000,8451,3,MZ,1,100,-44
1766633926.685055,64556.000,8451,3,MZ,1,100,-45
1766633926.725052,64596.000,8451,3,MZ,1,100,-44
1766633926.765049,64636.000,8468,3,MZ,1,100,-43
1766633926.805046,64676.000,8468,3,MZ,1,100,-43
1766633926.845042,64716.000,8468,3,MZ,1,100,-43
1766633926.885039,64756.000,8484,2,MZ,1,100,-44
1766633926.925036,64796.000,8484,2,MZ,1,100,-43
1766633926.961033,64832.000,8500,3,MZ,1,100,-43
1766633926.997030,64868.000,8500,3,MZ,1,100,-43
1766633927.033027,64904.000,8500,3,MZ,1,100,-41
1766633927.073024,64944.000,8521,3,MZ,1,100,-43
1766633927.113021,64984.000,8521,3,MZ,1,100,-42
1766633927.153018,65024.000,8521,3,MZ,1,100,-42
1766633927.193014,65064.000,8539,2,MZ,1,100,-43
1766633927.233011,65104.000,8539,2,MZ,1,100,-43
1766633927.273008,65144.000,8555,3,MZ,1,100,-46
1766633927.313004,65184.000,8555,3,MZ,1,100,-49
1766633927.353001,65224.000,8555,3,MZ,1,100,-46
1766633927.392998,65264.000,8570,2,MZ,1,100,-47
1766633927.432995,65304.000,8570,2,MZ,1,100,-47
1766633927.472991,65344.000,8587,3,MZ,1,100,-47
1766633927.512988,65384.000,8587,3,MZ,1,100,-47
1766633927.552985,65424.000,8587,3,MZ,1,100,-45
1766633927.592982,65464.000,8604,2,MZ,1,100,-44
1766633927.632979,65504.000,8604,2,MZ,1,100,-43
1766633927.672975,65544.000,8620,3,MZ,1,100,-41
1766633927.712972,65584.000,8620,3,MZ,1,100,-39
1766633927.752969,65624.000,8620,3,MZ,1,100,-37
1766633927.792966,65664.000,8635,2,MZ,1,100,-36
1766633927.832963,65704.000,8635,2,MZ,1,100,-35
1766633927.868293,65739.333,8652,3,MZ,1,100,-35
1766633927.903623,65774.667,8652,3,MZ,1,100,-34
1766633927.938954,65810.000,8652,3,MZ,1,100,-34
1766633927.978617,65849.667,8669,3,MZ,1,100,-35
1766633928.018281,65889.333,8669,3,MZ,1,100,-35
1766633928.057944,65929.000,8669,3,MZ,1,100,-33
1766633928.097941,65969.000,8685,2,MZ,1,100,-29
1766633928.137938,66009.000,8685,2,MZ,1,100,-23
1766633928.177935,66049.000,8701,3,MZ,1,100,-15
1766633928.217931,66089.000,8701,3,MZ,1,100,-6
1766633928.257928,66129.000,8701,3,MZ,1,100, 0
1766633928.297925,66169.000,8717,2,MZ,1,100, 1
1766633928.337922,66209.000,8717,2,MZ,1,100, 0
1766633928.377918,66249.000,8734,3,MZ,1,100,-2
1766633928.417915,66289.000,8734,3,MZ,1,100,-3
1766633928.457912,66329.000,8734,3,MZ,1,100,-6
1766633928.498409,66369.500,8751,2,MZ,1,100,-7
1766633928.538905,66410.000,8751,2,MZ,1,100,-15
1766633928.578902,66450.000,8766,3,MZ,1,100,-23
1766633928.618899,66490.000,8766,3,MZ,1,100,-28
1766633928.658896,66530.000,8766,3,MZ,1,100,-32
1766633928.694559,66565.667,8782,3,MZ,1,100,-35
1766633928.730223,66601.333,8782,3,MZ,1,100,-35
1766633928.765887,66637.000,8782,3,MZ,1,100,-36
1766633928.805884,66677.000,8801,2,MZ,1,100,-36
1766633928.845881,66717.000,8801,2,MZ,1,100,-34
1766633928.885877,66757.000,8820,3,MZ,1,100,-32
1766633928.925874,66797.000,8820,3,MZ,1,100,-26
1766633928.965871,66837.000,8820,3,MZ,1,100,-20
1766633929.005868,66877.000,8836,2,MZ,1,100,-13
1766633929.045864,66917.000,8836,2,MZ,1,100,-6
1766633929.085861,66957.000,8851,3,MZ,1,100,-6
1766633929.125858,66997.000,8851,3,MZ,1,100,-2
1766633929.165855,67037.000,8851,3,MZ,1,100, 4
1766633929.205851,67077.000,8869,3,MZ,1,100, 6
1766633929.245848,67117.000,8869,3,MZ,1,100, 8
1766633929.285845,67157.000,8869,3,MZ,1,100, 7
1766633929.325842,67197.000,8885,2,MZ,1,100, 4
1766633929.365839,67237.000,8885,2,MZ,1,100,-1
1766633929.405835,67277.000,8902,3,MZ,1,100,-6
1766633929.445832,67317.000,8902,3,MZ,1,100,-12
1766633929.485829,67357.000,8902,3,MZ,1,100,-15
1766633929.518826,67390.000,8917,2,MZ,1,100,-16
1766633929.551823,67423.000,8917,2,MZ,1,100,-14
1766633929.591820,67463.000,8934,3,MZ,1,100,-14
1766633929.631817,67503.000,8934,3,MZ,1,100,-14
1766633929.671814,67543.000,8934,3,MZ,1,100,-10
1766633929.711811,67583.000,8952,3,MZ,1,100,-9
1766633929.751807,67623.000,8952,3,MZ,1,100,-4
1766633929.791804,67663.000,8952,3,MZ,1,100, 0
1766633929.831801,67703.000,8970,2,MZ,1,100, 5
1766633929.871798,67743.000,8970,2,MZ,1,100, 6
1766633929.911794,67783.000,8984,3,MZ,1,100, 7
1766633929.951791,67823.000,8984,3,MZ,1,100, 6
1766633929.991788,67863.000,8984,3,MZ,1,100, 4
1766633930.031785,67903.000,9001,2,MZ,1,100,-1
1766633930.071781,67943.000,9001,2,MZ,1,100,-1
1766633930.111778,67983.000,9017,3,MZ,1,100,-3
1766633930.151775,68023.000,9017,3,MZ,1,100,-13
1766633930.191772,68063.000,9017,3,MZ,1,100,-20
1766633930.231768,68103.000,9037,2,MZ,1,100,-23
1766633930.271765,68143.000,9037,2,MZ,1,100,-25
1766633930.307096,68178.333,9051,3,MZ,1,100,-25
1766633930.342426,68213.667,9051,3,MZ,1,100,-23
1766633930.377757,68249.000,9051,3,MZ,1,100,-22
1766633930.418087,68289.333,9068,3,MZ,1,100,-22
1766633930.458417,68329.667,9068,3,MZ,1,100,-21
1766633930.498747,68370.000,9068,3,MZ,1,100,-22
1766633930.538244,68409.500,9085,2,MZ,1,100,-19
1766633930.577740,68449.000,9085,2,MZ,1,100,-14
1766633930.617737,68489.000,9102,3,MZ,1,100,-3
1766633930.657734,68529.000,9102,3,MZ,1,100, 5
1766633930.697731,68569.000,9102,3,MZ,1,100, 5
1766633930.737728,68609.000,9116,2,MZ,1,100, 4
1766633930.777724,68649.000,9116,2,MZ,1,100, 4
1766633930.817721,68689.000,9134,3,MZ,1,100, 5
1766633930.857718,68729.000,9134,3,MZ,1,100, 6
1766633930.897715,68769.000,9134,3,MZ,1,100, 6
1766633930.937711,68809.000,9150,2,MZ,1,100, 3
1766633930.977708,68849.000,9150,2,MZ,1,100, 2
1766633931.017705,68889.000,9169,3,MZ,1,100, 2
1766633931.057702,68929.000,9169,3,MZ,1,100, 1
1766633931.097698,68969.000,9169,3,MZ,1,100, 0
1766633931.133696,69005.000,9184,3,MZ,1,100, 0
1766633931.169693,69041.000,9184,3,MZ,1,100,-2
1766633931.205690,69077.000,9184,3,MZ,1,100,-8
1766633931.245687,69117.000,9201,2,MZ,1,100,-14
1766633931.285683,69157.000,9201,2,MZ,1,100,-16
1766633931.325347,69196.667,9217,3,MZ,1,100,-19
1766633931.365010,69236.333,9217,3,MZ,1,100,-18
1766633931.404674,69276.000,9217,3,MZ,1,100,-17
1766633931.444670,69316.000,9236,2,MZ,1,100,-14
1766633931.484667,69356.000,9236,2,MZ,1,100,-12
1766633931.524997,69396.333,9253,3,MZ,1,100,-9
1766633931.565327,69436.667,9253,3,MZ,1,100,-3
1766633931.605657,69477.000,9253,3,MZ,1,100, 3
1766633931.645654,69517.000,9268,2,MZ,1,100, 5
1766633931.685651,69557.000,9268,2,MZ,1,100, 2
1766633931.725648,69597.000,9284,3,MZ,1,100, 2
1766633931.765644,69637.000,9284,3,MZ,1,100, 2
1766633931.805641,69677.000,9284,3,MZ,1,100, 2
1766633931.845638,69717.000,9302,3,MZ,1,100, 0
1766633931.885635,69757.000,9302,3,MZ,1,100,-1
1766633931.925632,69797.000,9302,3,MZ,1,100,-3
1766633931.965128,69836.500,9318,2,MZ,1,100,-4
1766633932.004625,69876.000,9318,2,MZ,1,100,-3
1766633932.039956,69911.333,9335,3,MZ,1,100,-1
1766633932.075286,69946.667,9335,3,MZ,1,100, 1
1766633932.110616,69982.000,9335,3,MZ,1,100, 2
1766633932.150613,70022.000,9356,4,MZ,1,100, 0
1766633932.190610,70062.000,9356,4,MZ,1,100, 0
1766633932.230607,70102.000,9356,4,MZ,1,100,-1
1766633932.270604,70142.000,9356,4,MZ,1,100,-1
1766633932.310600,70182.000,9370,3,MZ,1,100,-1
1766633932.350597,70222.000,9370,3,MZ,1,100,-3
1766633932.390594,70262.000,9370,3,MZ,1,100,-3
1766633932.430591,70302.000,9387,2,MZ,1,100,-3
1766633932.470587,70342.000,9387,2,MZ,1,100,-2
1766633932.510584,70382.000,9404,3,MZ,1,100,-1
1766633932.550581,70422.000,9404,3,MZ,1,100,-2
1766633932.590578,70462.000,9404,3,MZ,1,100,-3
1766633932.630574,70502.000,9423,3,MZ,1,100,-3
1766633932.670571,70542.000,9423,3,MZ,1,100,-3
1766633932.710568,70582.000,9423,3,MZ,1,100,-3
1766633932.750565,70622.000,9439,2,MZ,1,100,-4
1766633932.790561,70662.000,9439,2,MZ,1,100,-5
1766633932.826225,70697.667,9455,3,MZ,1,100,-5
1766633932.861889,70733.333,9455,3,MZ,1,100,-7
1766633932.897553,70769.000,9455,3,MZ,1,100,-7
1766633932.937550,70809.000,9473,3,MZ,1,100,-6
1766633932.977546,70849.000,9473,3,MZ,1,100,-4
1766633933.017543,70889.000,9473,3,MZ,1,100,-3
1766633933.057540,70929.000,9490,2,MZ,1,100,-3
1766633933.097537,70969.000,9490,2,MZ,1,100,-1
1766633933.137533,71009.000,9507,3,MZ,1,100, 0
1766633933.177530,71049.000,9507,3,MZ,1,100, 0
1766633933.217527,71089.000,9507,3,MZ,1,100,-1
1766633933.257524,71129.000,9522,2,MZ,1,100,-1
1766633933.297521,71169.000,9522,2,MZ,1,100,-2
1766633933.337517,71209.000,9538,3,MZ,1,100,-2
1766633933.377514,71249.000,9538,3,MZ,1,100,-2
1766633933.417511,71289.000,9538,3,MZ,1,100,-5
1766633933.458008,71329.500,9555,2,MZ,1,100,-10
1766633933.498504,71370.000,9555,2,MZ,1,100,-16
1766633933.538501,71410.000,9572,3,MZ,1,100,-31
1766633933.578498,71450.000,9572,3,MZ,1,100,-43
1766633933.618495,71490.000,9572,3,MZ,1,100,-50
1766633933.653825,71525.333,9587,3,MZ,1,100,-48
1766633933.689156,71560.667,9587,3,MZ,1,100,-48
1766633933.724486,71596.000,9587,3,MZ,1,100,-48
1766633933.764483,71636.000,9605,2,MZ,1,100,-46
1766633933.804480,71676.000,9605,2,MZ,1,100,-43
1766633933.844476,71716.000,9623,3,MZ,1,100,-42
1766633933.884473,71756.000,9623,3,MZ,1,100,-43
1766633933.924470,71796.000,9623,3,MZ,1,100,-44
1766633933.964467,71836.000,9641,2,MZ,1,100,-48
1766633934.004463,71876.000,9641,2,MZ,1,100,-49
1766633934.044460,71916.000,9656,3,MZ,1,100,-41
1766633934.084457,71956.000,9656,3,MZ,1,100,-16
1766633934.124454,71996.000,9656,3,MZ,1,100,-2
1766633934.164450,72036.000,9673,2,MZ,1,100, 2
1766633934.204447,72076.000,9673,2,MZ,1,100,-1
1766633934.244444,72116.000,9692,3,MZ,1,100,-37
1766633934.284441,72156.000,9692,3,MZ,1,100,-70
1766633934.324438,72196.000,9692,3,MZ,1,100,-69
1766633934.364434,72236.000,9708,2,MZ,1,100,-46
1766633934.404431,72276.000,9708,2,MZ,1,100,-13
1766633934.444428,72316.000,9724,3,MZ,1,100,-11
1766633934.484425,72356.000,9724,3,MZ,1,100,-39
1766633934.524421,72396.000,9724,3,MZ,1,100,-72
1766633934.559752,72431.333,9743,3,MZ,1,100,-76
1766633934.595082,72466.667,9743,3,MZ,1,100,-54
1766633934.630413,72502.000,9743,3,MZ,1,100,-15
1766633934.670409,72542.000,9760,2,MZ,1,100,-1
1766633934.710406,72582.000,9760,2,MZ,1,100,-23
1766633934.750403,72622.000,9777,3,MZ,1,100,-65
1766633934.790400,72662.000,9777,3,MZ,1,100,-81
1766633934.830397,72702.000,9777,3,MZ,1,100,-76
1766633934.870393,72742.000,9796,2,MZ,1,100,-58
1766633934.910390,72782.000,9796,2,MZ,1,100,-27
1766633934.950387,72822.000,9811,3,MZ,1,100,-10
1766633934.990384,72862.000,9811,3,MZ,1,100,-14
1766633935.030380,72902.000,9811,3,MZ,1,100,-45
1766633935.070377,72942.000,9829,3,MZ,1,100,-75
1766633935.110374,72982.000,9829,3,MZ,1,100,-78
1766633935.150371,73022.000,9829,3,MZ,1,100,-64
1766633935.190367,73062.000,9846,2,MZ,1,100,-30
1766633935.230364,73102.000,9846,2,MZ,1,100,-12
1766633935.270361,73142.000,9867,3,MZ,1,100,-22
1766633935.310358,73182.000,9867,3,MZ,1,100,-56
1766633935.350354,73222.000,9867,3,MZ,1,100,-79
1766633935.386018,73257.667,9881,3,MZ,1,100,-75
1766633935.421682,73293.333,9881,3,MZ,1,100,-49
1766633935.457346,73329.000,9881,3,MZ,1,100,-10
1766633935.497343,73369.000,9901,2,MZ,1,100, 2
1766633935.537339,73409.000,9901,2,MZ,1,100,-4
1766633935.577336,73449.000,9920,3,MZ,1,100,-43
1766633935.617333,73489.000,9920,3,MZ,1,100,-77
1766633935.657330,73529.000,9920,3,MZ,1,100,-76
1766633935.697326,73569.000,9939,2,MZ,1,100,-62
1766633935.737323,73609.000,9939,2,MZ,1,100,-27
1766633935.777320,73649.000,9953,3,MZ,1,100, 0
1766633935.817317,73689.000,9953,3,MZ,1,100, 2
1766633935.857314,73729.000,9953,3,MZ,1,100,-13
1766633935.897310,73769.000,9973,2,MZ,1,100,-59
1766633935.937307,73809.000,9973,2,MZ,1,100,-78
1766633935.977304,73849.000,9989,3,MZ,1,100,-68
1766633936.017301,73889.000,9989,3,MZ,1,100,-37
1766633936.057297,73929.000,9989,3,MZ,1,100,-8
1766633936.097294,73969.000,10008,2,MZ,1,100, 0
1766633936.137291,74009.000,10008,2,MZ,1,100,-6
1766633936.172621,74044.333,10024,3,MZ,1,100,-38
1766633936.207952,74079.667,10024,3,MZ,1,100,-75
1766633936.243282,74115.000,10024,3,MZ,1,100,-73
1766633936.283279,74155.000,10041,3,MZ,1,100,-47
1766633936.323276,74195.000,10041,3,MZ,1,100,-12
1766633936.363273,74235.000,10041,3,MZ,1,100,-1
1766633936.403269,74275.000,10059,2,MZ,1,100,-4
1766633936.443266,74315.000,10059,2,MZ,1,100,-28
1766633936.483263,74355.000,10077,3,MZ,1,100,-64
1766633936.523260,74395.000,10077,3,MZ,1,100,-75
1766633936.563257,74435.000,10077,3,MZ,1,100,-67
1766633936.603253,74475.000,10094,2,MZ,1,100,-40
1766633936.643250,74515.000,10094,2,MZ,1,100,-11
1766633936.683247,74555.000,10110,3,MZ,1,100,-3
1766633936.723243,74595.000,10110,3,MZ,1,100,-23
1766633936.763240,74635.000,10110,3,MZ,1,100,-65
1766633936.803237,74675.000,10126,2,MZ,1,100,-80
1766633936.843234,74715.000,10126,2,MZ,1,100,-69
1766633936.883231,74755.000,10144,3,MZ,1,100,-38
1766633936.923227,74795.000,10144,3,MZ,1,100,-8
1766633936.963224,74835.000,10144,3,MZ,1,100,-6
1766633936.998888,74870.667,10160,3,MZ,1,100,-31
1766633937.034552,74906.333,10160,3,MZ,1,100,-73
1766633937.070215,74942.000,10160,3,MZ,1,100,-80
1766633937.110212,74982.000,10176,2,MZ,1,100,-64
1766633937.150209,75022.000,10176,2,MZ,1,100,-35
1766633937.190206,75062.000,10195,3,MZ,1,100,-23
1766633937.230202,75102.000,10195,3,MZ,1,100,-35
1766633937.270199,75142.000,10195,3,MZ,1,100,-64
1766633937.310196,75182.000,10221,3,MZ,1,100,-79
1766633937.350193,75222.000,10221,3,MZ,1,100,-80
1766633937.390190,75262.000,10221,3,MZ,1,100,-70
1766633937.430186,75302.000,10237,2,MZ,1,100,-43
1766633937.470183,75342.000,10237,2,MZ,1,100,-27
1766633937.510180,75382.000,10255,3,MZ,1,100,-46
1766633937.550177,75422.000,10255,3,MZ,1,100,-76
1766633937.590173,75462.000,10255,3,MZ,1,100,-87
1766633937.630170,75502.000,10271,2,MZ,1,100,-86
1766633937.670167,75542.000,10271,2,MZ,1,100,-80
1766633937.710164,75582.000,10288,3,MZ,1,100,-61
1766633937.750160,75622.000,10288,3,MZ,1,100,-40
1766633937.790157,75662.000,10288,3,MZ,1,100,-38
1766633937.825821,75697.667,10307,3,MZ,1,100,-62
1766633937.861485,75733.333,10307,3,MZ,1,100,-84
1766633937.897149,75769.000,10307,3,MZ,1,100,-83
1766633937.937145,75809.000,10323,2,MZ,1,100,-64
1766633937.977142,75849.000,10323,2,MZ,1,100,-39
1766633938.017139,75889.000,10342,3,MZ,1,100,-36
1766633938.057136,75929.000,10342,3,MZ,1,100,-57
1766633938.097132,75969.000,10342,3,MZ,1,100,-80
1766633938.137129,76009.000,10359,2,MZ,1,100,-85
1766633938.177126,76049.000,10359,2,MZ,1,100,-76
1766633938.217123,76089.000,10376,3,MZ,1,100,-51
1766633938.257119,76129.000,10376,3,MZ,1,100,-28
1766633938.297116,76169.000,10376,3,MZ,1,100,-34
1766633938.336613,76208.500,10392,2,MZ,1,100,-59
1766633938.376110,76248.000,10392,2,MZ,1,100,-79
1766633938.416440,76288.333,10407,3,MZ,1,100,-70
1766633938.456770,76328.667,10407,3,MZ,1,100,-46
1766633938.497100,76369.000,10407,3,MZ,1,100,-10
1766633938.537097,76409.000,10427,3,MZ,1,100, 7
1766633938.577094,76449.000,10427,3,MZ,1,100,-1
1766633938.617090,76489.000,10427,3,MZ,1,100,-43
1766633938.656587,76528.500,10443,2,MZ,1,100,-72
1766633938.696084,76568.000,10443,2,MZ,1,100,-54
1766633938.731748,76603.667,10460,3,MZ,1,100,-19
1766633938.767411,76639.333,10460,3,MZ,1,100, 4
1766633938.803075,76675.000,10460,3,MZ,1,100,-17
1766633938.843072,76715.000,10477,2,MZ,1,100,-59
1766633938.883069,76755.000,10477,2,MZ,1,100,-78
1766633938.923066,76795.000,10496,3,MZ,1,100,-72
1766633938.963062,76835.000,10496,3,MZ,1,100,-50
1766633939.003059,76875.000,10496,3,MZ,1,100,-19
1766633939.043056,76915.000,10515,3,MZ,1,100,-18
1766633939.083053,76955.000,10515,3,MZ,1,100,-57
1766633939.123049,76995.000,10515,3,MZ,1,100,-83
1766633939.163046,77035.000,10533,2,MZ,1,100,-84
1766633939.203043,77075.000,10533,2,MZ,1,100,-73
1766633939.243040,77115.000,10547,3,MZ,1,100,-53
1766633939.283036,77155.000,10547,3,MZ,1,100,-32
1766633939.323033,77195.000,10547,3,MZ,1,100,-38
1766633939.363030,77235.000,10568,2,MZ,1,100,-57
1766633939.403027,77275.000,10568,2,MZ,1,100,-71
1766633939.443024,77315.000,10584,3,MZ,1,100,-76
1766633939.483020,77355.000,10584,3,MZ,1,100,-73
1766633939.523017,77395.000,10584,3,MZ,1,100,-49
1766633939.558681,77430.667,10604,3,MZ,1,100,-20
1766633939.594345,77466.333,10604,3,MZ,1,100,-19
1766633939.630008,77502.000,10604,3,MZ,1,100,-50
1766633939.670005,77542.000,10619,2,MZ,1,100,-81
1766633939.710002,77582.000,10619,2,MZ,1,100,-72
1766633939.749999,77622.000,10636,3,MZ,1,100,-51
1766633939.789995,77662.000,10636,3,MZ,1,100,-17
1766633939.829992,77702.000,10636,3,MZ,1,100, 6
1766633939.869989,77742.000,10653,2,MZ,1,100, 9
1766633939.909986,77782.000,10653,2,MZ,1,100,-12
1766633939.949983,77822.000,10670,3,MZ,1,100,-60
1766633939.989979,77862.000,10670,3,MZ,1,100,-68
1766633940.029976,77902.000,10670,3,MZ,1,100,-38
1766633940.069973,77942.000,10684,2,MZ,1,100,-3
1766633940.109970,77982.000,10684,2,MZ,1,100,11
1766633940.150300,78022.333,10702,3,MZ,1,100,-14
1766633940.190630,78062.667,10702,3,MZ,1,100,-57
1766633940.230960,78103.000,10702,3,MZ,1,100,-70
1766633940.270457,78142.500,10720,2,MZ,1,100,-65
1766633940.309953,78182.000,10720,2,MZ,1,100,-65
1766633940.345284,78217.333,10737,3,MZ,1,100,-48
1766633940.380615,78252.667,10737,3,MZ,1,100,-17
1766633940.415945,78288.000,10737,3,MZ,1,100,-9
1766633940.455942,78328.000,10754,3,MZ,1,100,-44
1766633940.495939,78368.000,10754,3,MZ,1,100,-78
1766633940.535935,78408.000,10754,3,MZ,1,100,-83
1766633940.575932,78448.000,10771,2,MZ,1,100,-70
1766633940.615929,78488.000,10771,2,MZ,1,100,-58
1766633940.655926,78528.000,10787,3,MZ,1,100,-46
1766633940.695922,78568.000,10787,3,MZ,1,100,-43
1766633940.735919,78608.000,10787,3,MZ,1,100,-44
1766633940.775916,78648.000,10804,2,MZ,1,100,-42
1766633940.815912,78688.000,10804,2,MZ,1,100,-41
1766633940.855909,78728.000,10821,3,MZ,1,100,-40
1766633940.895906,78768.000,10821,3,MZ,1,100,-40
1766633940.935903,78808.000,10821,3,MZ,1,100,-42
1766633940.975900,78848.000,10836,2,MZ,1,100,-43
1766633941.015896,78888.000,10836,2,MZ,1,100,-44
1766633941.055893,78928.000,10852,3,MZ,1,100,-46
1766633941.095890,78968.000,10852,3,MZ,1,100,-47
1766633941.135887,79008.000,10852,3,MZ,1,100,-50
1766633941.175884,79048.000,10870,3,MZ,1,100,-52
1766633941.215880,79088.000,10870,3,MZ,1,100,-52
1766633941.255877,79128.000,10870,3,MZ,1,100,-54
1766633941.289374,79161.500,10886,2,MZ,1,100,-53
1766633941.322871,79195.000,10886,2,MZ,1,100,-51
1766633941.362868,79235.000,10901,3,MZ,1,100,-51
1766633941.402865,79275.000,10901,3,MZ,1,100,-52
1766633941.442862,79315.000,10901,3,MZ,1,100,-52
1766633941.482859,79355.000,10918,3,MZ,1,100,-51
1766633941.522855,79395.000,10918,3,MZ,1,100,-51
1766633941.562852,79435.000,10918,3,MZ,1,100,-50
1766633941.602849,79475.000,10935,2,MZ,1,100,-50
1766633941.642846,79515.000,10935,2,MZ,1,100,-50
1766633941.682842,79555.000,10951,3,MZ,1,100,-50
1766633941.722839,79595.000,10951,3,MZ,1,100,-50
1766633941.762836,79635.000,10951,3,MZ,1,100,-52
1766633941.802833,79675.000,10968,2,MZ,1,100,-51
1766633941.842829,79715.000,10968,2,MZ,1,100,-52
1766633941.882826,79755.000,10985,3,MZ,1,100,-52
1766633941.922823,79795.000,10985,3,MZ,1,100,-52
1766633941.962820,79835.000,10985,3,MZ,1,100,-52
1766633941.998484,79870.667,11002,3,MZ,1,100,-53
1766633942.034147,79906.333,11002,3,MZ,1,100,-53
1766633942.069811,79942.000,11002,3,MZ,1,100,-54
1766633942.109808,79982.000,11018,2,MZ,1,100,-45
1766633942.149805,80022.000,11018,2,MZ,1,100,-20
1766633942.189801,80062.000,11034,3,MZ,1,100,-11
1766633942.229798,80102.000,11034,3,MZ,1,100,-12
1766633942.269795,80142.000,11034,3,MZ,1,100,-13
1766633942.309792,80182.000,11050,2,MZ,1,100,-47
1766633942.349788,80222.000,11050,2,MZ,1,100,-72
1766633942.389785,80262.000,11072,3,MZ,1,100,-53
1766633942.429782,80302.000,11072,3,MZ,1,100,-29
1766633942.469779,80342.000,11072,3,MZ,1,100,-16
1766633942.509776,80382.000,11089,3,MZ,1,100,-25
1766633942.549772,80422.000,11089,3,MZ,1,100,-40
1766633942.589769,80462.000,11089,3,MZ,1,100,-57
1766633942.629766,80502.000,11106,2,MZ,1,100,-63
1766633942.669763,80542.000,11106,2,MZ,1,100,-61
1766633942.709759,80582.000,11122,3,MZ,1,100,-59
1766633942.749756,80622.000,11122,3,MZ,1,100,-58
1766633942.789753,80662.000,11122,3,MZ,1,100,-53
1766633942.829750,80702.000,11140,2,MZ,1,100,-54
1766633942.869746,80742.000,11140,2,MZ,1,100,-52
1766633942.905077,80777.333,11156,3,MZ,1,100,-52
1766633942.940408,80812.667,11156,3,MZ,1,100,-52
1766633942.975738,80848.000,11156,3,MZ,1,100,-52
1766633943.015735,80888.000,11173,3,MZ,1,100,-51
1766633943.055732,80928.000,11173,3,MZ,1,100,-52
1766633943.095728,80968.000,11173,3,MZ,1,100,-50
1766633943.135725,81008.000,11187,2,MZ,1,100,-51
1766633943.175722,81048.000,11187,2,MZ,1,100,-50
1766633943.215719,81088.000,11207,3,MZ,1,100,-50
1766633943.255715,81128.000,11207,3,MZ,1,100,-50
1766633943.295712,81168.000,11207,3,MZ,1,100,-49
1766633943.335709,81208.000,11223,2,MZ,1,100,-50
1766633943.375705,81248.000,11223,2,MZ,1,100,-51
1766633943.415702,81288.000,11240,3,MZ,1,100,-50
1766633943.455699,81328.000,11240,3,MZ,1,100,-51
1766633943.495696,81368.000,11240,3,MZ,1,100,-51
1766633943.535693,81408.000,11255,2,MZ,1,100,-49
1766633943.575689,81448.000,11255,2,MZ,1,100,-50
1766633943.615686,81488.000,11272,3,MZ,1,100,-51
1766633943.655683,81528.000,11272,3,MZ,1,100,-51
1766633943.695680,81568.000,11272,3,MZ,1,100,-51
1766633943.731344,81603.667,11288,3,MZ,1,100,-51
1766633943.767007,81639.333,11288,3,MZ,1,100,-52
1766633943.802671,81675.000,11288,3,MZ,1,100,-52
1766633943.842668,81715.000,11306,2,MZ,1,100,-52
1766633943.882665,81755.000,11306,2,MZ,1,100,-51
1766633943.922661,81795.000,11323,3,MZ,1,100,-51
1766633943.962658,81835.000,11323,3,MZ,1,100,-50
1766633944.002655,81875.000,11323,3,MZ,1,100,-51
1766633944.042652,81915.000,11339,2,MZ,1,100,-51
1766633944.082648,81955.000,11339,2,MZ,1,100,-51
1766633944.122645,81995.000,11356,3,MZ,1,100,-51
1766633944.162642,82035.000,11356,3,MZ,1,100,-51
1766633944.202639,82075.000,11356,3,MZ,1,100,-51
1766633944.242635,82115.000,11373,2,MZ,1,100,-51
1766633944.282632,82155.000,11373,2,MZ,1,100,-52
1766633944.322629,82195.000,11389,3,MZ,1,100,-51
1766633944.362626,82235.000,11389,3,MZ,1,100,-51
1766633944.402622,82275.000,11389,3,MZ,1,100,-52
1766633944.442619,82315.000,11404,2,MZ,1,100,-51
1766633944.482616,82355.000,11404,2,MZ,1,100,-52
1766633944.522613,82395.000,11421,3,MZ,1,100,-51
1766633944.562610,82435.000,11421,3,MZ,1,100,-51
1766633944.602606,82475.000,11421,3,MZ,1,100,-51
1766633944.637937,82510.333,11438,3,MZ,1,100,-51
1766633944.673267,82545.667,11438,3,MZ,1,100,-52
1766633944.708598,82581.000,11438,3,MZ,1,100,-52
1766633944.748595,82621.000,11454,2,MZ,1,100,-51
1766633944.788591,82661.000,11454,2,MZ,1,100,-52
1766633944.828921,82701.333,11470,3,MZ,1,100,-51
1766633944.869251,82741.667,11470,3,MZ,1,100,-51
1766633944.909581,82782.000,11470,3,MZ,1,100,-51
1766633944.949245,82821.667,11486,3,MZ,1,100,-51
1766633944.988909,82861.333,11486,3,MZ,1,100,-52
1766633945.028572,82901.000,11486,3,MZ,1,100,-51
1766633945.068569,82941.000,11503,2,MZ,1,100,-52
1766633945.108565,82981.000,11503,2,MZ,1,100,-51
1766633945.148562,83021.000,11520,3,MZ,1,100,-51
1766633945.188559,83061.000,11520,3,MZ,1,100,-51
1766633945.228556,83101.000,11520,3,MZ,1,100,-50
1766633945.268553,83141.000,11535,2,MZ,1,100,-51
1766633945.308549,83181.000,11535,2,MZ,1,100,-51
1766633945.348546,83221.000,11551,3,MZ,1,100,-52
1766633945.388543,83261.000,11551,3,MZ,1,100,-51
1766633945.428540,83301.000,11551,3,MZ,1,100,-51
1766633945.464203,83336.667,11568,3,MZ,1,100,-51
1766633945.499867,83372.333,11568,3,MZ,1,100,-51
1766633945.535531,83408.000,11568,3,MZ,1,100,-52
1766633945.575528,83448.000,11585,2,MZ,1,100,-51
1766633945.615525,83488.000,11585,2,MZ,1,100,-50
1766633945.655521,83528.000,11600,3,MZ,1,100,-51
1766633945.695518,83568.000,11600,3,MZ,1,100,-52
1766633945.735515,83608.000,11600,3,MZ,1,100,-51
1766633945.775512,83648.000,11616,2,MZ,1,100,-51
1766633945.815508,83688.000,11616,2,MZ,1,100,-51
1766633945.855505,83728.000,11634,3,MZ,1,100,-51
1766633945.895502,83768.000,11634,3,MZ,1,100,-51
1766633945.935498,83808.000,11634,3,MZ,1,100,-52
1766633945.975495,83848.000,11650,2,MZ,1,100,-49
1766633946.015492,83888.000,11650,2,MZ,1,100,-51
1766633946.055489,83928.000,11666,3,MZ,1,100,-51
1766633946.095486,83968.000,11666,3,MZ,1,100,-51
1766633946.135482,84008.000,11666,3,MZ,1,100,-51
1766633946.171146,84043.667,11682,3,MZ,1,100,-51
1766633946.206810,84079.333,11682,3,MZ,1,100,-52
1766633946.242474,84115.000,11682,3,MZ,1,100,-51
1766633946.282470,84155.000,11699,2,MZ,1,100,-51
1766633946.322467,84195.000,11699,2,MZ,1,100,-50
1766633946.362464,84235.000,11715,3,MZ,1,100,-51
1766633946.402461,84275.000,11715,3,MZ,1,100,-52
1766633946.442458,84315.000,11715,3,MZ,1,100,-50
1766633946.482454,84355.000,11733,2,MZ,1,100,-51
1766633946.522451,84395.000,11733,2,MZ,1,100,-52
1766633946.562448,84435.000,11747,3,MZ,1,100,-51
1766633946.602445,84475.000,11747,3,MZ,1,100,-50
1766633946.642441,84515.000,11747,3,MZ,1,100,-52
1766633946.682438,84555.000,11764,2,MZ,1,100,-51
1766633946.722435,84595.000,11764,2,MZ,1,100,-51
1766633946.762432,84635.000,11780,3,MZ,1,100,-51
1766633946.802428,84675.000,11780,3,MZ,1,100,-51
1766633946.842425,84715.000,11780,3,MZ,1,100,-51
1766633946.882422,84755.000,11798,2,MZ,1,100,-51
1766633946.922419,84795.000,11798,2,MZ,1,100,-52
1766633946.962415,84835.000,11812,3,MZ,1,100,-52
1766633947.002412,84875.000,11812,3,MZ,1,100,-52
1766633947.042409,84915.000,11812,3,MZ,1,100,-51
1766633947.077739,84950.333,11829,3,MZ,1,100,-52
1766633947.113070,84985.667,11829,3,MZ,1,100,-51
1766633947.148401,85021.000,11829,3,MZ,1,100,-50
1766633947.188397,85061.000,11846,2,MZ,1,100,-51
1766633947.228394,85101.000,11846,2,MZ,1,100,-52
1766633947.268391,85141.000,11863,3,MZ,1,100,-52
1766633947.308388,85181.000,11863,3,MZ,1,100,-53
1766633947.348384,85221.000,11863,3,MZ,1,100,-53
1766633947.388381,85261.000,11877,2,MZ,1,100,-51
1766633947.428378,85301.000,11877,2,MZ,1,100,-52
1766633947.468374,85341.000,11900,4,MZ,1,100,-52
1766633947.508371,85381.000,11900,4,MZ,1,100,-52
1766633947.548368,85421.000,11900,4,MZ,1,100,-51
1766633947.588365,85461.000,11900,4,MZ,1,100,-51
1766633947.628362,85501.000,11916,2,MZ,1,100,-51
1766633947.668358,85541.000,11916,2,MZ,1,100,-51
1766633947.708355,85581.000,11933,3,MZ,1,100,-52
1766633947.748352,85621.000,11933,3,MZ,1,100,-51
1766633947.788349,85661.000,11933,3,MZ,1,100,-51
1766633947.828346,85701.000,11950,2,MZ,1,100,-51
1766633947.868342,85741.000,11950,2,MZ,1,100,-51
1766633947.904006,85776.667,11965,3,MZ,1,100,-51
1766633947.939670,85812.333,11965,3,MZ,1,100,-51
1766633947.975334,85848.000,11965,3,MZ,1,100,-51
1766633948.014997,85887.667,11981,3,MZ,1,100,-51
1766633948.054661,85927.333,11981,3,MZ,1,100,-51
1766633948.094324,85967.000,11981,3,MZ,1,100,-51
1766633948.134821,86007.500,11998,2,MZ,1,100,-51
1766633948.175318,86048.000,11998,2,MZ,1,100,-52
1766633948.215314,86088.000,12015,3,MZ,1,100,-51
1766633948.255311,86128.000,12015,3,MZ,1,100,-52
1766633948.295308,86168.000,12015,3,MZ,1,100,-50
1766633948.335304,86208.000,12030,2,MZ,1,100,-51
1766633948.375301,86248.000,12030,2,MZ,1,100,-51
1766633948.415298,86288.000,12046,3,MZ,1,100,-51
1766633948.455295,86328.000,12046,3,MZ,1,100,-51
1766633948.495291,86368.000,12046,3,MZ,1,100,-51
1766633948.535288,86408.000,12064,2,MZ,1,100,-51
1766633948.575285,86448.000,12064,2,MZ,1,100,-51
1766633948.615282,86488.000,12080,3,MZ,1,100,-51
1766633948.655279,86528.000,12080,3,MZ,1,100,-51
1766633948.695275,86568.000,12080,3,MZ,1,100,-52
1766633948.730606,86603.333,12095,3,MZ,1,100,-52
1766633948.765936,86638.667,12095,3,MZ,1,100,-51
1766633948.801267,86674.000,12095,3,MZ,1,100,-51
1766633948.841264,86714.000,12112,2,MZ,1,100,-51
1766633948.881260,86754.000,12112,2,MZ,1,100,-51
1766633948.921257,86794.000,12131,3,MZ,1,100,-52
1766633948.961254,86834.000,12131,3,MZ,1,100,-51
1766633949.001251,86874.000,12131,3,MZ,1,100,-52
1766633949.041247,86914.000,12147,2,MZ,1,100,-52
1766633949.081244,86954.000,12147,2,MZ,1,100,-50
1766633949.121241,86994.000,12163,3,MZ,1,100,-50
1766633949.161238,87034.000,12163,3,MZ,1,100,-52
1766633949.201235,87074.000,12163,3,MZ,1,100,-52
1766633949.241231,87114.000,12179,2,MZ,1,100,-51
1766633949.281228,87154.000,12179,2,MZ,1,100,-52
1766633949.321225,87194.000,12196,3,MZ,1,100,-52
1766633949.361222,87234.000,12196,3,MZ,1,100,-51
1766633949.401218,87274.000,12196,3,MZ,1,100,-52
1766633949.441215,87314.000,12212,2,MZ,1,100,-52
1766633949.481212,87354.000,12212,2,MZ,1,100,-51
1766633949.521209,87394.000,12230,3,MZ,1,100,-51
1766633949.561205,87434.000,12230,3,MZ,1,100,-53
1766633949.601202,87474.000,12230,3,MZ,1,100,-52
1766633949.636866,87509.667,12244,3,MZ,1,100,-53
1766633949.672530,87545.333,12244,3,MZ,1,100,-52
1766633949.708194,87581.000,12244,3,MZ,1,100,-51
1766633949.748190,87621.000,12261,2,MZ,1,100,-53
1766633949.788187,87661.000,12261,2,MZ,1,100,-52
1766633949.828184,87701.000,12278,3,MZ,1,100,-52
1766633949.868181,87741.000,12278,3,MZ,1,100,-52
1766633949.908177,87781.000,12278,3,MZ,1,100,-53
1766633949.948174,87821.000,12295,2,MZ,1,100,-52
1766633949.988171,87861.000,12295,2,MZ,1,100,-51
1766633950.028167,87901.000,12309,3,MZ,1,100,-51
1766633950.068164,87941.000,12309,3,MZ,1,100,-53
1766633950.108161,87981.000,12309,3,MZ,1,100,-51
1766633950.148158,88021.000,12327,3,MZ,1,100,-52
1766633950.188155,88061.000,12327,3,MZ,1,100,-52
1766633950.228151,88101.000,12327,3,MZ,1,100,-53
1766633950.268148,88141.000,12343,2,MZ,1,100,-53
1766633950.308145,88181.000,12343,2,MZ,1,100,-52
1766633950.343809,88216.667,12360,3,MZ,1,100,-51
1766633950.379472,88252.333,12360,3,MZ,1,100,-53
1766633950.415136,88288.000,12360,3,MZ,1,100,-52
1766633950.455133,88328.000,12374,2,MZ,1,100,-53
1766633950.495130,88368.000,12374,2,MZ,1,100,-51
1766633950.535127,88408.000,12392,3,MZ,1,100,-51
1766633950.575123,88448.000,12392,3,MZ,1,100,-51
1766633950.615120,88488.000,12392,3,MZ,1,100,-53
1766633950.655117,88528.000,12408,3,MZ,1,100,-53
1766633950.695114,88568.000,12408,3,MZ,1,100,-52
1766633950.735111,88608.000,12408,3,MZ,1,100,-51
1766633950.775107,88648.000,12425,2,MZ,1,100,-52
1766633950.815104,88688.000,12425,2,MZ,1,100,-52
1766633950.855101,88728.000,12440,3,MZ,1,100,-51
1766633950.895097,88768.000,12440,3,MZ,1,100,-53
1766633950.935094,88808.000,12440,3,MZ,1,100,-53
1766633950.975091,88848.000,12457,2,MZ,1,100,-52
1766633951.015088,88888.000,12457,2,MZ,1,100,-52
1766633951.055084,88928.000,12473,3,MZ,1,100,-53
1766633951.095081,88968.000,12473,3,MZ,1,100,-52
1766633951.135078,89008.000,12473,3,MZ,1,100,-52
1766633951.175075,89048.000,12491,2,MZ,1,100,-52
1766633951.215072,89088.000,12491,2,MZ,1,100,-51
1766633951.250402,89123.333,12506,3,MZ,1,100,-51
1766633951.285733,89158.667,12506,3,MZ,1,100,-53
1766633951.321063,89194.000,12506,3,MZ,1,100,-52
1766633951.361060,89234.000,12522,3,MZ,1,100,-53
1766633951.401057,89274.000,12522,3,MZ,1,100,-53
1766633951.441053,89314.000,12522,3,MZ,1,100,-52
1766633951.481050,89354.000,12539,2,MZ,1,100,-52
1766633951.521047,89394.000,12539,2,MZ,1,100,-52
1766633951.561044,89434.000,12556,3,MZ,1,100,-52
1766633951.601040,89474.000,12556,3,MZ,1,100,-52
1766633951.641037,89514.000,12556,3,MZ,1,100,-53
1766633951.681034,89554.000,12572,2,MZ,1,100,-51
1766633951.721031,89594.000,12572,2,MZ,1,100,-52
1766633951.761028,89634.000,12587,3,MZ,1,100,-51
1766633951.801024,89674.000,12587,3,MZ,1,100,-51
1766633951.841021,89714.000,12587,3,MZ,1,100,-53
1766633951.881018,89754.000,12604,2,MZ,1,100,-51
1766633951.921015,89794.000,12604,2,MZ,1,100,-52
1766633951.961011,89834.000,12621,3,MZ,1,100,-52
1766633952.001008,89874.000,12621,3,MZ,1,100,-52
1766633952.041005,89914.000,12621,3,MZ,1,100,-53
1766633952.076335,89949.333,12637,3,MZ,1,100,-52
1766633952.111666,89984.667,12637,3,MZ,1,100,-51
1766633952.146996,90020.000,12637,3,MZ,1,100,-52
1766633952.186993,90060.000,12653,2,MZ,1,100,-52
1766633952.226990,90100.000,12653,2,MZ,1,100,-52
1766633952.266987,90140.000,12669,3,MZ,1,100,-52
1766633952.306983,90180.000,12669,3,MZ,1,100,-52
1766633952.346980,90220.000,12669,3,MZ,1,100,-51
1766633952.386977,90260.000,12686,2,MZ,1,100,-52
1766633952.426974,90300.000,12686,2,MZ,1,100,-53
1766633952.466970,90340.000,12703,3,MZ,1,100,-52
1766633952.506967,90380.000,12703,3,MZ,1,100,-53
1766633952.546964,90420.000,12703,3,MZ,1,100,-52
1766633952.586961,90460.000,12723,2,MZ,1,100,-52
1766633952.626957,90500.000,12723,2,MZ,1,100,-53
1766633952.666954,90540.000,12739,3,MZ,1,100,-54
1766633952.706951,90580.000,12739,3,MZ,1,100,-51
1766633952.746948,90620.000,12739,3,MZ,1,100,-53
1766633952.786944,90660.000,12756,3,MZ,1,100,-52
1766633952.826941,90700.000,12756,3,MZ,1,100,-53
1766633952.866938,90740.000,12756,3,MZ,1,100,-52
1766633952.900935,90774.000,12773,2,MZ,1,100,-53
1766633952.934932,90808.000,12773,2,MZ,1,100,-53
1766633952.974596,90847.667,12788,3,MZ,1,100,-53
1766633953.014259,90887.333,12788,3,MZ,1,100,-52
1766633953.053923,90927.000,12788,3,MZ,1,100,-53
1766633953.093920,90967.000,12804,2,MZ,1,100,-54
1766633953.133916,91007.000,12804,2,MZ,1,100,-53
1766633953.173913,91047.000,12822,3,MZ,1,100,-53
1766633953.213910,91087.000,12822,3,MZ,1,100,-53
1766633953.253907,91127.000,12822,3,MZ,1,100,-51
1766633953.293904,91167.000,12838,3,MZ,1,100,-54
1766633953.333900,91207.000,12838,3,MZ,1,100,-52
1766633953.373897,91247.000,12838,3,MZ,1,100,-53
1766633953.413894,91287.000,12854,2,MZ,1,100,-53
1766633953.453891,91327.000,12854,2,MZ,1,100,-52
1766633953.493887,91367.000,12870,3,MZ,1,100,-54
1766633953.533884,91407.000,12870,3,MZ,1,100,-53
1766633953.573881,91447.000,12870,3,MZ,1,100,-53
1766633953.613878,91487.000,12887,2,MZ,1,100,-54
1766633953.653874,91527.000,12887,2,MZ,1,100,-53
1766633953.693871,91567.000,12903,3,MZ,1,100,-53
1766633953.733868,91607.000,12903,3,MZ,1,100,-53
1766633953.773865,91647.000,12903,3,MZ,1,100,-53
1766633953.809529,91682.667,12921,3,MZ,1,100,-53
1766633953.845192,91718.333,12921,3,MZ,1,100,-53
1766633953.880856,91754.000,12921,3,MZ,1,100,-52
1766633953.920853,91794.000,12937,2,MZ,1,100,-54
1766633953.960850,91834.000,12937,2,MZ,1,100,-52
1766633954.000846,91874.000,12954,3,MZ,1,100,-52
1766633954.040843,91914.000,12954,3,MZ,1,100,-52
1766633954.080840,91954.000,12954,3,MZ,1,100,-54
1766633954.120837,91994.000,12970,2,MZ,1,100,-51
1766633954.160833,92034.000,12970,2,MZ,1,100,-52
1766633954.200497,92073.667,12988,3,MZ,1,100,-51
1766633954.240160,92113.333,12988,3,MZ,1,100,-52
1766633954.279824,92153.000,12988,3,MZ,1,100,-52
1766633954.320321,92193.500,13002,2,MZ,1,100,-52
1766633954.360817,92234.000,13002,2,MZ,1,100,-53
1766633954.400814,92274.000,13019,3,MZ,1,100,-53
1766633954.440811,92314.000,13019,3,MZ,1,100,-52
1766633954.480808,92354.000,13019,3,MZ,1,100,-53
1766633954.520804,92394.000,13036,3,MZ,1,100,-51
1766633954.560801,92434.000,13036,3,MZ,1,100,-53
1766633954.600798,92474.000,13036,3,MZ,1,100,-53
1766633954.634295,92507.500,13053,2,MZ,1,100,-51
1766633954.667792,92541.000,13053,2,MZ,1,100,-52
1766633954.707789,92581.000,13067,3,MZ,1,100,-53
1766633954.747786,92621.000,13067,3,MZ,1,100,-53
1766633954.787783,92661.000,13067,3,MZ,1,100,-52
1766633954.827780,92701.000,13085,2,MZ,1,100,-52
1766633954.867776,92741.000,13085,2,MZ,1,100,-53
1766633954.907773,92781.000,13101,3,MZ,1,100,-53
1766633954.947770,92821.000,13101,3,MZ,1,100,-53
1766633954.987767,92861.000,13101,3,MZ,1,100,-53
1766633955.027763,92901.000,13118,3,MZ,1,100,-51
1766633955.067760,92941.000,13118,3,MZ,1,100,-52
1766633955.107757,92981.000,13118,3,MZ,1,100,-53
1766633955.147753,93021.000,13132,2,MZ,1,100,-52
1766633955.187750,93061.000,13132,2,MZ,1,100,-53
1766633955.227747,93101.000,13150,3,MZ,1,100,-53
1766633955.267744,93141.000,13150,3,MZ,1,100,-52
1766633955.307741,93181.000,13150,3,MZ,1,100,-52
1766633955.347737,93221.000,13166,2,MZ,1,100,-52
1766633955.387734,93261.000,13166,2,MZ,1,100,-53
1766633955.423065,93296.333,13183,3,MZ,1,100,-53
1766633955.458395,93331.667,13183,3,MZ,1,100,-52
1766633955.493726,93367.000,13183,3,MZ,1,100,-51
1766633955.533722,93407.000,13200,3,MZ,1,100,-53
1766633955.573719,93447.000,13200,3,MZ,1,100,-53
1766633955.613716,93487.000,13200,3,MZ,1,100,-53
1766633955.653713,93527.000,13215,2,MZ,1,100,-53
1766633955.693709,93567.000,13215,2,MZ,1,100,-53
1766633955.733706,93607.000,13231,3,MZ,1,100,-52
1766633955.773703,93647.000,13231,3,MZ,1,100,-42
1766633955.813700,93687.000,13231,3,MZ,1,100,-19
1766633955.853697,93727.000,13249,2,MZ,1,100, 1
1766633955.893693,93767.000,13249,2,MZ,1,100, 8
1766633955.933690,93807.000,13265,3,MZ,1,100, 9
1766633955.973687,93847.000,13265,3,MZ,1,100,11
1766633956.013684,93887.000,13265,3,MZ,1,100,12
1766633956.053680,93927.000,13280,2,MZ,1,100,12
1766633956.093677,93967.000,13280,2,MZ,1,100,11
1766633956.133674,94007.000,13299,3,MZ,1,100, 0
1766633956.173671,94047.000,13299,3,MZ,1,100,-24
1766633956.213667,94087.000,13299,3,MZ,1,100,-51
1766633956.248998,94122.333,13316,3,MZ,1,100,-60
1766633956.284328,94157.667,13316,3,MZ,1,100,-58
1766633956.319659,94193.000,13316,3,MZ,1,100,-44
1766633956.359656,94233.000,13332,2,MZ,1,100,-14
1766633956.399652,94273.000,13332,2,MZ,1,100, 7
1766633956.439649,94313.000,13347,3,MZ,1,100,11
1766633956.479646,94353.000,13347,3,MZ,1,100,11
1766633956.519643,94393.000,13347,3,MZ,1,100, 1
1766633956.559639,94433.000,13364,2,MZ,1,100,-30
1766633956.599636,94473.000,13364,2,MZ,1,100,-60
1766633956.639633,94513.000,13381,3,MZ,1,100,-59
1766633956.679630,94553.000,13381,3,MZ,1,100,-53
1766633956.719626,94593.000,13381,3,MZ,1,100,-30
1766633956.759623,94633.000,13397,2,MZ,1,100, 0
1766633956.799620,94673.000,13397,2,MZ,1,100, 9
1766633956.839617,94713.000,13415,3,MZ,1,100, 9
1766633956.879614,94753.000,13415,3,MZ,1,100,-11
1766633956.919610,94793.000,13415,3,MZ,1,100,-50
1766633956.959607,94833.000,13431,3,MZ,1,100,-59
1766633956.999604,94873.000,13431,3,MZ,1,100,-47
1766633957.039601,94913.000,13431,3,MZ,1,100,-45
1766633957.073598,94947.000,13448,2,MZ,1,100,-46
1766633957.107595,94981.000,13448,2,MZ,1,100,-47
1766633957.147592,95021.000,13467,3,MZ,1,100,-47
1766633957.187589,95061.000,13467,3,MZ,1,100,-46
1766633957.227585,95101.000,13467,3,MZ,1,100,-48
1766633957.267582,95141.000,13483,2,MZ,1,100,-48
1766633957.307579,95181.000,13483,2,MZ,1,100,-48
1766633957.347576,95221.000,13500,3,MZ,1,100,-48
1766633957.387573,95261.000,13500,3,MZ,1,100,-48
1766633957.427569,95301.000,13500,3,MZ,1,100,-47
1766633957.467566,95341.000,13517,2,MZ,1,100,-48
1766633957.507563,95381.000,13517,2,MZ,1,100,-47
1766633957.547226,95420.667,13534,3,MZ,1,100,-48
1766633957.586890,95460.333,13534,3,MZ,1,100,-48
1766633957.626553,95500.000,13534,3,MZ,1,100,-47
1766633957.666883,95540.333,13551,3,MZ,1,100,-48
1766633957.707213,95580.667,13551,3,MZ,1,100,-48
1766633957.747543,95621.000,13551,3,MZ,1,100,-46
1766633957.787040,95660.500,13570,2,MZ,1,100,-48
1766633957.826537,95700.000,13570,2,MZ,1,100,-48
1766633957.866534,95740.000,13588,3,MZ,1,100,-48
1766633957.906530,95780.000,13588,3,MZ,1,100,-47
1766633957.946527,95820.000,13588,3,MZ,1,100,-48
1766633957.980025,95853.500,13604,2,MZ,1,100,-48
1766633958.013522,95887.000,13604,2,MZ,1,100,-47
1766633958.053185,95926.667,13621,3,MZ,1,100,-48
1766633958.092849,95966.333,13621,3,MZ,1,100,-47
1766633958.132512,96006.000,13621,3,MZ,1,100,-47
1766633958.172509,96046.000,13636,3,MZ,1,100,-48
1766633958.212506,96086.000,13636,3,MZ,1,100,-48
1766633958.252502,96126.000,13636,3,MZ,1,100,-48
1766633958.292499,96166.000,13653,2,MZ,1,100,-47
1766633958.332496,96206.000,13653,2,MZ,1,100,-47
1766633958.372493,96246.000,13669,3,MZ,1,100,-48
1766633958.412490,96286.000,13669,3,MZ,1,100,-47
1766633958.452486,96326.000,13669,3,MZ,1,100,-48
1766633958.492983,96366.500,13689,2,MZ,1,100,-48
1766633958.533480,96407.000,13689,2,MZ,1,100,-48
1766633958.573143,96446.667,13703,3,MZ,1,100,-48
1766633958.612807,96486.333,13703,3,MZ,1,100,-48
1766633958.652470,96526.000,13703,3,MZ,1,100,-48
1766633958.692967,96566.500,13720,2,MZ,1,100,-49
1766633958.733464,96607.000,13720,2,MZ,1,100,-49
1766633958.769127,96642.667,13736,3,MZ,1,100,-49
1766633958.804791,96678.333,13736,3,MZ,1,100,-49
1766633958.840455,96714.000,13736,3,MZ,1,100,-49
1766633958.880452,96754.000,13756,3,MZ,1,100,-49
1766633958.920449,96794.000,13756,3,MZ,1,100,-49
1766633958.960445,96834.000,13756,3,MZ,1,100,-48
1766633959.000442,96874.000,13770,2,MZ,1,100,-49
1766633959.040439,96914.000,13770,2,MZ,1,100,-49
1766633959.080436,96954.000,13787,3,MZ,1,100,-49
1766633959.120432,96994.000,13787,3,MZ,1,100,-50
1766633959.160429,97034.000,13787,3,MZ,1,100,-50
1766633959.200426,97074.000,13804,2,MZ,1,100,-48
1766633959.240423,97114.000,13804,2,MZ,1,100,-49
1766633959.280419,97154.000,13821,3,MZ,1,100,-50
1766633959.320416,97194.000,13821,3,MZ,1,100,-50
1766633959.360413,97234.000,13821,3,MZ,1,100,-49
1766633959.400410,97274.000,13835,2,MZ,1,100,-49
1766633959.440407,97314.000,13835,2,MZ,1,100,-50
1766633959.480403,97354.000,13853,3,MZ,1,100,-51
1766633959.520400,97394.000,13853,3,MZ,1,100,-50
1766633959.560397,97434.000,13853,3,MZ,1,100,-49
1766633959.595727,97469.333,13869,3,MZ,1,100,-50
1766633959.631058,97504.667,13869,3,MZ,1,100,-52
1766633959.666388,97540.000,13869,3,MZ,1,100,-50
1766633959.706385,97580.000,13886,2,MZ,1,100,-37
1766633959.746382,97620.000,13886,2,MZ,1,100,-13
1766633959.786378,97660.000,13903,3,MZ,1,100, 5
1766633959.826375,97700.000,13903,3,MZ,1,100, 6
1766633959.866372,97740.000,13903,3,MZ,1,100, 8
1766633959.906369,97780.000,13920,2,MZ,1,100,-10
1766633959.946366,97820.000,13920,2,MZ,1,100,-49
1766633959.986362,97860.000,13936,3,MZ,1,100,-58
1766633960.026359,97900.000,13936,3,MZ,1,100,-51
1766633960.066356,97940.000,13936,3,MZ,1,100,-38
1766633960.106353,97980.000,13953,2,MZ,1,100,-38
1766633960.146349,98020.000,13953,2,MZ,1,100,-50
1766633960.186346,98060.000,13970,3,MZ,1,100,-56
1766633960.226343,98100.000,13970,3,MZ,1,100,-54
1766633960.266340,98140.000,13970,3,MZ,1,100,-53
1766633960.306336,98180.000,13985,2,MZ,1,100,-53
1766633960.346333,98220.000,13985,2,MZ,1,100,-52
1766633960.386330,98260.000,14001,3,MZ,1,100,-54
1766633960.426327,98300.000,14001,3,MZ,1,100,-53
1766633960.466323,98340.000,14001,3,MZ,1,100,-53
1766633960.501654,98375.333,14019,3,MZ,1,100,-53
1766633960.536984,98410.667,14019,3,MZ,1,100,-53
1766633960.572315,98446.000,14019,3,MZ,1,100,-53
1766633960.612312,98486.000,14037,2,MZ,1,100,-53
1766633960.652308,98526.000,14037,2,MZ,1,100,-53
1766633960.692305,98566.000,14052,3,MZ,1,100,-53
1766633960.732302,98606.000,14052,3,MZ,1,100,-53
1766633960.772299,98646.000,14052,3,MZ,1,100,-54
1766633960.812295,98686.000,14069,3,MZ,1,100,-52
1766633960.852292,98726.000,14069,3,MZ,1,100,-53
1766633960.892289,98766.000,14069,3,MZ,1,100,-52
1766633960.932286,98806.000,14086,2,MZ,1,100,-53
1766633960.972283,98846.000,14086,2,MZ,1,100,-53
1766633961.012279,98886.000,14102,3,MZ,1,100,-52
1766633961.052276,98926.000,14102,3,MZ,1,100,-54
1766633961.092273,98966.000,14102,3,MZ,1,100,-52
1766633961.132270,99006.000,14117,2,MZ,1,100,-53
1766633961.172266,99046.000,14117,2,MZ,1,100,-53
1766633961.212263,99086.000,14134,3,MZ,1,100,-53
1766633961.252260,99126.000,14134,3,MZ,1,100,-52
1766633961.292257,99166.000,14134,3,MZ,1,100,-53
1766633961.325754,99199.500,14151,2,MZ,1,100,-52
1766633961.359251,99233.000,14151,2,MZ,1,100,-53
1766633961.399581,99273.333,14167,3,MZ,1,100,-54
1766633961.439911,99313.667,14167,3,MZ,1,100,-53
1766633961.480242,99354.000,14167,3,MZ,1,100,-53
1766633961.520238,99394.000,14183,3,MZ,1,100,-53
1766633961.560235,99434.000,14183,3,MZ,1,100,-54
1766633961.600232,99474.000,14183,3,MZ,1,100,-53
1766633961.640229,99514.000,14199,2,MZ,1,100,-53
1766633961.680225,99554.000,14199,2,MZ,1,100,-54
1766633961.719889,99593.667,14216,3,MZ,1,100,-53
1766633961.759552,99633.333,14216,3,MZ,1,100,-53
1766633961.799216,99673.000,14216,3,MZ,1,100,-55
1766633961.839212,99713.000,14233,2,MZ,1,100,-53
1766633961.879209,99753.000,14233,2,MZ,1,100,-53
1766633961.919206,99793.000,14249,3,MZ,1,100,-53
1766633961.959203,99833.000,14249,3,MZ,1,100,-53
1766633961.999200,99873.000,14249,3,MZ,1,100,-53
1766633962.039196,99913.000,14264,2,MZ,1,100,-53
1766633962.079193,99953.000,14264,2,MZ,1,100,-53
1766633962.114524,99988.333,14281,3,MZ,1,100,-53
1766633962.149854,100023.667,14281,3,MZ,1,100,-54
1766633962.185184,100059.000,14281,3,MZ,1,100,-54
1766633962.225181,100099.000,14298,3,MZ,1,100,-55
1766633962.265178,100139.000,14298,3,MZ,1,100,-53
1766633962.305175,100179.000,14298,3,MZ,1,100,-54
1766633962.345171,100219.000,14317,2,MZ,1,100,-53
1766633962.385168,100259.000,14317,2,MZ,1,100,-53
1766633962.425165,100299.000,14331,3,MZ,1,100,-54
1766633962.465162,100339.000,14331,3,MZ,1,100,-55
1766633962.505159,100379.000,14331,3,MZ,1,100,-53
1766633962.545155,100419.000,14349,2,MZ,1,100,-54
1766633962.585152,100459.000,14349,2,MZ,1,100,-53
1766633962.625149,100499.000,14365,3,MZ,1,100,-53
1766633962.665146,100539.000,14365,3,MZ,1,100,-53
1766633962.705142,100579.000,14365,3,MZ,1,100,-53
1766633962.745639,100619.500,14382,2,MZ,1,100,-53
1766633962.786136,100660.000,14382,2,MZ,1,100,-53
1766633962.826133,100700.000,14402,3,MZ,1,100,-53
1766633962.866129,100740.000,14402,3,MZ,1,100,-53
1766633962.906126,100780.000,14402,3,MZ,1,100,-53
1766633962.941790,100815.667,14419,3,MZ,1,100,-53
1766633962.977454,100851.333,14419,3,MZ,1,100,-53
1766633963.013118,100887.000,14419,3,MZ,1,100,-52
1766633963.053114,100927.000,14435,2,MZ,1,100,-53
1766633963.093111,100967.000,14435,2,MZ,1,100,-53
1766633963.133108,101007.000,14455,3,MZ,1,100,-54
1766633963.173105,101047.000,14455,3,MZ,1,100,-53
1766633963.213101,101087.000,14455,3,MZ,1,100,-54
1766633963.253098,101127.000,14469,2,MZ,1,100,-54
1766633963.293095,101167.000,14469,2,MZ,1,100,-54
1766633963.333092,101207.000,14486,3,MZ,1,100,-54
1766633963.373088,101247.000,14486,3,MZ,1,100,-53
1766633963.413085,101287.000,14486,3,MZ,1,100,-53
1766633963.453082,101327.000,14502,3,MZ,1,100,-52
1766633963.493079,101367.000,14502,3,MZ,1,100,-53
1766633963.533076,101407.000,14502,3,MZ,1,100,-52
1766633963.573072,101447.000,14520,2,MZ,1,100,-52
1766633963.613069,101487.000,14520,2,MZ,1,100,-53
1766633963.653066,101527.000,14536,3,MZ,1,100,-54
1766633963.693063,101567.000,14536,3,MZ,1,100,-53
1766633963.733059,101607.000,14536,3,MZ,1,100,-53
1766633963.773056,101647.000,14553,2,MZ,1,100,-53
1766633963.813053,101687.000,14553,2,MZ,1,100,-53
1766633963.848383,101722.333,14570,3,MZ,1,100,-53
1766633963.883714,101757.667,14570,3,MZ,1,100,-53
1766633963.919044,101793.000,14570,3,MZ,1,100,-53
1766633963.959041,101833.000,14591,3,MZ,1,100,-54
1766633963.999038,101873.000,14591,3,MZ,1,100,-54
1766633964.039035,101913.000,14591,3,MZ,1,100,-54
1766633964.079031,101953.000,14606,2,MZ,1,100,-54
1766633964.119028,101993.000,14606,2,MZ,1,100,-53
1766633964.159025,102033.000,14623,3,MZ,1,100,-53
1766633964.199022,102073.000,14623,3,MZ,1,100,-54
1766633964.239018,102113.000,14623,3,MZ,1,100,-53
1766633964.279015,102153.000,14639,2,MZ,1,100,-53
1766633964.319012,102193.000,14639,2,MZ,1,100,-53
1766633964.359009,102233.000,14656,3,MZ,1,100,-53
1766633964.399005,102273.000,14656,3,MZ,1,100,-54
1766633964.439002,102313.000,14656,3,MZ,1,100,-53
1766633964.478999,102353.000,14673,2,MZ,1,100,-53
1766633964.518996,102393.000,14673,2,MZ,1,100,-53
1766633964.558993,102433.000,14688,3,MZ,1,100,-55
1766633964.598989,102473.000,14688,3,MZ,1,100,-54
1766633964.638986,102513.000,14688,3,MZ,1,100,-54
1766633964.674317,102548.333,14704,3,MZ,1,100,-54
1766633964.709647,102583.667,14704,3,MZ,1,100,-54
1766633964.744977,102619.000,14704,3,MZ,1,100,-53
1766633964.784974,102659.000,14721,2,MZ,1,100,-53
1766633964.824971,102699.000,14721,2,MZ,1,100,-53
1766633964.864968,102739.000,14740,3,MZ,1,100,-54
1766633964.904964,102779.000,14740,3,MZ,1,100,-54
1766633964.944961,102819.000,14740,3,MZ,1,100,-54
1766633964.984958,102859.000,14755,2,MZ,1,100,-54
1766633965.024955,102899.000,14755,2,MZ,1,100,-54
1766633965.064952,102939.000,14771,3,MZ,1,100,-54
1766633965.104948,102979.000,14771,3,MZ,1,100,-53
1766633965.144945,103019.000,14771,3,MZ,1,100,-53
1766633965.184942,103059.000,14789,2,MZ,1,100,-52
1766633965.224939,103099.000,14789,2,MZ,1,100,-53
1766633965.264935,103139.000,14805,3,MZ,1,100,-52
1766633965.304932,103179.000,14805,3,MZ,1,100,-53
1766633965.344929,103219.000,14805,3,MZ,1,100,-52
1766633965.384926,103259.000,14820,2,MZ,1,100,-52
1766633965.424922,103299.000,14820,2,MZ,1,100,-54
1766633965.460586,103334.667,14837,3,MZ,1,100,-55
1766633965.496250,103370.333,14837,3,MZ,1,100,-53
1766633965.531914,103406.000,14837,3,MZ,1,100,-53
1766633965.571911,103446.000,14856,3,MZ,1,100,-54
1766633965.611907,103486.000,14856,3,MZ,1,100,-53
1766633965.651904,103526.000,14856,3,MZ,1,100,-52
1766633965.691901,103566.000,14872,2,MZ,1,100,-53
1766633965.731898,103606.000,14872,2,MZ,1,100,-53
1766633965.772228,103646.333,14887,3,MZ,1,100,-53
1766633965.812558,103686.667,14887,3,MZ,1,100,-53
1766633965.852888,103727.000,14887,3,MZ,1,100,-54
1766633965.892385,103766.500,14904,2,MZ,1,100,-54
1766633965.931881,103806.000,14904,2,MZ,1,100,-53
1766633965.971878,103846.000,14921,3,MZ,1,100,-53
1766633966.011875,103886.000,14921,3,MZ,1,100,-53
1766633966.051872,103926.000,14921,3,MZ,1,100,-52
1766633966.091869,103966.000,14937,3,MZ,1,100,-53
1766633966.131865,104006.000,14937,3,MZ,1,100,-53
1766633966.171862,104046.000,14937,3,MZ,1,100,-52
1766633966.211859,104086.000,14954,2,MZ,1,100,-53
1766633966.251856,104126.000,14954,2,MZ,1,100,-53
1766633966.287186,104161.333,14969,3,MZ,1,100,-52
1766633966.322517,104196.667,14969,3,MZ,1,100,-54
1766633966.357847,104232.000,14969,3,MZ,1,100,-53
1766633966.397844,104272.000,14988,3,MZ,1,100,-52
1766633966.437841,104312.000,14988,3,MZ,1,100,-53
1766633966.477837,104352.000,14988,3,MZ,1,100,-52
1766633966.517834,104392.000,15005,2,MZ,1,100,-54
1766633966.557831,104432.000,15005,2,MZ,1,100,-54
1766633966.597828,104472.000,15022,3,MZ,1,100,-52
1766633966.637825,104512.000,15022,3,MZ,1,100,-52
1766633966.677821,104552.000,15022,3,MZ,1,100,-53
