LocalTimestamp,EmotiBitTimestamp,PacketNumber,DataLength,TypeTag,ProtocolVersion,DataReliability,B%
1766776183.689380,61134.000,8011,1,B%,1,100,68
1766783512.039596,66133.000,8832,1,B%,1,100,68
1766790841.855776,71133.000,9648,1,B%,1,100,67
1766798170.205992,76132.000,10466,1,B%,1,100,67
1766805500.022172,81132.000,11297,1,B%,1,100,67
1766812828.372388,86131.000,12103,1,B%,1,100,66
1766820158.188568,91131.000,12910,1,B%,1,100,67
1766827486.538784,96130.000,13725,1,B%,1,100,66
1766834816.354964,101130.000,14562,1,B%,1,100,67
1766842144.705180,106129.000,15375,1,B%,1,100,66
1766849474.521360,111129.000,16197,1,B%,1,100,66
1766856802.871576,116128.000,17015,1,B%,1,100,65
1766864132.687756,121128.000,17852,1,B%,1,100,65
1766871461.037972,126127.000,18674,1,B%,1,100,65
1766878790.854151,131127.000,19497,1,B%,1,100,65
1766886119.204368,136126.000,20320,1,B%,1,100,64
1766893449.020547,141126.000,21159,1,B%,1,100,65
1766900777.370764,146125.000,21974,1,B%,1,100,65
1766908107.186943,151125.000,22789,1,B%,1,100,65
1766915435.537159,156124.000,23600,1,B%,1,100,65
1766922765.353339,161124.000,24437,1,B%,1,100,65
1766930093.703555,166123.000,25255,1,B%,1,100,64
1766937423.519735,171123.000,26069,1,B%,1,100,64
1766944751.869951,176122.000,26921,1,B%,1,100,64
1766952081.686131,181122.000,27740,1,B%,1,100,65
1766959420.298090,186128.000,28542,1,B%,1,100,64
1766966748.648306,191127.000,29358,1,B%,1,100,64
1766974078.464486,196127.000,30195,1,B%,1,100,64
1766981406.814702,201126.000,31012,1,B%,1,100,64
1766988745.426661,206132.000,31832,1,B%,1,100,64
1766996075.242841,211132.000,32651,1,B%,1,100,64
1767003403.593057,216131.000,33476,1,B%,1,100,64
1767010743.670979,221138.000,34291,1,B%,1,100,64
1767018082.282938,226144.000,35103,1,B%,1,100,64
1767025410.633154,231143.000,35918,1,B%,1,100,64
1767032740.449334,236143.000,36749,1,B%,1,100,63
1767040068.799550,241142.000,37564,1,B%,1,100,64
1767047398.615730,246142.000,38382,1,B%,1,100,64
1767054726.965946,251141.000,39189,1,B%,1,100,63
1767062056.782126,256141.000,40018,1,B%,1,100,63
1767069385.132342,261140.000,40827,1,B%,1,100,63
1767076734.006044,266153.000,41641,1,B%,1,100,63
1767084063.822223,271153.000,42459,1,B%,1,100,63
1767091392.172440,276152.000,43269,1,B%,1,100,63
1767098730.784399,281158.000,44104,1,B%,1,100,62
1767106079.658100,286171.000,44922,1,B%,1,100,63
1767113418.270059,291177.000,45733,1,B%,1,100,63
1767120756.882018,296183.000,46564,1,B%,1,100,63
1767128086.698198,301183.000,47381,1,B%,1,100,62
1767135425.310157,306189.000,48193,1,B%,1,100,63
1767142755.126336,311189.000,49004,1,B%,1,100,62
1767150083.476553,316188.000,49813,1,B%,1,100,62
1767157422.088512,321194.000,50644,1,B%,1,100,62
1767164760.700471,326200.000,51450,1,B%,1,100,61
1767172090.516650,331200.000,52271,1,B%,1,100,62
1767179429.128609,336206.000,53088,1,B%,1,100,62
1767186758.944789,341206.000,53919,1,B%,1,100,61
1767194097.556748,346212.000,54732,1,B%,1,100,61
1767201425.906964,351211.000,55544,1,B%,1,100,62
1767208755.723144,356211.000,56360,1,B%,1,100,61
1767216084.073360,361210.000,57201,1,B%,1,100,62
1767223422.685319,366216.000,58013,1,B%,1,100,62
1767230762.763241,371223.000,58830,1,B%,1,100,61
1767238091.113457,376222.000,59645,1,B%,1,100,61
1767245420.929637,381222.000,60478,1,B%,1,100,61
1767252749.279853,386221.000,61301,1,B%,1,100,61
1767260108.415298,391241.000,62118,1,B%,1,100,61
1767267447.027256,396247.000,62932,1,B%,1,100,62
1767274775.377473,401246.000,63763,1,B%,1,100,61
1767282113.989432,406252.000,64566,1,B%,1,100,61
1767289454.067354,411259.000,65388,1,B%,1,100,61
1767296792.679313,416265.000,667,1,B%,1,100,61
1767304141.553015,421278.000,1498,1,B%,1,100,61
1767311469.903231,426277.000,2320,1,B%,1,100,59
1767318799.719411,431277.000,3139,1,B%,1,100,60
1767326138.331370,436283.000,3964,1,B%,1,100,60
1767333476.943329,441289.000,4805,1,B%,1,100,60
1767340825.817030,446302.000,5630,1,B%,1,100,59
1767348174.690732,451315.000,6446,1,B%,1,100,59
1767355503.040948,456314.000,7255,1,B%,1,100,60
1767362832.857128,461314.000,8082,1,B%,1,100,59
1767370161.207344,466313.000,8889,1,B%,1,100,59
1767377491.023524,471313.000,9717,1,B%,1,100,59
1767384838.431262,476325.000,10541,1,B%,1,100,59
1767392168.247442,481325.000,11386,1,B%,1,100,59
1767399496.597658,486324.000,12208,1,B%,1,100,59
1767406845.471359,491337.000,13027,1,B%,1,100,59
1767414175.287539,496337.000,13851,1,B%,1,100,59
1767421503.637755,501336.000,14665,1,B%,1,100,59
1767428833.453935,506336.000,15500,1,B%,1,100,59
1767436161.804151,511335.000,16314,1,B%,1,100,58
1767443491.620331,516335.000,17127,1,B%,1,100,58
1767450819.970547,521334.000,17940,1,B%,1,100,58
1767458149.786727,526334.000,18768,1,B%,1,100,59
1767465498.660429,531347.000,19582,1,B%,1,100,58
1767472827.010645,536346.000,20390,1,B%,1,100,58
1767480156.826824,541346.000,21211,1,B%,1,100,58
1767487485.177041,546345.000,22022,1,B%,1,100,58
1767494814.993220,551345.000,22831,1,B%,1,100,58
1767502143.343436,556344.000,23670,1,B%,1,100,58
1767509473.159616,561344.000,24494,1,B%,1,100,57
1767516801.509832,566343.000,25306,1,B%,1,100,58
1767524140.121791,571349.000,26127,1,B%,1,100,58
1767531478.733750,576355.000,26953,1,B%,1,100,58
1767538818.811673,581362.000,27778,1,B%,1,100,57
1767546147.161889,586361.000,28591,1,B%,1,100,57
1767553485.773848,591367.000,29401,1,B%,1,100,58
1767560815.590028,596367.000,30213,1,B%,1,100,57
1767568143.940244,601366.000,31052,1,B%,1,100,57
1767575473.756423,606366.000,31868,1,B%,1,100,57
1767582812.368382,611372.000,32686,1,B%,1,100,57
1767590140.718599,616371.000,33500,1,B%,1,100,57
1767597480.796521,621378.000,34349,1,B%,1,100,57
1767604809.146737,626377.000,35181,1,B%,1,100,57
1767612168.282182,631397.000,36002,1,B%,1,100,57
1767619496.632398,636396.000,36819,1,B%,1,100,57
1767626826.448577,641396.000,37656,1,B%,1,100,57
1767634154.798794,646395.000,38469,1,B%,1,100,57
1767641484.614973,651395.000,39293,1,B%,1,100,56
1767648812.965190,656394.000,40102,1,B%,1,100,56
1767656142.781369,661394.000,40921,1,B%,1,100,56
1767663481.393328,666400.000,41758,1,B%,1,100,56
1767670820.005287,671406.000,42574,1,B%,1,100,57
1767678148.355504,676405.000,43397,1,B%,1,100,56
1767685478.171683,681405.000,44216,1,B%,1,100,56
1767692806.521899,686404.000,45053,1,B%,1,100,56
1767700136.338079,691404.000,45868,1,B%,1,100,55
1767707464.688295,696403.000,46684,1,B%,1,100,56
1767714804.766217,701410.000,47501,1,B%,1,100,56
1767722143.378176,706416.000,48336,1,B%,1,100,55
1767729481.990135,711422.000,49149,1,B%,1,100,56
1767736810.340352,716421.000,49958,1,B%,1,100,56
1767744140.156531,721421.000,50766,1,B%,1,100,56
1767751478.768490,726427.000,51603,1,B%,1,100,56
1767758827.642192,731440.000,52418,1,B%,1,100,56
1767766166.254151,736446.000,53225,1,B%,1,100,55
1767773504.866110,741452.000,54042,1,B%,1,100,56
1767780834.682290,746452.000,54874,1,B%,1,100,56
1767788173.294249,751458.000,55692,1,B%,1,100,56
1767795522.167950,756471.000,56512,1,B%,1,100,56
1767802850.518167,761470.000,57331,1,B%,1,100,56
1767810199.391868,766483.000,58171,1,B%,1,100,55
1767817529.208048,771483.000,58985,1,B%,1,100,55
1767824857.558264,776482.000,59802,1,B%,1,100,55
1767832196.170223,781488.000,60623,1,B%,1,100,56
1767839545.043925,786501.000,61458,1,B%,1,100,56
1767846874.860104,791501.000,62278,1,B%,1,100,56
1767854213.472063,796507.000,63091,1,B%,1,100,56
1767861541.822279,801506.000,63903,1,B%,1,100,56
1767868871.638459,806506.000,64725,1,B%,1,100,56
1767876249.831425,811539.000,35,1,B%,1,100,56
1767883578.181642,816538.000,852,1,B%,1,100,56
1767890907.997821,821538.000,1681,1,B%,1,100,56
1767898246.609780,826544.000,2526,1,B%,1,100,56
1767905574.959996,831543.000,3345,1,B%,1,100,56
1767912904.776176,836543.000,4157,1,B%,1,100,55
1767920243.388135,841549.000,4981,1,B%,1,100,55
1767927582.000094,846555.000,5814,1,B%,1,100,55
1767934911.816274,851555.000,6634,1,B%,1,100,55
1767942250.428233,856561.000,7455,1,B%,1,100,54
1767949578.778449,861560.000,8279,1,B%,1,100,55
1767956908.594629,866560.000,9101,1,B%,1,100,54
1767964257.468330,871573.000,9910,1,B%,1,100,55
1767971596.080289,876579.000,10745,1,B%,1,100,54
1767978924.430506,881578.000,11576,1,B%,1,100,53
1767986273.304207,886591.000,12399,1,B%,1,100,54
1767993611.916166,891597.000,13232,1,B%,1,100,54
1768000941.732346,896597.000,14055,1,B%,1,100,54
1768008270.082562,901596.000,14882,1,B%,1,100,54
1768015618.956264,906609.000,15699,1,B%,1,100,53
1768022948.772443,911609.000,16529,1,B%,1,100,53
1768030277.122659,916608.000,17364,1,B%,1,100,53
1768037615.734618,921614.000,18183,1,B%,1,100,53
1768044945.550798,926614.000,19012,1,B%,1,100,53
1768052284.162757,931620.000,19828,1,B%,1,100,52
1768059622.774716,936626.000,20671,1,B%,1,100,53
1768066952.590896,941626.000,21490,1,B%,1,100,52
1768074280.941112,946625.000,22305,1,B%,1,100,52
1768081619.553071,951631.000,23121,1,B%,1,100,52
1768088949.369251,956631.000,23950,1,B%,1,100,52
1768096277.719467,961630.000,24767,1,B%,1,100,52
1768103616.331426,966636.000,25588,1,B%,1,100,52
1768110956.409348,971643.000,26397,1,B%,1,100,51
1768118295.021307,976649.000,27232,1,B%,1,100,52
1768125623.371523,981648.000,28052,1,B%,1,100,51
1768132953.187703,986648.000,28876,1,B%,1,100,51
1768140310.857184,991667.000,29710,1,B%,1,100,52
1768147649.469143,996673.000,30559,1,B%,1,100,51
1768154979.285322,1001673.000,31399,1,B%,1,100,51
1768162307.635539,1006672.000,32233,1,B%,1,100,51
1768169647.713461,1011679.000,33073,1,B%,1,100,51
1768176976.063677,1016678.000,33936,1,B%,1,100,51
1768184305.879857,1021678.000,34772,1,B%,1,100,50
1768191653.287595,1026690.000,35610,1,B%,1,100,50
1768198993.365517,1031697.000,36448,1,B%,1,100,50
1768206321.715734,1036696.000,37305,1,B%,1,100,50
1768213651.531913,1041696.000,38134,1,B%,1,100,50
1768220979.882130,1046695.000,38973,1,B%,1,100,50
1768228328.755831,1051708.000,39811,1,B%,1,100,50
1768235667.367790,1056714.000,40664,1,B%,1,100,50
1768242997.183970,1061714.000,41499,1,B%,1,100,50
1768250335.795929,1066720.000,42338,1,B%,1,100,49
1768257664.146145,1071719.000,43182,1,B%,1,100,49
1768264993.962325,1076719.000,44013,1,B%,1,100,50
1768272322.312541,1081718.000,44878,1,B%,1,100,50
1768279652.128721,1086718.000,45713,1,B%,1,100,49
1768286980.478937,1091717.000,46547,1,B%,1,100,49
1768294310.295117,1096717.000,47375,1,B%,1,100,49
1768301638.645333,1101716.000,48203,1,B%,1,100,49
1768308968.461512,1106716.000,49058,1,B%,1,100,49
1768316317.335214,1111729.000,49879,1,B%,1,100,49
1768323655.947173,1116735.000,50706,1,B%,1,100,49
1768330984.297389,1121734.000,51549,1,B%,1,100,49
1768338333.171091,1126747.000,52400,1,B%,1,100,49
1768345662.987271,1131747.000,53238,1,B%,1,100,49
1768352991.337487,1136746.000,54073,1,B%,1,100,49
1768360340.211189,1141759.000,54929,1,B%,1,100,48
1768367668.561405,1146758.000,55765,1,B%,1,100,48
1768374998.377584,1151758.000,56595,1,B%,1,100,49
1768382336.989543,1156764.000,57428,1,B%,1,100,48
1768389675.601502,1161770.000,58261,1,B%,1,100,48
1768397005.417682,1166770.000,59114,1,B%,1,100,48
1768404363.087163,1171789.000,59949,1,B%,1,100,48
1768411701.699122,1176795.000,60773,1,B%,1,100,48
1768419031.515301,1181795.000,61599,1,B%,1,100,48
1768426359.865518,1186794.000,62442,1,B%,1,100,47
1768433708.739219,1191807.000,63266,1,B%,1,100,48
1768441038.555399,1196807.000,64085,1,B%,1,100,48
1768448387.429101,1201820.000,64912,1,B%,1,100,47
1768455734.836839,1206832.000,221,1,B%,1,100,48
1768463083.710541,1211845.000,1060,1,B%,1,100,47
1768470432.584242,1216858.000,1882,1,B%,1,100,47
1768477781.457944,1221871.000,2734,1,B%,1,100,47
1768485109.808160,1226870.000,3561,1,B%,1,100,48
1768492468.943605,1231890.000,4389,1,B%,1,100,47
1768499797.293821,1236889.000,5215,1,B%,1,100,46
1768507127.110001,1241889.000,6045,1,B%,1,100,47
1768514455.460217,1246888.000,6900,1,B%,1,100,47
1768521804.333919,1251901.000,7732,1,B%,1,100,47
1768529142.945878,1256907.000,8563,1,B%,1,100,46
1768536472.762057,1261907.000,9410,1,B%,1,100,46
1768543801.112273,1266906.000,10245,1,B%,1,100,47
1768551149.985975,1271919.000,11065,1,B%,1,100,47
1768558488.597934,1276925.000,11880,1,B%,1,100,46
1768565818.414114,1281925.000,12699,1,B%,1,100,46
1768573146.764330,1286924.000,13548,1,B%,1,100,47
1768580486.842252,1291931.000,14372,1,B%,1,100,46
1768587825.454211,1296937.000,15190,1,B%,1,100,46
1768595153.804427,1301936.000,16008,1,B%,1,100,46
1768602492.416386,1306942.000,16845,1,B%,1,100,46
1768609832.494308,1311949.000,17665,1,B%,1,100,46
1768617160.844525,1316948.000,18482,1,B%,1,100,46
1768624490.660704,1321948.000,19302,1,B%,1,100,46
1768631819.010921,1326947.000,20120,1,B%,1,100,45
1768639148.827100,1331947.000,20953,1,B%,1,100,44
1768646477.177317,1336946.000,21769,1,B%,1,100,45
1768653826.051018,1341959.000,22596,1,B%,1,100,45
1768661154.401235,1346958.000,23419,1,B%,1,100,45
1768668484.217414,1351958.000,24258,1,B%,1,100,45
1768675822.829373,1356964.000,25078,1,B%,1,100,45
1768683151.179590,1361963.000,25895,1,B%,1,100,45
1768690480.995769,1366963.000,26714,1,B%,1,100,44
1768697819.607728,1371969.000,27533,1,B%,1,100,45
1768705168.481430,1376982.000,28353,1,B%,1,100,44
1768712496.831646,1381981.000,29180,1,B%,1,100,45
1768719826.647825,1386981.000,30000,1,B%,1,100,44
1768727156.464005,1391981.000,30818,1,B%,1,100,45
1768734495.075964,1396987.000,31636,1,B%,1,100,44
1768741823.426180,1401986.000,32473,1,B%,1,100,44
1768749153.242360,1406986.000,33302,1,B%,1,100,44
1768756481.592576,1411985.000,34116,1,B%,1,100,44
1768763820.204535,1416991.000,34939,1,B%,1,100,44
1768771150.020715,1421991.000,35762,1,B%,1,100,44
1768778488.632674,1426997.000,36601,1,B%,1,100,43
1768785816.982890,1431996.000,37420,1,B%,1,100,43
1768793176.118335,1437016.000,38242,1,B%,1,100,44
1768800504.468551,1442015.000,39058,1,B%,1,100,43
1768807834.284730,1447015.000,39893,1,B%,1,100,44
1768815162.634947,1452014.000,40717,1,B%,1,100,43
1768822492.451126,1457014.000,41534,1,B%,1,100,43
1768829820.801343,1462013.000,42354,1,B%,1,100,43
1768837150.617522,1467013.000,43170,1,B%,1,100,43
1768844478.967738,1472012.000,44003,1,B%,1,100,43
1768851808.783918,1477012.000,44823,1,B%,1,100,43
1768859147.395877,1482018.000,45642,1,B%,1,100,43
1768866477.212057,1487018.000,46457,1,B%,1,100,43
1768873815.824016,1492024.000,47290,1,B%,1,100,42
1768881173.493497,1497043.000,48107,1,B%,1,100,43
1768888522.367198,1502056.000,48929,1,B%,1,100,42
1768895860.979157,1507062.000,49747,1,B%,1,100,43
1768903190.795337,1512062.000,50586,1,B%,1,100,42
1768910539.669039,1517075.000,51404,1,B%,1,100,43
1768917868.019255,1522074.000,52225,1,B%,1,100,42
1768925197.835434,1527074.000,53040,1,B%,1,100,42
1768932526.185651,1532073.000,53877,1,B%,1,100,42
1768939856.001830,1537073.000,54696,1,B%,1,100,42
1768947184.352046,1542072.000,55518,1,B%,1,100,42
1768954514.168226,1547072.000,56339,1,B%,1,100,42
1768961842.518442,1552071.000,57158,1,B%,1,100,42
1768969191.392144,1557084.000,57984,1,B%,1,100,42
1768976530.004103,1562090.000,58823,1,B%,1,100,42
1768983859.820283,1567090.000,59649,1,B%,1,100,42
1768991188.170499,1572089.000,60465,1,B%,1,100,41
1768998537.044201,1577102.000,61287,1,B%,1,100,42
1769005875.656160,1582108.000,62130,1,B%,1,100,42
1769013205.472339,1587108.000,62956,1,B%,1,100,41
1769020544.084298,1592114.000,63778,1,B%,1,100,41
1769027882.696257,1597120.000,64603,1,B%,1,100,42
1769035211.046474,1602119.000,65448,1,B%,1,100,42
1769042540.862653,1607119.000,742,1,B%,1,100,41
1769049879.474612,1612125.000,1568,1,B%,1,100,41
1769057209.290792,1617125.000,2398,1,B%,1,100,41
1769064537.641008,1622124.000,3243,1,B%,1,100,41
1769071867.457187,1627124.000,4072,1,B%,1,100,41
1769079214.864926,1632136.000,4901,1,B%,1,100,41
1769086544.681105,1637136.000,5734,1,B%,1,100,41
1769093873.031322,1642135.000,6564,1,B%,1,100,41
1769101202.847501,1647135.000,7415,1,B%,1,100,41
1769108541.459460,1652141.000,8251,1,B%,1,100,40
1769115880.071419,1657147.000,9080,1,B%,1,100,41
1769123209.887599,1662147.000,9905,1,B%,1,100,41
1769130548.499558,1667153.000,10756,1,B%,1,100,41
1769137876.849774,1672152.000,11589,1,B%,1,100,41
1769145225.723476,1677165.000,12402,1,B%,1,100,41
1769152555.539655,1682165.000,13226,1,B%,1,100,41
1769159883.889872,1687164.000,14071,1,B%,1,100,41
1769167213.706051,1692164.000,14897,1,B%,1,100,41
1769174542.056267,1697163.000,15725,1,B%,1,100,40
1769181880.668226,1702169.000,16547,1,B%,1,100,41
1769189210.484406,1707169.000,17389,1,B%,1,100,40
1769196538.834622,1712168.000,18220,1,B%,1,100,40
1769203878.912545,1717175.000,19049,1,B%,1,100,40
1769211207.262761,1722174.000,19881,1,B%,1,100,40
1769218537.078941,1727174.000,20709,1,B%,1,100,40
1769225865.429157,1732173.000,21562,1,B%,1,100,40
1769233204.041116,1737179.000,22394,1,B%,1,100,40
1769240542.653075,1742185.000,23221,1,B%,1,100,40
1769247882.730997,1747192.000,24052,1,B%,1,100,40
1769255211.081213,1752191.000,24897,1,B%,1,100,39
1769262559.954915,1757204.000,25732,1,B%,1,100,40
1769269888.305131,1762203.000,26566,1,B%,1,100,39
1769277218.121311,1767203.000,27391,1,B%,1,100,39
1769284546.471527,1772202.000,28220,1,B%,1,100,39
1769291886.549449,1777209.000,29064,1,B%,1,100,39
1769299214.899666,1782208.000,29890,1,B%,1,100,39
1769306553.511625,1787214.000,30711,1,B%,1,100,39
1769313883.327804,1792214.000,31546,1,B%,1,100,39
1769321211.678021,1797213.000,32358,1,B%,1,100,38
1769328541.494200,1802213.000,33197,1,B%,1,100,38
1769335869.844417,1807212.000,34013,1,B%,1,100,39
1769343199.660596,1812212.000,34829,1,B%,1,100,38
1769350538.272555,1817218.000,35653,1,B%,1,100,38
1769357876.884514,1822224.000,36500,1,B%,1,100,38
1769365206.700694,1827224.000,37327,1,B%,1,100,38
1769372545.312653,1832230.000,38144,1,B%,1,100,38
1769379894.186354,1837243.000,38965,1,B%,1,100,38
1769387222.536571,1842242.000,39798,1,B%,1,100,38
1769394552.352750,1847242.000,40618,1,B%,1,100,38
1769401880.702966,1852241.000,41438,1,B%,1,100,38
1769409229.576668,1857254.000,42262,1,B%,1,100,39
1769416557.926884,1862253.000,43099,1,B%,1,100,38
1769423887.743064,1867253.000,43921,1,B%,1,100,38
1769431216.093280,1872252.000,44745,1,B%,1,100,37
1769438564.966982,1877265.000,45569,1,B%,1,100,38
1769445903.578941,1882271.000,46414,1,B%,1,100,37
1769453243.656863,1887278.000,47236,1,B%,1,100,37
1769460572.007079,1892277.000,48056,1,B%,1,100,38
1769467901.823259,1897277.000,48880,1,B%,1,100,37
1769475240.435218,1902283.000,49721,1,B%,1,100,37
1769482589.308920,1907296.000,50543,1,B%,1,100,37
1769489927.920879,1912302.000,51359,1,B%,1,100,37
1769497266.532838,1917308.000,52177,1,B%,1,100,38
1769504605.144797,1922314.000,53014,1,B%,1,100,37
1769511934.960976,1927314.000,53835,1,B%,1,100,37
1769519263.311193,1932313.000,54655,1,B%,1,100,37
1769526612.184894,1937326.000,55480,1,B%,1,100,37
1769533940.535110,1942325.000,56301,1,B%,1,100,37
1769541280.613033,1947332.000,57142,1,B%,1,100,37
1769548608.963249,1952331.000,57963,1,B%,1,100,36
1769555938.779428,1957331.000,58777,1,B%,1,100,36
1769563277.391387,1962337.000,59592,1,B%,1,100,36
1769570605.741604,1967336.000,60427,1,B%,1,100,36
1769577935.557783,1972336.000,61246,1,B%,1,100,37
1769585263.908000,1977335.000,62061,1,B%,1,100,37
1769592602.519959,1982341.000,62875,1,B%,1,100,36
1769599932.336138,1987341.000,63689,1,B%,1,100,36
1769607260.686355,1992340.000,64520,1,B%,1,100,36
1769614600.764277,1997347.000,65332,1,B%,1,100,36
1769621929.114493,2002346.000,609,1,B%,1,100,37
1769629258.930673,2007346.000,1422,1,B%,1,100,37
1769636597.542632,2012352.000,2233,1,B%,1,100,36
1769643936.154591,2017358.000,3049,1,B%,1,100,36
1769651274.766550,2022364.000,3880,1,B%,1,100,36
1769658604.582729,2027364.000,4693,1,B%,1,100,36
1769665932.932945,2032363.000,5508,1,B%,1,100,36
1769673292.068390,2037383.000,6327,1,B%,1,100,36
1769680630.680349,2042389.000,7160,1,B%,1,100,36
1769687969.292308,2047395.000,7975,1,B%,1,100,36
1769695297.642524,2052394.000,8796,1,B%,1,100,36
1769702646.516226,2057407.000,9620,1,B%,1,100,36
1769709976.332405,2062407.000,10461,1,B%,1,100,36
1769717304.682622,2067406.000,11284,1,B%,1,100,35
1769724634.498801,2072406.000,12103,1,B%,1,100,35
1769731962.849018,2077405.000,12931,1,B%,1,100,36
1769739301.460977,2082411.000,13750,1,B%,1,100,35
1769746641.538899,2087418.000,14583,1,B%,1,100,36
1769753969.889115,2092417.000,15396,1,B%,1,100,35
1769761318.762817,2097430.000,16212,1,B%,1,100,35
1769768647.113033,2102429.000,17023,1,B%,1,100,36
1769775987.190955,2107436.000,17851,1,B%,1,100,35
1769783315.541172,2112435.000,18665,1,B%,1,100,35
1769790654.153131,2117441.000,19477,1,B%,1,100,35
1769797983.969310,2122441.000,20288,1,B%,1,100,35
1769805312.319526,2127440.000,21105,1,B%,1,100,36
1769812642.135706,2132440.000,21940,1,B%,1,100,35
1769819980.747665,2137446.000,22756,1,B%,1,100,35
1769827309.097881,2142445.000,23578,1,B%,1,100,35
1769834638.914061,2147445.000,24394,1,B%,1,100,35
1769841967.264277,2152444.000,25212,1,B%,1,100,35
1769849297.080457,2157444.000,26034,1,B%,1,100,35
1769856625.430673,2162443.000,26869,1,B%,1,100,35
1769863955.246853,2167443.000,27689,1,B%,1,100,34
1769871283.597069,2172442.000,28505,1,B%,1,100,35
1769878632.470771,2177455.000,29327,1,B%,1,100,34
1769885962.286950,2182455.000,30166,1,B%,1,100,35
1769893290.637167,2187454.000,30982,1,B%,1,100,35
1769900620.453346,2192454.000,31796,1,B%,1,100,35
1769907969.327048,2197467.000,32612,1,B%,1,100,35
1769915297.677264,2202466.000,33445,1,B%,1,100,34
1769922636.289223,2207472.000,34271,1,B%,1,100,34
1769929966.105403,2212472.000,35090,1,B%,1,100,35
1769937294.455619,2217471.000,35901,1,B%,1,100,34
1769944634.533541,2222478.000,36714,1,B%,1,100,34
1769951962.883758,2227477.000,37545,1,B%,1,100,34
1769959301.495717,2232483.000,38356,1,B%,1,100,34
1769966631.311896,2237483.000,39186,1,B%,1,100,34
1769973959.662112,2242482.000,39980,1,B%,1,100,34
1769981308.535814,2247495.000,40813,1,B%,1,100,33
1769988647.147773,2252501.000,41629,1,B%,1,100,34
1769995976.963953,2257501.000,42437,1,B%,1,100,34
1770003315.575912,2262507.000,43259,1,B%,1,100,34
1770010664.449613,2267520.000,44092,1,B%,1,100,34
1770018003.061572,2272526.000,44913,1,B%,1,100,34
1770025331.411788,2277525.000,45730,1,B%,1,100,34
1770032680.285490,2282538.000,46571,1,B%,1,100,34
1770040029.159192,2287551.000,47380,1,B%,1,100,34
1770047357.509408,2292550.000,48193,1,B%,1,100,33
1770054687.325588,2297550.000,49023,1,B%,1,100,34
1770062036.199289,2302563.000,49835,1,B%,1,100,33
1770069364.549505,2307562.000,50647,1,B%,1,100,34
1770076694.365685,2312562.000,51458,1,B%,1,100,33
1770084032.977644,2317568.000,52284,1,B%,1,100,33
1770091390.647125,2322587.000,53106,1,B%,1,100,33
1770098720.463305,2327587.000,53917,1,B%,1,100,33
1770106048.813521,2332586.000,54731,1,B%,1,100,33
1770113378.629701,2337586.000,55545,1,B%,1,100,33
1770120706.979917,2342585.000,56365,1,B%,1,100,33
1770128055.853619,2347598.000,57200,1,B%,1,100,33
1770135394.465578,2352604.000,58024,1,B%,1,100,33
1770142724.281757,2357604.000,58838,1,B%,1,100,33
1770150081.951238,2362623.000,59660,1,B%,1,100,33
1770157430.824940,2367636.000,60499,1,B%,1,100,33
1770164760.641119,2372636.000,61321,1,B%,1,100,33
1770172099.253078,2377642.000,62143,1,B%,1,100,33
1770179437.865037,2382648.000,62967,1,B%,1,100,32
1770186776.476996,2387654.000,63808,1,B%,1,100,32
1770194106.293176,2392654.000,64629,1,B%,1,100,33
1770201434.643392,2397653.000,65452,1,B%,1,100,32
1770208773.255351,2402659.000,747,1,B%,1,100,33
1770216103.071531,2407659.000,1580,1,B%,1,100,32
1770223431.421747,2412658.000,2404,1,B%,1,100,32
1770230771.499669,2417665.000,3222,1,B%,1,100,33
1770238099.849886,2422664.000,4037,1,B%,1,100,33
1770245438.461845,2427670.000,4876,1,B%,1,100,33
1770252787.335546,2432683.000,5700,1,B%,1,100,33
1770260117.151726,2437683.000,6518,1,B%,1,100,32
1770267455.763685,2442689.000,7341,1,B%,1,100,32
1770274784.113901,2447688.000,8156,1,B%,1,100,33
1770282113.930081,2452688.000,8989,1,B%,1,100,32
1770289442.280297,2457687.000,9806,1,B%,1,100,33
1770296801.415741,2462707.000,10623,1,B%,1,100,33
1770304140.027700,2467713.000,11451,1,B%,1,100,32
1770311468.377917,2472712.000,12286,1,B%,1,100,32
1770318798.194096,2477712.000,13107,1,B%,1,100,32
1770326126.544312,2482711.000,13913,1,B%,1,100,32
1770333456.360492,2487711.000,14723,1,B%,1,100,32
1770340784.710708,2492710.000,15562,1,B%,1,100,32
1770348124.788630,2497717.000,16382,1,B%,1,100,31
1770355453.138847,2502716.000,17197,1,B%,1,100,32
1770362791.750806,2507722.000,18010,1,B%,1,100,32
1770370121.566985,2512722.000,18845,1,B%,1,100,32
1770377449.917202,2517721.000,19660,1,B%,1,100,32
1770384779.733381,2522721.000,20484,1,B%,1,100,33
1770392108.083598,2527720.000,21298,1,B%,1,100,32
1770399437.899777,2532720.000,22116,1,B%,1,100,32
1770406766.249994,2537719.000,22951,1,B%,1,100,32
1770414104.861953,2542725.000,23773,1,B%,1,100,31
1770421434.678132,2547725.000,24586,1,B%,1,100,32
1770428773.290091,2552731.000,25396,1,B%,1,100,32
1770436103.106271,2557731.000,26235,1,B%,1,100,31
1770443450.514009,2562743.000,27038,1,B%,1,100,32
1770450780.330189,2567743.000,27877,1,B%,1,100,31
1770458129.203890,2572756.000,28690,1,B%,1,100,31
1770465457.554107,2577755.000,29515,1,B%,1,100,31
1770472816.689551,2582775.000,30344,1,B%,1,100,31
1770480155.301510,2587781.000,31161,1,B%,1,100,31
1770487483.651726,2592780.000,31981,1,B%,1,100,31
1770494813.467906,2597780.000,32801,1,B%,1,100,31
1770502152.079865,2602786.000,33632,1,B%,1,100,32
1770509490.691824,2607792.000,34450,1,B%,1,100,31
1770516829.303783,2612798.000,35269,1,B%,1,100,31
1770524169.381705,2617805.000,36099,1,B%,1,100,31
1770531507.993664,2622811.000,36921,1,B%,1,100,31
1770538836.343880,2627810.000,37735,1,B%,1,100,31
1770546166.160060,2632810.000,38549,1,B%,1,100,31
1770553504.772019,2637816.000,39382,1,B%,1,100,30
1770560843.383978,2642822.000,40200,1,B%,1,100,31
1770568173.200157,2647822.000,41018,1,B%,1,100,30
1770575501.550374,2652821.000,41837,1,B%,1,100,30
1770582831.366553,2657821.000,42664,1,B%,1,100,31
1770590169.978512,2662827.000,43479,1,B%,1,100,31
1770597498.328728,2667826.000,44320,1,B%,1,100,30
1770604828.144908,2672826.000,45140,1,B%,1,100,31
1770612166.756867,2677832.000,45958,1,B%,1,100,30
1770619496.573047,2682832.000,46781,1,B%,1,100,30
1770626824.923263,2687831.000,47605,1,B%,1,100,30
1770634173.796965,2692844.000,48442,1,B%,1,100,30
1770641502.147181,2697843.000,49259,1,B%,1,100,30
1770648831.963361,2702843.000,50083,1,B%,1,100,31
1770656160.313577,2707842.000,50904,1,B%,1,100,29
1770663490.129756,2712842.000,51735,1,B%,1,100,30
1770670818.479973,2717841.000,52550,1,B%,1,100,30
1770678148.296152,2722841.000,53364,1,B%,1,100,30
1770685476.646369,2727840.000,54177,1,B%,1,100,30
1770692806.462548,2732840.000,55012,1,B%,1,100,30
1770700145.074507,2737846.000,55831,1,B%,1,100,30
1770707493.948209,2742859.000,56655,1,B%,1,100,29
1770714822.298425,2747858.000,57482,1,B%,1,100,30
1770722152.114605,2752858.000,58299,1,B%,1,100,29
1770729490.726564,2757864.000,59134,1,B%,1,100,30
1770736819.076780,2762863.000,59960,1,B%,1,100,29
1770744148.892960,2767863.000,60781,1,B%,1,100,30
1770751497.766661,2772876.000,61611,1,B%,1,100,30
1770758836.378620,2777882.000,62431,1,B%,1,100,30
1770766164.728837,2782881.000,63245,1,B%,1,100,29
1770773494.545016,2787881.000,64064,1,B%,1,100,29
1770780843.418718,2792894.000,64877,1,B%,1,100,29
1770788182.030677,2797900.000,182,1,B%,1,100,29
1770795510.380893,2802899.000,1003,1,B%,1,100,29
1770802850.458815,2807906.000,1827,1,B%,1,100,29
1770810178.809031,2812905.000,2647,1,B%,1,100,29
1770817508.625211,2817905.000,3490,1,B%,1,100,29
1770824847.237170,2822911.000,4308,1,B%,1,100,29
1770832185.849129,2827917.000,5125,1,B%,1,100,29
1770839524.461088,2832923.000,5942,1,B%,1,100,29
1770846854.277268,2837923.000,6787,1,B%,1,100,29
1770854201.685006,2842935.000,7602,1,B%,1,100,29
1770861531.501186,2847935.000,8412,1,B%,1,100,28
1770868859.851402,2852934.000,9218,1,B%,1,100,29
1770876189.667582,2857934.000,10045,1,B%,1,100,29
1770883528.279541,2862940.000,10856,1,B%,1,100,29
1770890866.891500,2867946.000,11680,1,B%,1,100,28
1770898196.707679,2872946.000,12494,1,B%,1,100,29
1770905525.057895,2877945.000,13329,1,B%,1,100,29
1770912854.874075,2882945.000,14151,1,B%,1,100,29
1770920183.224291,2887944.000,14972,1,B%,1,100,29
1770927513.040471,2892944.000,15794,1,B%,1,100,29
1770934841.390687,2897943.000,16604,1,B%,1,100,29
1770942200.526131,2902963.000,17436,1,B%,1,100,29
1770949528.876348,2907962.000,18247,1,B%,1,100,29
1770956858.692527,2912962.000,19067,1,B%,1,100,29
1770964187.042744,2917961.000,19881,1,B%,1,100,28
1770971516.858923,2922961.000,20701,1,B%,1,100,28
1770978845.209140,2927960.000,21536,1,B%,1,100,29
1770986175.025319,2932960.000,22355,1,B%,1,100,29
1770993513.637278,2937966.000,23174,1,B%,1,100,28
1771000862.510980,2942979.000,23985,1,B%,1,100,29
1771008190.861196,2947978.000,24816,1,B%,1,100,28
1771015520.677376,2952978.000,25634,1,B%,1,100,28
1771022849.027592,2957977.000,26451,1,B%,1,100,28
1771030187.639551,2962983.000,27256,1,B%,1,100,28
1771037527.717473,2967990.000,28097,1,B%,1,100,28
1771044856.067689,2972989.000,28920,1,B%,1,100,28
1771052185.883869,2977989.000,29737,1,B%,1,100,29
1771059524.495828,2982995.000,30553,1,B%,1,100,28
1771066852.846044,2987994.000,31398,1,B%,1,100,28
1771074182.662224,2992994.000,32223,1,B%,1,100,28
1771081521.274183,2998000.000,33044,1,B%,1,100,28
1771088849.624399,3002999.000,33854,1,B%,1,100,27
1771096179.440579,3007999.000,34699,1,B%,1,100,28
1771103507.790795,3012998.000,35527,1,B%,1,100,28
1771110837.606975,3017998.000,36349,1,B%,1,100,28
1771118165.957191,3022997.000,37166,1,B%,1,100,28
1771125495.773371,3027997.000,37986,1,B%,1,100,28
1771132824.123587,3032996.000,38833,1,B%,1,100,27
1771140164.201509,3038003.000,39657,1,B%,1,100,28
1771147521.870990,3043022.000,40484,1,B%,1,100,28
1771154851.687170,3048022.000,41305,1,B%,1,100,27
1771162180.037386,3053021.000,42148,1,B%,1,100,27
1771169509.853565,3058021.000,42967,1,B%,1,100,27
1771176838.203782,3063020.000,43787,1,B%,1,100,27
1771184168.019961,3068020.000,44593,1,B%,1,100,27
1771191496.370178,3073019.000,45432,1,B%,1,100,27
1771198834.982137,3078025.000,46254,1,B%,1,100,27
1771206173.594096,3083031.000,47076,1,B%,1,100,27
1771213513.672018,3088038.000,47895,1,B%,1,100,27
1771220842.022234,3093037.000,48710,1,B%,1,100,27
1771228180.634193,3098043.000,49547,1,B%,1,100,27
1771235529.507895,3103056.000,50369,1,B%,1,100,27
1771242868.119854,3108062.000,51185,1,B%,1,100,27
1771250197.936033,3113062.000,52005,1,B%,1,100,27
1771257526.286250,3118061.000,52840,1,B%,1,100,27
1771264875.159951,3123074.000,53661,1,B%,1,100,27
1771272204.976131,3128074.000,54485,1,B%,1,100,27
1771279533.326347,3133073.000,55303,1,B%,1,100,27
1771286863.142527,3138073.000,56144,1,B%,1,100,27
1771294212.016228,3143086.000,56968,1,B%,1,100,28
1771301550.628187,3148092.000,57787,1,B%,1,100,26
1771308889.240146,3153098.000,58610,1,B%,1,100,27
1771316217.590363,3158097.000,59445,1,B%,1,100,27
1771323547.406542,3163097.000,60264,1,B%,1,100,27
1771330886.018501,3168103.000,61078,1,B%,1,100,27
1771338214.368718,3173102.000,61893,1,B%,1,100,28
1771345544.184897,3178102.000,62708,1,B%,1,100,27
1771352872.535114,3183101.000,63537,1,B%,1,100,27
1771360202.351293,3188101.000,64358,1,B%,1,100,27
1771367530.701509,3193100.000,65180,1,B%,1,100,26
1771374860.517689,3198100.000,463,1,B%,1,100,26
1771382199.129648,3203106.000,1286,1,B%,1,100,27
1771389537.741607,3208112.000,2103,1,B%,1,100,26
1771396886.615309,3213125.000,2936,1,B%,1,100,27
1771404216.431488,3218125.000,3752,1,B%,1,100,27
1771411544.781704,3223124.000,4574,1,B%,1,100,26
1771418883.393663,3228130.000,5398,1,B%,1,100,26
1771426213.209843,3233130.000,6239,1,B%,1,100,27
1771433541.560059,3238129.000,7053,1,B%,1,100,26
1771440871.376239,3243129.000,7867,1,B%,1,100,26
1771448199.726455,3248128.000,8689,1,B%,1,100,26
1771455529.542635,3253128.000,9507,1,B%,1,100,26
1771462868.154594,3258134.000,10336,1,B%,1,100,26
1771470196.504810,3263133.000,11158,1,B%,1,100,26
1771477545.378512,3268146.000,11974,1,B%,1,100,26
1771484883.990471,3273152.000,12786,1,B%,1,100,26
1771492213.806650,3278152.000,13617,1,B%,1,100,26
1771499542.156867,3283151.000,14431,1,B%,1,100,26
1771506871.973046,3288151.000,15242,1,B%,1,100,26
1771514210.585005,3293157.000,16049,1,B%,1,100,26
1771521540.401185,3298157.000,16881,1,B%,1,100,26
1771528879.013144,3303163.000,17695,1,B%,1,100,26
1771536236.682625,3308182.000,18511,1,B%,1,100,26
1771543566.498804,3313182.000,19327,1,B%,1,100,26
1771550894.849021,3318181.000,20163,1,B%,1,100,26
1771558224.665200,3323181.000,20982,1,B%,1,100,26
1771565563.277159,3328187.000,21787,1,B%,1,100,26
1771572901.889118,3333193.000,22612,1,B%,1,100,26
1771580231.705298,3338193.000,23425,1,B%,1,100,27
1771587560.055514,3343192.000,24260,1,B%,1,100,26
1771594898.667473,3348198.000,25079,1,B%,1,100,26
1771602228.483653,3353198.000,25892,1,B%,1,100,26
1771609567.095612,3358204.000,26701,1,B%,1,100,26
1771616895.445828,3363203.000,27510,1,B%,1,100,27
1771624234.057787,3368209.000,28332,1,B%,1,100,26
1771631563.873966,3373209.000,29141,1,B%,1,100,26
1771638902.485925,3378215.000,29944,1,B%,1,100,26
1771646232.302105,3383215.000,30749,1,B%,1,100,27
1771653570.914064,3388221.000,31562,1,B%,1,100,27
1771660899.264280,3393220.000,32395,1,B%,1,100,27
1771668229.080460,3398220.000,33213,1,B%,1,100,27
1771675567.692419,3403226.000,34032,1,B%,1,100,27
1771682916.566121,3408239.000,34845,1,B%,1,100,27
1771690255.178080,3413245.000,35678,1,B%,1,100,28
1771697593.790039,3418251.000,36491,1,B%,1,100,27
1771704932.401998,3423257.000,37303,1,B%,1,100,27
1771712262.218177,3428257.000,38115,1,B%,1,100,26
1771719600.830136,3433263.000,38942,1,B%,1,100,25
1771726939.442095,3438269.000,39748,1,B%,1,100,25
1771734269.258275,3443269.000,40562,1,B%,1,100,25
1771741597.608491,3448268.000,41384,1,B%,1,100,25
1771748936.220450,3453274.000,42219,1,B%,1,100,25
1771756266.036629,3458274.000,43028,1,B%,1,100,24
1771763594.386846,3463273.000,43838,1,B%,1,100,25
1771770932.998805,3468279.000,44649,1,B%,1,100,25
1771778262.814984,3473279.000,45458,1,B%,1,100,24
1771785592.631164,3478279.000,46295,1,B%,1,100,25
1771792931.243123,3483285.000,47115,1,B%,1,100,24
1771800278.650861,3488297.000,47935,1,B%,1,100,24
1771807618.728783,3493304.000,48764,1,B%,1,100,24
1771814947.079000,3498303.000,49582,1,B%,1,100,24
1771822276.895179,3503303.000,50395,1,B%,1,100,24
1771829605.245396,3508302.000,51221,1,B%,1,100,24
1771836935.061575,3513302.000,52035,1,B%,1,100,24
1771844263.411792,3518301.000,52870,1,B%,1,100,24
1771851593.227971,3523301.000,53694,1,B%,1,100,24
1771858931.839930,3528307.000,54507,1,B%,1,100,24
1771866270.451889,3533313.000,55316,1,B%,1,100,24
1771873598.802105,3538312.000,56151,1,B%,1,100,24
1771880928.618285,3543312.000,56968,1,B%,1,100,24
1771888267.230244,3548318.000,57782,1,B%,1,100,24
1771895597.046423,3553318.000,58592,1,B%,1,100,24
1771902925.396640,3558317.000,59402,1,B%,1,100,24
1771910264.008599,3563323.000,60227,1,B%,1,100,24
1771917604.086521,3568330.000,61043,1,B%,1,100,24
1771924932.436737,3573329.000,61882,1,B%,1,100,24
1771932271.048696,3578335.000,62707,1,B%,1,100,24
1771939600.864876,3583335.000,63556,1,B%,1,100,24
1771946939.476835,3588341.000,64383,1,B%,1,100,24
1771954267.827051,3593340.000,65215,1,B%,1,100,24
1771961597.643231,3598340.000,493,1,B%,1,100,24
1771968925.993447,3603339.000,1344,1,B%,1,100,24
1771976285.128891,3608359.000,2156,1,B%,1,100,24
1771983613.479108,3613358.000,2977,1,B%,1,100,24
1771990943.295287,3618358.000,3796,1,B%,1,100,24
1771998271.645504,3623357.000,4643,1,B%,1,100,24
1772005601.461683,3628357.000,5471,1,B%,1,100,25
1772012929.811900,3633356.000,6296,1,B%,1,100,24
1772020259.628079,3638356.000,7125,1,B%,1,100,24
1772027587.978295,3643355.000,7948,1,B%,1,100,24
1772034936.851997,3648368.000,8797,1,B%,1,100,24
1772042275.463956,3653374.000,9626,1,B%,1,100,24
1772049605.280136,3658374.000,10454,1,B%,1,100,24
1772056933.630352,3663373.000,11276,1,B%,1,100,24
1772064272.242311,3668379.000,12112,1,B%,1,100,25
1772071602.058491,3673379.000,12953,1,B%,1,100,24
1772078930.408707,3678378.000,13784,1,B%,1,100,25
1772086260.224886,3683378.000,14614,1,B%,1,100,25
1772093598.836845,3688384.000,15426,1,B%,1,100,25
1772100937.448804,3693390.000,16271,1,B%,1,100,24
1772108267.264984,3698390.000,17101,1,B%,1,100,24
1772115595.615200,3703389.000,17923,1,B%,1,100,25
1772122934.227159,3708395.000,18751,1,B%,1,100,24
1772130283.100861,3713408.000,19592,1,B%,1,100,25
1772137612.917040,3718408.000,20420,1,B%,1,100,25
1772144951.528999,3723414.000,21256,1,B%,1,100,24
1772152300.402701,3728427.000,22086,1,B%,1,100,25
1772159628.752917,3733426.000,22929,1,B%,1,100,24
1772166977.626619,3738439.000,23766,1,B%,1,100,24
1772174326.500321,3743452.000,24612,1,B%,1,100,24
1772181654.850537,3748451.000,25419,1,B%,1,100,24
1772188984.666717,3753451.000,26264,1,B%,1,100,24
1772196333.540418,3758464.000,27092,1,B%,1,100,24
1772203661.890635,3763463.000,27933,1,B%,1,100,24
1772211010.764336,3768476.000,28762,1,B%,1,100,25
1772218340.580516,3773476.000,29599,1,B%,1,100,24
1772225668.930732,3778475.000,30425,1,B%,1,100,25
1772232998.746912,3783475.000,31266,1,B%,1,100,24
1772240346.154650,3788487.000,32093,1,B%,1,100,24
1772247686.232572,3793494.000,32920,1,B%,1,100,24
1772255024.844531,3798500.000,33740,1,B%,1,100,24
1772262363.456490,3803506.000,34579,1,B%,1,100,24
1772269712.330192,3808519.000,35409,1,B%,1,100,25
1772277040.680408,3813518.000,36243,1,B%,1,100,24
1772284370.496588,3818518.000,37073,1,B%,1,100,24
1772291698.846804,3823517.000,37916,1,B%,1,100,23
1772299037.458763,3828523.000,38743,1,B%,1,100,24
1772306367.274943,3833523.000,39562,1,B%,1,100,24
1772313705.886902,3838529.000,40380,1,B%,1,100,24
1772321035.703081,3843529.000,41206,1,B%,1,100,24
1772328364.053298,3848528.000,42035,1,B%,1,100,24
1772335702.665257,3853534.000,42876,1,B%,1,100,24
1772343032.481436,3858534.000,43698,1,B%,1,100,24
1772350360.831652,3863533.000,44518,1,B%,1,100,24
1772357699.443611,3868539.000,45345,1,B%,1,100,24
1772365029.259791,3873539.000,46166,1,B%,1,100,24
1772372357.610007,3878538.000,47009,1,B%,1,100,24
1772379687.426187,3883538.000,47838,1,B%,1,100,23
1772387036.299888,3888551.000,48662,1,B%,1,100,24
1772394364.650105,3893550.000,49473,1,B%,1,100,23
1772401694.466284,3898550.000,50314,1,B%,1,100,23
1772409043.339986,3903563.000,51133,1,B%,1,100,23
1772416381.951945,3908569.000,51959,1,B%,1,100,24
1772423720.563904,3913575.000,52803,1,B%,1,100,24
1772431059.175863,3918581.000,53636,1,B%,1,100,24
1772438397.787822,3923587.000,54457,1,B%,1,100,23
1772445746.661523,3928600.000,55275,1,B%,1,100,24
1772453076.477703,3933600.000,56116,1,B%,1,100,24
1772460415.089662,3938606.000,56933,1,B%,1,100,23
1772467743.439878,3943605.000,57758,1,B%,1,100,23
1772475073.256058,3948605.000,58588,1,B%,1,100,24
1772482411.868017,3953611.000,59429,1,B%,1,100,24
1772489740.218233,3958610.000,60254,1,B%,1,100,24
1772497070.034413,3963610.000,61084,1,B%,1,100,24
1772504418.908114,3968623.000,61906,1,B%,1,100,24
1772511767.781816,3973636.000,62736,1,B%,1,100,24
1772519096.132032,3978635.000,63551,1,B%,1,100,23
1772526425.948212,3983635.000,64381,1,B%,1,100,23
1772533773.355950,3988647.000,65199,1,B%,1,100,23
1772541103.172130,3993647.000,469,1,B%,1,100,23
1772548431.522346,3998646.000,1302,1,B%,1,100,23
1772555780.396048,4003659.000,2119,1,B%,1,100,23
1772563110.212227,4008659.000,2937,1,B%,1,100,24
1772570438.562444,4013658.000,3758,1,B%,1,100,24
1772577777.174403,4018664.000,4597,1,B%,1,100,24
1772585106.990582,4023664.000,5414,1,B%,1,100,23
1772592455.864284,4028677.000,6236,1,B%,1,100,23
1772599804.737986,4033690.000,7064,1,B%,1,100,23
1772607133.088202,4038689.000,7879,1,B%,1,100,23
1772614462.904382,4043689.000,8693,1,B%,1,100,23
1772621811.778083,4048702.000,9503,1,B%,1,100,23
1772629140.128299,4053701.000,10313,1,B%,1,100,23
1772636468.478516,4058700.000,11148,1,B%,1,100,24
1772643798.294695,4063700.000,11963,1,B%,1,100,23
1772651157.430140,4068720.000,12780,1,B%,1,100,23
1772658496.042099,4073726.000,13613,1,B%,1,100,23
1772665824.392315,4078725.000,14428,1,B%,1,100,22
1772673154.208494,4083725.000,15246,1,B%,1,100,22
1772680492.820453,4088731.000,16078,1,B%,1,100,23
1772687831.432412,4093737.000,16892,1,B%,1,100,23
1772695159.782629,4098736.000,17707,1,B%,1,100,23
1772702489.598808,4103736.000,18522,1,B%,1,100,23
1772709828.210767,4108742.000,19358,1,B%,1,100,23
1772717166.822726,4113748.000,20148,1,B%,1,100,23
1772724496.638906,4118748.000,20987,1,B%,1,100,22
1772731824.989122,4123747.000,21809,1,B%,1,100,23
1772739154.805302,4128747.000,22617,1,B%,1,100,23
1772746503.679003,4133760.000,23423,1,B%,1,100,22
1772753832.029220,4138759.000,24246,1,B%,1,100,22
1772761161.845399,4143759.000,25059,1,B%,1,100,23
1772768500.457358,4148765.000,25868,1,B%,1,100,23
1772775828.807575,4153764.000,26679,1,B%,1,100,22
1772783167.419533,4158770.000,27506,1,B%,1,100,23
1772790497.235713,4163770.000,28318,1,B%,1,100,23
1772797825.585929,4168769.000,29124,1,B%,1,100,23
1772805165.663852,4173776.000,29932,1,B%,1,100,22
1772812513.071590,4178788.000,30769,1,B%,1,100,22
1772819842.887770,4183788.000,31587,1,B%,1,100,22
1772827181.499729,4188794.000,32395,1,B%,1,100,22
1772834540.635173,4193814.000,33215,1,B%,1,100,22
1772841868.985389,4198813.000,34018,1,B%,1,100,22
1772849198.801569,4203813.000,34828,1,B%,1,100,22
1772856527.151785,4208812.000,35659,1,B%,1,100,22
1772863865.763744,4213818.000,36448,1,B%,1,100,22
1772871195.579924,4218818.000,37281,1,B%,1,100,22
1772878523.930140,4223817.000,38103,1,B%,1,100,23
1772885862.542099,4228823.000,38925,1,B%,1,100,22
1772893211.415801,4233836.000,39771,1,B%,1,100,22
1772900550.027760,4238842.000,40592,1,B%,1,100,21
1772907890.105682,4243849.000,41395,1,B%,1,100,22
1772915228.717641,4248855.000,42220,1,B%,1,100,22
1772922567.329600,4253861.000,43048,1,B%,1,100,22
1772929895.679816,4258860.000,43853,1,B%,1,100,22
1772937225.495996,4263860.000,44658,1,B%,1,100,21
1772944553.846212,4268859.000,45502,1,B%,1,100,21
1772951912.981656,4273879.000,46315,1,B%,1,100,22
1772959251.593615,4278885.000,47116,1,B%,1,100,22
1772966581.409795,4283885.000,47922,1,B%,1,100,21
1772973920.021754,4288891.000,48728,1,B%,1,100,21
1772981258.633713,4293897.000,49541,1,B%,1,100,21
1772988597.245672,4298903.000,50351,1,B%,1,100,21
1772995935.857631,4303909.000,51153,1,B%,1,100,21
1773003265.673810,4308909.000,51987,1,B%,1,100,21
1773010604.285769,4313915.000,52780,1,B%,1,100,21
1773017942.897728,4318921.000,53603,1,B%,1,100,21
1773025272.713908,4323921.000,54421,1,B%,1,100,21
1773032601.064124,4328920.000,55221,1,B%,1,100,21
1773039939.676083,4333926.000,56035,1,B%,1,100,20
1773047269.492263,4338926.000,56858,1,B%,1,100,20
1773054597.842479,4343925.000,57669,1,B%,1,100,21
1773061946.716181,4348938.000,58490,1,B%,1,100,21
1773069276.532360,4353938.000,59286,1,B%,1,100,21
1773076615.144319,4358944.000,60115,1,B%,1,100,21
1773083953.756278,4363950.000,60918,1,B%,1,100,21
1773091292.368237,4368956.000,61737,1,B%,1,100,20
1773098641.241939,4373969.000,62525,1,B%,1,100,20
1773105969.592155,4378968.000,63348,1,B%,1,100,20
1773113299.408335,4383968.000,64163,1,B%,1,100,20
1773120638.020294,4388974.000,64974,1,B%,1,100,20
1773127976.632253,4393980.000,249,1,B%,1,100,21
1773135306.448432,4398980.000,1083,1,B%,1,100,20
1773142645.060391,4403986.000,1894,1,B%,1,100,20
1773149973.410608,4408985.000,2700,1,B%,1,100,20
1773157303.226787,4413985.000,3513,1,B%,1,100,21
1773164652.100489,4418998.000,4334,1,B%,1,100,20
1773171980.450705,4423997.000,5153,1,B%,1,100,20
1773179310.266885,4428997.000,5964,1,B%,1,100,20
1773186659.140586,4434010.000,6770,1,B%,1,100,20
1773193997.752545,4439016.000,7571,1,B%,1,100,20
1773201346.626247,4444029.000,8400,1,B%,1,100,20
1773208685.238206,4449035.000,9212,1,B%,1,100,20
1773216023.850165,4454041.000,10040,1,B%,1,100,20
1773223352.200381,4459040.000,10871,1,B%,1,100,20
1773230692.278303,4464047.000,11686,1,B%,1,100,20
1773238030.890262,4469053.000,12493,1,B%,1,100,20
1773245369.502221,4474059.000,13302,1,B%,1,100,21
1773252697.852437,4479058.000,14131,1,B%,1,100,20
1773260027.668617,4484058.000,14937,1,B%,1,100,20
1773267366.280576,4489064.000,15746,1,B%,1,100,20
1773274715.154278,4494077.000,16567,1,B%,1,100,19
1773282053.766237,4499083.000,17400,1,B%,1,100,20
1773289392.378196,4504089.000,18212,1,B%,1,100,20
1773296722.194375,4509089.000,19014,1,B%,1,100,20
1773304060.806334,4514095.000,19825,1,B%,1,100,19
1773311399.418293,4519101.000,20653,1,B%,1,100,20
1773318729.234473,4524101.000,21461,1,B%,1,100,20
1773326067.846432,4529107.000,22269,1,B%,1,100,19
1773333396.196648,4534106.000,23076,1,B%,1,100,19
1773340734.808607,4539112.000,23902,1,B%,1,100,19
1773348074.886529,4544119.000,24716,1,B%,1,100,19
1773355413.498488,4549125.000,25528,1,B%,1,100,19
1773362752.110447,4554131.000,26346,1,B%,1,100,19
1773370080.460664,4559130.000,27168,1,B%,1,100,19
1773377410.276843,4564130.000,27977,1,B%,1,100,19
1773384738.627059,4569129.000,28789,1,B%,1,100,19
1773392097.762504,4574149.000,29598,1,B%,1,100,19
1773399426.112720,4579148.000,30423,1,B%,1,100,20
1773406766.190642,4584155.000,31240,1,B%,1,100,19
1773414104.802601,4589161.000,32048,1,B%,1,100,19
1773421443.414560,4594167.000,32856,1,B%,1,100,19
1773428792.288262,4599180.000,33675,1,B%,1,100,19
1773436120.638478,4604179.000,34486,1,B%,1,100,19
1773443459.250437,4609185.000,35301,1,B%,1,100,19
1773450799.328359,4614192.000,36107,1,B%,1,100,19
1773458127.678576,4619191.000,36940,1,B%,1,100,19
1773465457.494755,4624191.000,37759,1,B%,1,100,19
1773472796.106714,4629197.000,38576,1,B%,1,100,19
1773480134.718673,4634203.000,39386,1,B%,1,100,19
1773487473.330632,4639209.000,40205,1,B%,1,100,19
1773494803.146812,4644209.000,41016,1,B%,1,100,19
1773502141.758771,4649215.000,41825,1,B%,1,100,19
1773509509.689995,4654241.000,42638,1,B%,1,100,19
1773516848.301954,4659247.000,43467,1,B%,1,100,19
1773524186.913913,4664253.000,44285,1,B%,1,100,18
1773531525.525872,4669259.000,45103,1,B%,1,100,19
1773538894.923059,4674286.000,45947,1,B%,1,100,19
1773546223.273275,4679285.000,46760,1,B%,1,100,18
1773553553.089454,4684285.000,47574,1,B%,1,100,18
1773560891.701413,4689291.000,48403,1,B%,1,100,19
1773568220.051630,4694290.000,49219,1,B%,1,100,18
1773575549.867809,4699290.000,50032,1,B%,1,100,18
1773582878.218025,4704289.000,50860,1,B%,1,100,18
1773590208.034205,4709289.000,51676,1,B%,1,100,18
1773597546.646164,4714295.000,52486,1,B%,1,100,18
1773604885.258123,4719301.000,53327,1,B%,1,100,18
1773612215.074303,4724301.000,54150,1,B%,1,100,18
1773619543.424519,4729300.000,54969,1,B%,1,100,18
1773626892.298221,4734313.000,55786,1,B%,1,100,19
1773634230.910180,4739319.000,56621,1,B%,1,100,18
1773641579.783881,4744332.000,57439,1,B%,1,100,18
1773648908.134098,4749331.000,58273,1,B%,1,100,19
1773656237.950277,4754331.000,59101,1,B%,1,100,18
1773663586.823979,4759344.000,59942,1,B%,1,100,19
1773670925.435938,4764350.000,60761,1,B%,1,100,19
1773678253.786154,4769349.000,61600,1,B%,1,100,19
1773685593.864076,4774356.000,62404,1,B%,1,100,18
1773692922.214293,4779355.000,63235,1,B%,1,100,18
1773700260.826252,4784361.000,64062,1,B%,1,100,18
1773707609.699953,4789374.000,64881,1,B%,1,100,18
1773714939.516133,4794374.000,164,1,B%,1,100,18
1773722278.128092,4799380.000,999,1,B%,1,100,18
1773729616.740051,4804386.000,1829,1,B%,1,100,17
1773736945.090267,4809385.000,2643,1,B%,1,100,17
1773744293.963969,4814398.000,3461,1,B%,1,100,17
1773751642.837670,4819411.000,4302,1,B%,1,100,17
1773758972.653850,4824411.000,5121,1,B%,1,100,17
1773766301.004066,4829410.000,5942,1,B%,1,100,17
1773773649.877768,4834423.000,6757,1,B%,1,100,17
1773780978.227984,4839422.000,7596,1,B%,1,100,17
1773788318.305906,4844429.000,8430,1,B%,1,100,17
1773795665.713645,4849441.000,9244,1,B%,1,100,18
1773802995.529824,4854441.000,10066,1,B%,1,100,19
1773810323.880041,4859440.000,10901,1,B%,1,100,18
1773817653.696220,4864440.000,11720,1,B%,1,100,18
1773824982.046437,4869439.000,12533,1,B%,1,100,18
1773832311.862616,4874439.000,13347,1,B%,1,100,18
1773839640.212832,4879438.000,14162,1,B%,1,100,17
1773846970.029012,4884438.000,14995,1,B%,1,100,17
1773854298.379228,4889437.000,15814,1,B%,1,100,17
1773861638.457150,4894444.000,16635,1,B%,1,100,16
1773868977.069109,4899450.000,17443,1,B%,1,100,16
1773876305.419326,4904449.000,18274,1,B%,1,100,16
1773883644.031285,4909455.000,19080,1,B%,1,100,16
1773890973.847464,4914455.000,19887,1,B%,1,100,16
1773898322.721166,4919468.000,20704,1,B%,1,100,16
1773905661.333125,4924474.000,21531,1,B%,1,100,16
1773912989.683341,4929473.000,22346,1,B%,1,100,15
1773920348.818786,4934493.000,23164,1,B%,1,100,16
1773927687.430745,4939499.000,23966,1,B%,1,100,16
1773935017.246924,4944499.000,24789,1,B%,1,100,16
1773942345.597141,4949498.000,25595,1,B%,1,100,16
1773949694.470842,4954511.000,26409,1,B%,1,100,15
1773957022.821059,4959510.000,27232,1,B%,1,100,16
1773964362.898981,4964517.000,28080,1,B%,1,100,14
1773971701.510940,4969523.000,28912,1,B%,1,100,16
1773979040.122899,4974529.000,29741,1,B%,1,100,15
1773986368.473115,4979528.000,30562,1,B%,1,100,15
1773993708.551037,4984535.000,31377,1,B%,1,100,16
1774001036.901253,4989534.000,32212,1,B%,1,100,16
1774008385.774955,4994547.000,33032,1,B%,1,100,15
1774015714.125171,4999546.000,33847,1,B%,1,100,16
1774023054.203094,5004553.000,34668,1,B%,1,100,15
1774030382.553310,5009552.000,35496,1,B%,1,100,15
1774037712.369490,5014552.000,36287,1,B%,1,100,15
1774045050.981449,5019558.000,37118,1,B%,1,100,15
1774052379.331665,5024557.000,37937,1,B%,1,100,16
1774059709.147845,5029557.000,38746,1,B%,1,100,15
1774067037.498061,5034556.000,39550,1,B%,1,100,15
1774074376.110020,5039562.000,40377,1,B%,1,100,15
1774081716.187942,5044569.000,41190,1,B%,1,100,15
1774089044.538158,5049568.000,42005,1,B%,1,100,16
1774096383.150117,5054574.000,42834,1,B%,1,100,15
1774103732.023819,5059587.000,43643,1,B%,1,100,15
1774111061.839998,5064587.000,44461,1,B%,1,100,16
1774118400.451957,5069593.000,45273,1,B%,1,100,15
1774125739.063916,5074599.000,46098,1,B%,1,100,15
1774133067.414133,5079598.000,46914,1,B%,1,100,15
1774140407.492055,5084605.000,47735,1,B%,1,100,15
1774147735.842271,5089604.000,48540,1,B%,1,100,15
1774155065.658451,5094604.000,49377,1,B%,1,100,15
1774162413.066189,5099616.000,50194,1,B%,1,100,15
1774169742.882369,5104616.000,51018,1,B%,1,100,15
1774177071.232585,5109615.000,51837,1,B%,1,100,15
1774184411.310507,5114622.000,52654,1,B%,1,100,15
1774191749.922466,5119628.000,53477,1,B%,1,100,15
1774199078.272683,5124627.000,54300,1,B%,1,100,15
1774206416.884642,5129633.000,55106,1,B%,1,100,15
1774213765.758343,5134646.000,55912,1,B%,1,100,14
1774221104.370302,5139652.000,56725,1,B%,1,100,14
1774228434.186482,5144652.000,57554,1,B%,1,100,15
1774235762.536698,5149651.000,58367,1,B%,1,100,14
1774243092.352878,5154651.000,59193,1,B%,1,100,14
1774250420.703094,5159650.000,60012,1,B%,1,100,15
1774257750.519274,5164650.000,60827,1,B%,1,100,15
1774265078.869490,5169649.000,61658,1,B%,1,100,15
1774272408.685669,5174649.000,62477,1,B%,1,100,15
1774279757.559371,5179662.000,63297,1,B%,1,100,15
1774287096.171330,5184668.000,64111,1,B%,1,100,14
1774294424.521546,5189667.000,64942,1,B%,1,100,14
1774301754.337726,5194667.000,218,1,B%,1,100,14
1774309092.949685,5199673.000,1030,1,B%,1,100,15
1774316422.765865,5204673.000,1840,1,B%,1,100,14
1774323751.116081,5209672.000,2671,1,B%,1,100,14
1774331099.989783,5214685.000,3479,1,B%,1,100,14
1774338438.601742,5219691.000,4287,1,B%,1,100,15
1774345777.213701,5224697.000,5097,1,B%,1,100,14
1774353107.029880,5229697.000,5929,1,B%,1,100,14
1774360435.380096,5234696.000,6742,1,B%,1,100,14
1774367765.196276,5239696.000,7561,1,B%,1,100,13
1774375093.546492,5244695.000,8375,1,B%,1,100,14
1774382423.362672,5249695.000,9185,1,B%,1,100,14
1774389761.974631,5254701.000,10020,1,B%,1,100,14
1774397110.848332,5259714.000,10836,1,B%,1,100,14
1774404439.198549,5264713.000,11657,1,B%,1,100,14
1774411769.014728,5269713.000,12464,1,B%,1,100,14
1774419097.364945,5274712.000,13295,1,B%,1,100,14
1774426446.238646,5279725.000,14108,1,B%,1,100,14
1774433776.054826,5284725.000,14930,1,B%,1,100,14
1774441123.462564,5289737.000,15746,1,B%,1,100,14
1774448453.278744,5294737.000,16585,1,B%,1,100,13
1774455802.152446,5299750.000,17395,1,B%,1,100,13
1774463140.764405,5304756.000,18218,1,B%,1,100,14
1774470469.114621,5309755.000,19059,1,B%,1,100,13
1774477809.192543,5314762.000,19886,1,B%,1,100,14
1774485137.542759,5319761.000,20714,1,B%,1,100,13
1774492465.892976,5324760.000,21549,1,B%,1,100,13
1774499805.970898,5329767.000,22368,1,B%,1,100,14
1774507153.378636,5334779.000,23207,1,B%,1,100,13
1774514493.456558,5339786.000,24027,1,B%,1,100,14
1774521840.864297,5344798.000,24849,1,B%,1,100,13
1774529170.680476,5349798.000,25671,1,B%,1,100,13
1774536500.496656,5354798.000,26512,1,B%,1,100,13
1774543868.427880,5359824.000,27332,1,B%,1,100,14
1774551207.039839,5364830.000,28155,1,B%,1,100,13
1774558535.390055,5369829.000,28982,1,B%,1,100,13
1774565865.206235,5374829.000,29821,1,B%,1,100,13
1774573214.079936,5379842.000,30637,1,B%,1,100,13
1774580542.430153,5384841.000,31452,1,B%,1,100,13
1774587872.246332,5389841.000,32269,1,B%,1,100,13
1774595210.858291,5394847.000,33104,1,B%,1,100,13
1774602549.470250,5399853.000,33922,1,B%,1,100,13
1774609888.082209,5404859.000,34737,1,B%,1,100,13
1774617217.898389,5409859.000,35558,1,B%,1,100,13
1774624546.248605,5414858.000,36397,1,B%,1,100,13
1774631895.122307,5419871.000,37209,1,B%,1,100,12
1774639223.472523,5424870.000,38028,1,B%,1,100,13
1774646563.550445,5429877.000,38843,1,B%,1,100,13
1774653891.900661,5434876.000,39676,1,B%,1,100,13
1774661230.512620,5439882.000,40497,1,B%,1,100,13
1774668560.328800,5444882.000,41319,1,B%,1,100,12
1774675888.679016,5449881.000,42145,1,B%,1,100,13
1774683218.495196,5454881.000,42980,1,B%,1,100,12
1774690546.845412,5459880.000,43782,1,B%,1,100,13
1774697885.457371,5464886.000,44617,1,B%,1,100,13
1774705225.535293,5469893.000,45442,1,B%,1,100,13
1774712553.885510,5474892.000,46281,1,B%,1,100,13
1774719913.020954,5479912.000,47105,1,B%,1,100,12
1774727251.632913,5484918.000,47926,1,B%,1,100,12
1774734579.983129,5489917.000,48745,1,B%,1,100,13
1774741909.799309,5494917.000,49554,1,B%,1,100,11
1774749258.673011,5499930.000,50394,1,B%,1,100,13
1774756587.023227,5504929.000,51211,1,B%,1,100,12
1774763925.635186,5509935.000,52027,1,B%,1,100,12
1774771255.451365,5514935.000,52858,1,B%,1,100,12
1774778594.063324,5519941.000,53668,1,B%,1,100,12
1774785942.937026,5524954.000,54503,1,B%,1,100,12
1774793281.548985,5529960.000,55321,1,B%,1,100,12
1774800609.899201,5534959.000,56139,1,B%,1,100,12
1774807979.296388,5539986.000,56964,1,B%,1,100,12
1774815328.170090,5544999.000,57784,1,B%,1,100,13
1774822656.520306,5549998.000,58606,1,B%,1,100,13
1774829995.132265,5555004.000,59443,1,B%,1,100,13
1774837354.267709,5560024.000,60258,1,B%,1,100,14
1774844682.617926,5565023.000,61070,1,B%,1,100,13
1774852012.434105,5570023.000,61903,1,B%,1,100,13
1774859351.046064,5575029.000,62717,1,B%,1,100,12
1774866679.396281,5580028.000,63515,1,B%,1,100,12
1774874009.212460,5585028.000,64330,1,B%,1,100,12
1774881347.824419,5590034.000,65139,1,B%,1,100,11
1774888686.436378,5595040.000,432,1,B%,1,100,11
1774896025.048337,5600046.000,1237,1,B%,1,100,11
1774903354.864517,5605046.000,2047,1,B%,1,100,10
1774910693.476476,5610052.000,2859,1,B%,1,100,11
1774918021.826692,5615051.000,3696,1,B%,1,100,10
1774925380.962136,5620071.000,4510,1,B%,1,100,10
1774932709.312353,5625070.000,5326,1,B%,1,100,10
1774940039.128532,5630070.000,6140,1,B%,1,100,10
1774947367.478749,5635069.000,6961,1,B%,1,100,10
1774954707.556671,5640076.000,7772,1,B%,1,100,10
1774962035.906887,5645075.000,8590,1,B%,1,100,10
1774969365.723067,5650075.000,9398,1,B%,1,100,10
1774976704.335026,5655081.000,10216,1,B%,1,100,10
1774984042.946985,5660087.000,11030,1,B%,1,100,10
1774991381.558944,5665093.000,11863,1,B%,1,100,10
1774998720.170902,5670099.000,12667,1,B%,1,100,10
1775006049.987082,5675099.000,13473,1,B%,1,100,10
1775013388.599041,5680105.000,14283,1,B%,1,100,10
1775020727.211000,5685111.000,15108,1,B%,1,100,10
1775028057.027180,5690111.000,15911,1,B%,1,100,10
1775035385.377396,5695110.000,16718,1,B%,1,100,10
1775042744.512840,5700130.000,17528,1,B%,1,100,10
1775050072.863057,5705129.000,18359,1,B%,1,100,10
1775057421.736758,5710142.000,19170,1,B%,1,100, 9
1775064760.348717,5715148.000,19994,1,B%,1,100,10
1775072098.960676,5720154.000,20805,1,B%,1,100,10
1775079437.572635,5725160.000,21616,1,B%,1,100,10
1775086767.388815,5730160.000,22433,1,B%,1,100,10
1775094095.739031,5735159.000,23244,1,B%,1,100,10
1775101454.874475,5740179.000,24057,1,B%,1,100,10
1775108803.748177,5745192.000,24888,1,B%,1,100,10
1775116132.098393,5750191.000,25702,1,B%,1,100,10
1775123470.710352,5755197.000,26512,1,B%,1,100,10
1775130810.788275,5760204.000,27336,1,B%,1,100,10
1775138139.138491,5765203.000,28149,1,B%,1,100,10
1775145477.750450,5770209.000,28960,1,B%,1,100, 9
1775152816.362409,5775215.000,29790,1,B%,1,100,10
1775160146.178588,5780215.000,30589,1,B%,1,100,10
1775167484.790547,5785221.000,31438,1,B%,1,100,10
1775174814.606727,5790221.000,32251,1,B%,1,100, 9
1775182142.956943,5795220.000,33058,1,B%,1,100,10
1775189510.888167,5800246.000,33879,1,B%,1,100,10
1775196849.500126,5805252.000,34695,1,B%,1,100,10
1775204179.316305,5810252.000,35503,1,B%,1,100, 9
1775211517.928264,5815258.000,36326,1,B%,1,100,10
1775218847.744444,5820258.000,37134,1,B%,1,100,10
1775226176.094660,5825257.000,37945,1,B%,1,100, 9
1775233514.706619,5830263.000,38748,1,B%,1,100,10
1775240844.522799,5835263.000,39567,1,B%,1,100, 9
1775248172.873015,5840262.000,40355,1,B%,1,100,10
1775255502.689195,5845262.000,41176,1,B%,1,100,10
1775262831.039411,5850261.000,41981,1,B%,1,100, 9
1775270160.855591,5855261.000,42796,1,B%,1,100,10
1775277509.729292,5860274.000,43613,1,B%,1,100,10
1775284848.341251,5865280.000,44444,1,B%,1,100, 9
1775292176.691468,5870279.000,45260,1,B%,1,100, 9
1775299506.507647,5875279.000,46076,1,B%,1,100, 9
1775306845.119606,5880285.000,46888,1,B%,1,100, 9
1775314173.469822,5885284.000,47719,1,B%,1,100, 9
1775321503.286002,5890284.000,48545,1,B%,1,100, 9
1775328831.636218,5895283.000,49361,1,B%,1,100, 9
1775336161.452398,5900283.000,50192,1,B%,1,100,10
1775343489.802614,5905282.000,51029,1,B%,1,100, 9
1775350819.618794,5910282.000,51870,1,B%,1,100, 9
1775358158.230753,5915288.000,52701,1,B%,1,100, 9
1775365507.104455,5920301.000,53527,1,B%,1,100, 9
1775372835.454671,5925300.000,54341,1,B%,1,100, 9
1775380165.270850,5930300.000,55180,1,B%,1,100, 9
1775387493.621067,5935299.000,55998,1,B%,1,100, 9
1775394823.437246,5940299.000,56803,1,B%,1,100, 9
1775402151.787463,5945298.000,57615,1,B%,1,100, 9
1775409481.603642,5950298.000,58419,1,B%,1,100, 9
1775416809.953858,5955297.000,59262,1,B%,1,100, 9
1775424158.827560,5960310.000,60082,1,B%,1,100, 9
1775431497.439519,5965316.000,60909,1,B%,1,100, 9
1775438827.255699,5970316.000,61732,1,B%,1,100, 9
1775446155.605915,5975315.000,62585,1,B%,1,100, 9
1775453514.741359,5980335.000,63388,1,B%,1,100, 8
1775460843.091576,5985334.000,64202,1,B%,1,100, 9
1775468183.169498,5990341.000,65033,1,B%,1,100, 9
1775475521.781457,5995347.000,307,1,B%,1,100, 9
1775482860.393416,6000353.000,1115,1,B%,1,100, 9
1775490199.005375,6005359.000,1925,1,B%,1,100, 9
1775497537.617334,6010365.000,2762,1,B%,1,100, 9
1775504867.433513,6015365.000,3584,1,B%,1,100, 9
1775512195.783730,6020364.000,4394,1,B%,1,100, 8
1775519535.861652,6025371.000,5208,1,B%,1,100, 8
1775526864.211868,6030370.000,6044,1,B%,1,100, 8
1775534202.823827,6035376.000,6859,1,B%,1,100, 8
1775541541.435786,6040382.000,7671,1,B%,1,100, 8
1775548880.047745,6045388.000,8484,1,B%,1,100, 7
1775556209.863925,6050388.000,9299,1,B%,1,100, 8
1775563538.214141,6055387.000,10134,1,B%,1,100, 8
1775570868.030321,6060387.000,10951,1,B%,1,100, 8
1775578206.642280,6065393.000,11773,1,B%,1,100, 8
1775585545.254239,6070399.000,12577,1,B%,1,100, 8
1775592875.070418,6075399.000,13410,1,B%,1,100, 8
1775600213.682377,6080405.000,14216,1,B%,1,100, 7
1775607562.556079,6085418.000,15032,1,B%,1,100, 7
1775614890.906295,6090417.000,15845,1,B%,1,100, 7
1775622220.722475,6095417.000,16666,1,B%,1,100, 8
1775629559.334434,6100423.000,17507,1,B%,1,100, 8
1775636887.684650,6105422.000,18321,1,B%,1,100, 8
1775644227.762572,6110429.000,19139,1,B%,1,100, 7
1775651575.170310,6115441.000,19955,1,B%,1,100, 7
1775658904.986490,6120441.000,20790,1,B%,1,100, 8
1775666243.598449,6125447.000,21616,1,B%,1,100, 8
1775673573.414629,6130447.000,22436,1,B%,1,100, 7
1775680901.764845,6135446.000,23260,1,B%,1,100, 8
1775688231.581025,6140446.000,24099,1,B%,1,100, 8
1775695570.192984,6145452.000,24921,1,B%,1,100, 7
1775702898.543200,6150451.000,25734,1,B%,1,100, 7
