LocalTimestamp,EmotiBitTimestamp,PacketNumber,DataLength,TypeTag,ProtocolVersion,DataReliability,PG
1766633906.622678,44492.000,5153,3,PG,1,100,9180
1766633906.622678,44492.000,5153,3,PG,1,100,9201
1766633906.622678,44492.000,5153,3,PG,1,100,9205
1766633906.662674,44532.000,5170,2,PG,1,100,9228
1766633906.702671,44572.000,5170,2,PG,1,100,9233
1766633906.742668,44612.000,5186,3,PG,1,100,9262
1766633906.782665,44652.000,5186,3,PG,1,100,9266
1766633906.822661,44692.000,5186,3,PG,1,100,9264
1766633906.862658,44732.000,5204,2,PG,1,100,9259
1766633906.902655,44772.000,5204,2,PG,1,100,9252
1766633906.942652,44812.000,5218,3,PG,1,100,9251
1766633906.982649,44852.000,5218,3,PG,1,100,9262
1766633907.022645,44892.000,5218,3,PG,1,100,9297
1766633907.062642,44932.000,5235,2,PG,1,100,9308
1766633907.102639,44972.000,5235,2,PG,1,100,9336
1766633907.142636,45012.000,5252,3,PG,1,100,9356
1766633907.182632,45052.000,5252,3,PG,1,100,9360
1766633907.222629,45092.000,5252,3,PG,1,100,9386
1766633907.262626,45132.000,5269,2,PG,1,100,9387
1766633907.302623,45172.000,5269,2,PG,1,100,9424
1766633907.342619,45212.000,5283,3,PG,1,100,9443
1766633907.382616,45252.000,5283,3,PG,1,100,9465
1766633907.422613,45292.000,5283,3,PG,1,100,9479
1766633907.462610,45332.000,5300,3,PG,1,100,9514
1766633907.502606,45372.000,5300,3,PG,1,100,9524
1766633907.542603,45412.000,5300,3,PG,1,100,9527
1766633907.582600,45452.000,5317,2,PG,1,100,9564
1766633907.622597,45492.000,5317,2,PG,1,100,9582
1766633907.662594,45532.000,5334,3,PG,1,100,9619
1766633907.702590,45572.000,5334,3,PG,1,100,9661
1766633907.742587,45612.000,5334,3,PG,1,100,9699
1766633907.782584,45652.000,5348,2,PG,1,100,9737
1766633907.822581,45692.000,5348,2,PG,1,100,9784
1766633907.862577,45732.000,5366,3,PG,1,100,9813
1766633907.902574,45772.000,5366,3,PG,1,100,9847
1766633907.942571,45812.000,5366,3,PG,1,100,9895
1766633907.982568,45852.000,5382,2,PG,1,100,9932
1766633908.022564,45892.000,5382,2,PG,1,100,9956
1766633908.062895,45932.333,5399,3,PG,1,100,9989
1766633908.103225,45972.667,5399,3,PG,1,100,10023
1766633908.143555,46013.000,5399,3,PG,1,100,10061
1766633908.183052,46052.500,5415,2,PG,1,100,10096
1766633908.222548,46092.000,5415,2,PG,1,100,10129
1766633908.262545,46132.000,5431,3,PG,1,100,10139
1766633908.302542,46172.000,5431,3,PG,1,100,10143
1766633908.342539,46212.000,5431,3,PG,1,100,10160
1766633908.382535,46252.000,5447,2,PG,1,100,10186
1766633908.422532,46292.000,5447,2,PG,1,100,10230
1766633908.462529,46332.000,5465,3,PG,1,100,10265
1766633908.502526,46372.000,5465,3,PG,1,100,10293
1766633908.542522,46412.000,5465,3,PG,1,100,10325
1766633908.582519,46452.000,5481,2,PG,1,100,10365
1766633908.622516,46492.000,5481,2,PG,1,100,10406
1766633908.662513,46532.000,5496,3,PG,1,100,10423
1766633908.702509,46572.000,5496,3,PG,1,100,10450
1766633908.742506,46612.000,5496,3,PG,1,100,10470
1766633908.782503,46652.000,5512,3,PG,1,100,10507
1766633908.822500,46692.000,5512,3,PG,1,100,10527
1766633908.862497,46732.000,5512,3,PG,1,100,10556
1766633908.902493,46772.000,5532,2,PG,1,100,10585
1766633908.942490,46812.000,5532,2,PG,1,100,10607
1766633908.982487,46852.000,5548,3,PG,1,100,10626
1766633909.022484,46892.000,5548,3,PG,1,100,10628
1766633909.062480,46932.000,5548,3,PG,1,100,10649
1766633909.102477,46972.000,5563,2,PG,1,100,10664
1766633909.142474,47012.000,5563,2,PG,1,100,10684
1766633909.188970,47058.500,5580,2,PG,1,100,10706
1766633909.235466,47105.000,5580,2,PG,1,100,10731
1766633909.275463,47145.000,5597,3,PG,1,100,10742
1766633909.315460,47185.000,5597,3,PG,1,100,10760
1766633909.355457,47225.000,5597,3,PG,1,100,10777
1766633909.395453,47265.000,5613,2,PG,1,100,10795
1766633909.435450,47305.000,5613,2,PG,1,100,10814
1766633909.475447,47345.000,5629,3,PG,1,100,10811
1766633909.515444,47385.000,5629,3,PG,1,100,10833
1766633909.555440,47425.000,5629,3,PG,1,100,10820
1766633909.595937,47465.500,5645,2,PG,1,100,10818
1766633909.636434,47506.000,5645,2,PG,1,100,10834
1766633909.676097,47545.667,5662,3,PG,1,100,10876
1766633909.715761,47585.333,5662,3,PG,1,100,10903
1766633909.755424,47625.000,5662,3,PG,1,100,10913
1766633909.795421,47665.000,5678,3,PG,1,100,10939
1766633909.835418,47705.000,5678,3,PG,1,100,10959
1766633909.875415,47745.000,5678,3,PG,1,100,10967
1766633909.915411,47785.000,5694,2,PG,1,100,10946
1766633909.955408,47825.000,5694,2,PG,1,100,10916
1766633909.995405,47865.000,5710,3,PG,1,100,10911
1766633910.035402,47905.000,5710,3,PG,1,100,10915
1766633910.075398,47945.000,5710,3,PG,1,100,10933
1766633910.115395,47985.000,5727,2,PG,1,100,10972
1766633910.155392,48025.000,5727,2,PG,1,100,11004
1766633910.195389,48065.000,5744,3,PG,1,100,11014
1766633910.235385,48105.000,5744,3,PG,1,100,11045
1766633910.275382,48145.000,5744,3,PG,1,100,11085
1766633910.315379,48185.000,5760,2,PG,1,100,11119
1766633910.355376,48225.000,5760,2,PG,1,100,11139
1766633910.395373,48265.000,5775,3,PG,1,100,11151
1766633910.435369,48305.000,5775,3,PG,1,100,11173
1766633910.475366,48345.000,5775,3,PG,1,100,11206
1766633910.515363,48385.000,5793,2,PG,1,100,11195
1766633910.555360,48425.000,5793,2,PG,1,100,11212
1766633910.595356,48465.000,5809,3,PG,1,100,11242
1766633910.635353,48505.000,5809,3,PG,1,100,11302
1766633910.675350,48545.000,5809,3,PG,1,100,11331
1766633910.715347,48585.000,5826,2,PG,1,100,11347
1766633910.755343,48625.000,5826,2,PG,1,100,11374
1766633910.795340,48665.000,5841,3,PG,1,100,11392
1766633910.835337,48705.000,5841,3,PG,1,100,11422
1766633910.875334,48745.000,5841,3,PG,1,100,11463
1766633910.915330,48785.000,5858,2,PG,1,100,11502
1766633910.955327,48825.000,5858,2,PG,1,100,11521
1766633910.995324,48865.000,5874,3,PG,1,100,11516
1766633911.035321,48905.000,5874,3,PG,1,100,11523
1766633911.075318,48945.000,5874,3,PG,1,100,11539
1766633911.115314,48985.000,5891,2,PG,1,100,11547
1766633911.155311,49025.000,5891,2,PG,1,100,11557
1766633911.195308,49065.000,5906,3,PG,1,100,11575
1766633911.235305,49105.000,5906,3,PG,1,100,11591
1766633911.275301,49145.000,5906,3,PG,1,100,11611
1766633911.315298,49185.000,5923,3,PG,1,100,11623
1766633911.355295,49225.000,5923,3,PG,1,100,11634
1766633911.395292,49265.000,5923,3,PG,1,100,11676
1766633911.435288,49305.000,5939,2,PG,1,100,11709
1766633911.475285,49345.000,5939,2,PG,1,100,11713
1766633911.515282,49385.000,5957,3,PG,1,100,11735
1766633911.555279,49425.000,5957,3,PG,1,100,11737
1766633911.595276,49465.000,5957,3,PG,1,100,11760
1766633911.635272,49505.000,5971,2,PG,1,100,11775
1766633911.675269,49545.000,5971,2,PG,1,100,11783
1766633911.715266,49585.000,5993,3,PG,1,100,11804
1766633911.755263,49625.000,5993,3,PG,1,100,11819
1766633911.795259,49665.000,5993,3,PG,1,100,11805
1766633911.835256,49705.000,6010,2,PG,1,100,11794
1766633911.875253,49745.000,6010,2,PG,1,100,11798
1766633911.915250,49785.000,6027,3,PG,1,100,11801
1766633911.955246,49825.000,6027,3,PG,1,100,11816
1766633911.995243,49865.000,6027,3,PG,1,100,11825
1766633912.035240,49905.000,6041,2,PG,1,100,11840
1766633912.075237,49945.000,6041,2,PG,1,100,11845
1766633912.115233,49985.000,6058,3,PG,1,100,11862
1766633912.155230,50025.000,6058,3,PG,1,100,11871
1766633912.195227,50065.000,6058,3,PG,1,100,11887
1766633912.235224,50105.000,6075,2,PG,1,100,11889
1766633912.275221,50145.000,6075,2,PG,1,100,11890
1766633912.315217,50185.000,6092,3,PG,1,100,11903
1766633912.355214,50225.000,6092,3,PG,1,100,11924
1766633912.395211,50265.000,6092,3,PG,1,100,11922
1766633912.435208,50305.000,6106,2,PG,1,100,11929
1766633912.475204,50345.000,6106,2,PG,1,100,11951
1766633912.515201,50385.000,6124,3,PG,1,100,11952
1766633912.555198,50425.000,6124,3,PG,1,100,11954
1766633912.595195,50465.000,6124,3,PG,1,100,11978
1766633912.635191,50505.000,6140,2,PG,1,100,11995
1766633912.675188,50545.000,6140,2,PG,1,100,12017
1766633912.715185,50585.000,6157,3,PG,1,100,12029
1766633912.755182,50625.000,6157,3,PG,1,100,12037
1766633912.795178,50665.000,6157,3,PG,1,100,12060
1766633912.835175,50705.000,6173,3,PG,1,100,12042
1766633912.875172,50745.000,6173,3,PG,1,100,12011
1766633912.915169,50785.000,6173,3,PG,1,100,12022
1766633912.955166,50825.000,6189,2,PG,1,100,12015
1766633912.995162,50865.000,6189,2,PG,1,100,12023
1766633913.035159,50905.000,6205,3,PG,1,100,12036
1766633913.075156,50945.000,6205,3,PG,1,100,12060
1766633913.115153,50985.000,6205,3,PG,1,100,12053
1766633913.155149,51025.000,6222,2,PG,1,100,12050
1766633913.195146,51065.000,6222,2,PG,1,100,12048
1766633913.235143,51105.000,6238,3,PG,1,100,12058
1766633913.275140,51145.000,6238,3,PG,1,100,12103
1766633913.315136,51185.000,6238,3,PG,1,100,12123
1766633913.355133,51225.000,6254,2,PG,1,100,12141
1766633913.395130,51265.000,6254,2,PG,1,100,12164
1766633913.435127,51305.000,6270,3,PG,1,100,12168
1766633913.475123,51345.000,6270,3,PG,1,100,12154
1766633913.515120,51385.000,6270,3,PG,1,100,12165
1766633913.555117,51425.000,6288,2,PG,1,100,12192
1766633913.595114,51465.000,6288,2,PG,1,100,12200
1766633913.635111,51505.000,6304,3,PG,1,100,12237
1766633913.675107,51545.000,6304,3,PG,1,100,12269
1766633913.715104,51585.000,6304,3,PG,1,100,12270
1766633913.755101,51625.000,6319,2,PG,1,100,12271
1766633913.795098,51665.000,6319,2,PG,1,100,12275
1766633913.835094,51705.000,6336,3,PG,1,100,12296
1766633913.875091,51745.000,6336,3,PG,1,100,12310
1766633913.915088,51785.000,6336,3,PG,1,100,12325
1766633913.955085,51825.000,6355,2,PG,1,100,12345
1766633913.995081,51865.000,6355,2,PG,1,100,12360
1766633914.035078,51905.000,6371,3,PG,1,100,12376
1766633914.075075,51945.000,6371,3,PG,1,100,12385
1766633914.115072,51985.000,6371,3,PG,1,100,12411
1766633914.161568,52031.500,6387,2,PG,1,100,12421
1766633914.208064,52078.000,6387,2,PG,1,100,12427
1766633914.248061,52118.000,6403,3,PG,1,100,12448
1766633914.288058,52158.000,6403,3,PG,1,100,12480
1766633914.328055,52198.000,6403,3,PG,1,100,12486
1766633914.368051,52238.000,6420,2,PG,1,100,12507
1766633914.408048,52278.000,6420,2,PG,1,100,12515
1766633914.448045,52318.000,6436,3,PG,1,100,12531
1766633914.488042,52358.000,6436,3,PG,1,100,12529
1766633914.528038,52398.000,6436,3,PG,1,100,12564
1766633914.568035,52438.000,6452,2,PG,1,100,12575
1766633914.608032,52478.000,6452,2,PG,1,100,12583
1766633914.648029,52518.000,6468,3,PG,1,100,12601
1766633914.688025,52558.000,6468,3,PG,1,100,12592
1766633914.728022,52598.000,6468,3,PG,1,100,12604
1766633914.768019,52638.000,6485,2,PG,1,100,12624
1766633914.808016,52678.000,6485,2,PG,1,100,12629
1766633914.848012,52718.000,6502,3,PG,1,100,12626
1766633914.888009,52758.000,6502,3,PG,1,100,12622
1766633914.928006,52798.000,6502,3,PG,1,100,12643
1766633914.968003,52838.000,6517,2,PG,1,100,12634
1766633915.008000,52878.000,6517,2,PG,1,100,12651
1766633915.047996,52918.000,6533,3,PG,1,100,12653
1766633915.087993,52958.000,6533,3,PG,1,100,12669
1766633915.127990,52998.000,6533,3,PG,1,100,12691
1766633915.167987,53038.000,6551,3,PG,1,100,12707
1766633915.207983,53078.000,6551,3,PG,1,100,12712
1766633915.247980,53118.000,6551,3,PG,1,100,12717
1766633915.287977,53158.000,6567,2,PG,1,100,12716
1766633915.327974,53198.000,6567,2,PG,1,100,12740
1766633915.367970,53238.000,6583,3,PG,1,100,12750
1766633915.407967,53278.000,6583,3,PG,1,100,12740
1766633915.447964,53318.000,6583,3,PG,1,100,12765
1766633915.487961,53358.000,6599,2,PG,1,100,12772
1766633915.527957,53398.000,6599,2,PG,1,100,12773
1766633915.567954,53438.000,6616,3,PG,1,100,12779
1766633915.607951,53478.000,6616,3,PG,1,100,12794
1766633915.647948,53518.000,6616,3,PG,1,100,12799
1766633915.687945,53558.000,6632,2,PG,1,100,12821
1766633915.727941,53598.000,6632,2,PG,1,100,12821
1766633915.767938,53638.000,6649,3,PG,1,100,12823
1766633915.807935,53678.000,6649,3,PG,1,100,12824
1766633915.847932,53718.000,6649,3,PG,1,100,12818
1766633915.887928,53758.000,6664,2,PG,1,100,12839
1766633915.927925,53798.000,6664,2,PG,1,100,12862
1766633915.967922,53838.000,6681,3,PG,1,100,12887
1766633916.007919,53878.000,6681,3,PG,1,100,12903
1766633916.047915,53918.000,6681,3,PG,1,100,12918
1766633916.087912,53958.000,6697,2,PG,1,100,12916
1766633916.127909,53998.000,6697,2,PG,1,100,12888
1766633916.167906,54038.000,6715,3,PG,1,100,12854
1766633916.207902,54078.000,6715,3,PG,1,100,12840
1766633916.247899,54118.000,6715,3,PG,1,100,12854
1766633916.287896,54158.000,6729,2,PG,1,100,12867
1766633916.327893,54198.000,6729,2,PG,1,100,12881
1766633916.367890,54238.000,6748,3,PG,1,100,12919
1766633916.407886,54278.000,6748,3,PG,1,100,12931
1766633916.447883,54318.000,6748,3,PG,1,100,12937
1766633916.487880,54358.000,6765,3,PG,1,100,12945
1766633916.527877,54398.000,6765,3,PG,1,100,12951
1766633916.567873,54438.000,6765,3,PG,1,100,12937
1766633916.607870,54478.000,6782,2,PG,1,100,12917
1766633916.647867,54518.000,6782,2,PG,1,100,12921
1766633916.687864,54558.000,6796,3,PG,1,100,12942
1766633916.727860,54598.000,6796,3,PG,1,100,12949
1766633916.767857,54638.000,6796,3,PG,1,100,12963
1766633916.807854,54678.000,6820,2,PG,1,100,12986
1766633916.847851,54718.000,6820,2,PG,1,100,13000
1766633916.887848,54758.000,6837,3,PG,1,100,12991
1766633916.927844,54798.000,6837,3,PG,1,100,12992
1766633916.967841,54838.000,6837,3,PG,1,100,12979
1766633917.007838,54878.000,6856,3,PG,1,100,12992
1766633917.047835,54918.000,6856,3,PG,1,100,13000
1766633917.087831,54958.000,6856,3,PG,1,100,13009
1766633917.127828,54998.000,6872,2,PG,1,100,13032
1766633917.167825,55038.000,6872,2,PG,1,100,13030
1766633917.207822,55078.000,6888,3,PG,1,100,13025
1766633917.247818,55118.000,6888,3,PG,1,100,13040
1766633917.287815,55158.000,6888,3,PG,1,100,13059
1766633917.327812,55198.000,6904,2,PG,1,100,13054
1766633917.367809,55238.000,6904,2,PG,1,100,13074
1766633917.407805,55278.000,6921,3,PG,1,100,13092
1766633917.447802,55318.000,6921,3,PG,1,100,13106
1766633917.487799,55358.000,6921,3,PG,1,100,13128
1766633917.527796,55398.000,6938,2,PG,1,100,13153
1766633917.567793,55438.000,6938,2,PG,1,100,13173
1766633917.607789,55478.000,6953,3,PG,1,100,13162
1766633917.647786,55518.000,6953,3,PG,1,100,13185
1766633917.687783,55558.000,6953,3,PG,1,100,13193
1766633917.727780,55598.000,6969,2,PG,1,100,13199
1766633917.767776,55638.000,6969,2,PG,1,100,13205
1766633917.807773,55678.000,6987,3,PG,1,100,13229
1766633917.847770,55718.000,6987,3,PG,1,100,13231
1766633917.887767,55758.000,6987,3,PG,1,100,13258
1766633917.927763,55798.000,7003,2,PG,1,100,13251
1766633917.967760,55838.000,7003,2,PG,1,100,13270
1766633918.007757,55878.000,7018,3,PG,1,100,13291
1766633918.047754,55918.000,7018,3,PG,1,100,13306
1766633918.087750,55958.000,7018,3,PG,1,100,13310
1766633918.127747,55998.000,7034,2,PG,1,100,13300
1766633918.167744,56038.000,7034,2,PG,1,100,13323
1766633918.207741,56078.000,7052,3,PG,1,100,13324
1766633918.247738,56118.000,7052,3,PG,1,100,13322
1766633918.287734,56158.000,7052,3,PG,1,100,13336
1766633918.327731,56198.000,7068,3,PG,1,100,13354
1766633918.367728,56238.000,7068,3,PG,1,100,13367
1766633918.407725,56278.000,7068,3,PG,1,100,13380
1766633918.447721,56318.000,7083,2,PG,1,100,13399
1766633918.487718,56358.000,7083,2,PG,1,100,13409
1766633918.527715,56398.000,7100,3,PG,1,100,13409
1766633918.567712,56438.000,7100,3,PG,1,100,13419
1766633918.607708,56478.000,7100,3,PG,1,100,13443
1766633918.647705,56518.000,7117,2,PG,1,100,13444
1766633918.687702,56558.000,7117,2,PG,1,100,13442
1766633918.727699,56598.000,7133,3,PG,1,100,13461
1766633918.767695,56638.000,7133,3,PG,1,100,13469
1766633918.807692,56678.000,7133,3,PG,1,100,13474
1766633918.854188,56724.500,7150,2,PG,1,100,13485
1766633918.900685,56771.000,7150,2,PG,1,100,13496
1766633918.940681,56811.000,7167,2,PG,1,100,13500
1766633918.980678,56851.000,7167,2,PG,1,100,13497
1766633919.020675,56891.000,7184,3,PG,1,100,13518
1766633919.060672,56931.000,7184,3,PG,1,100,13520
1766633919.100669,56971.000,7184,3,PG,1,100,13526
1766633919.140665,57011.000,7201,3,PG,1,100,13521
1766633919.180662,57051.000,7201,3,PG,1,100,13522
1766633919.220659,57091.000,7201,3,PG,1,100,13530
1766633919.260656,57131.000,7218,2,PG,1,100,13543
1766633919.300653,57171.000,7218,2,PG,1,100,13542
1766633919.340649,57211.000,7232,3,PG,1,100,13544
1766633919.380646,57251.000,7232,3,PG,1,100,13557
1766633919.420643,57291.000,7232,3,PG,1,100,13567
1766633919.460639,57331.000,7249,2,PG,1,100,13565
1766633919.500636,57371.000,7249,2,PG,1,100,13574
1766633919.540633,57411.000,7266,3,PG,1,100,13593
1766633919.580630,57451.000,7266,3,PG,1,100,13623
1766633919.620626,57491.000,7266,3,PG,1,100,13628
1766633919.660623,57531.000,7283,2,PG,1,100,13643
1766633919.700620,57571.000,7283,2,PG,1,100,13644
1766633919.740617,57611.000,7297,3,PG,1,100,13637
1766633919.780614,57651.000,7297,3,PG,1,100,13651
1766633919.820610,57691.000,7297,3,PG,1,100,13657
1766633919.860607,57731.000,7315,2,PG,1,100,13662
1766633919.900604,57771.000,7315,2,PG,1,100,13660
1766633919.940601,57811.000,7331,3,PG,1,100,13672
1766633919.980597,57851.000,7331,3,PG,1,100,13684
1766633920.020594,57891.000,7331,3,PG,1,100,13681
1766633920.060591,57931.000,7348,2,PG,1,100,13688
1766633920.100588,57971.000,7348,2,PG,1,100,13686
1766633920.140584,58011.000,7363,3,PG,1,100,13711
1766633920.180581,58051.000,7363,3,PG,1,100,13711
1766633920.220578,58091.000,7363,3,PG,1,100,13718
1766633920.260575,58131.000,7380,3,PG,1,100,13720
1766633920.300572,58171.000,7380,3,PG,1,100,13743
1766633920.340568,58211.000,7380,3,PG,1,100,13743
1766633920.380565,58251.000,7396,2,PG,1,100,13737
1766633920.420562,58291.000,7396,2,PG,1,100,13746
1766633920.460559,58331.000,7413,3,PG,1,100,13750
1766633920.500556,58371.000,7413,3,PG,1,100,13746
1766633920.540552,58411.000,7413,3,PG,1,100,13748
1766633920.580549,58451.000,7429,2,PG,1,100,13778
1766633920.620546,58491.000,7429,2,PG,1,100,13785
1766633920.660542,58531.000,7445,3,PG,1,100,13774
1766633920.700539,58571.000,7445,3,PG,1,100,13785
1766633920.740536,58611.000,7445,3,PG,1,100,13794
1766633920.780533,58651.000,7461,2,PG,1,100,13785
1766633920.820529,58691.000,7461,2,PG,1,100,13798
1766633920.860526,58731.000,7479,3,PG,1,100,13803
1766633920.900523,58771.000,7479,3,PG,1,100,13803
1766633920.940520,58811.000,7479,3,PG,1,100,13810
1766633920.980517,58851.000,7494,2,PG,1,100,13808
1766633921.020513,58891.000,7494,2,PG,1,100,13806
1766633921.060510,58931.000,7510,3,PG,1,100,13824
1766633921.100507,58971.000,7510,3,PG,1,100,13826
1766633921.140504,59011.000,7510,3,PG,1,100,13825
1766633921.180501,59051.000,7527,2,PG,1,100,13824
1766633921.220497,59091.000,7527,2,PG,1,100,13840
1766633921.260494,59131.000,7544,3,PG,1,100,13837
1766633921.300491,59171.000,7544,3,PG,1,100,13843
1766633921.340487,59211.000,7544,3,PG,1,100,13847
1766633921.380484,59251.000,7560,3,PG,1,100,13842
1766633921.420481,59291.000,7560,3,PG,1,100,13852
1766633921.460478,59331.000,7560,3,PG,1,100,13840
1766633921.500474,59371.000,7576,2,PG,1,100,13864
1766633921.540471,59411.000,7576,2,PG,1,100,13866
1766633921.580468,59451.000,7592,3,PG,1,100,13862
1766633921.620465,59491.000,7592,3,PG,1,100,13864
1766633921.660462,59531.000,7592,3,PG,1,100,13869
1766633921.700458,59571.000,7609,2,PG,1,100,13871
1766633921.740455,59611.000,7609,2,PG,1,100,13892
1766633921.780452,59651.000,7625,3,PG,1,100,13893
1766633921.820449,59691.000,7625,3,PG,1,100,13895
1766633921.860445,59731.000,7625,3,PG,1,100,13901
1766633921.900442,59771.000,7646,2,PG,1,100,13898
1766633921.940439,59811.000,7646,2,PG,1,100,13902
1766633921.980436,59851.000,7662,3,PG,1,100,13919
1766633922.020432,59891.000,7662,3,PG,1,100,13907
1766633922.060429,59931.000,7662,3,PG,1,100,13906
1766633922.100426,59971.000,7679,2,PG,1,100,13911
1766633922.140423,60011.000,7679,2,PG,1,100,13921
1766633922.180419,60051.000,7696,3,PG,1,100,13932
1766633922.220416,60091.000,7696,3,PG,1,100,13920
1766633922.260413,60131.000,7696,3,PG,1,100,13932
1766633922.300410,60171.000,7711,2,PG,1,100,13929
1766633922.340407,60211.000,7711,2,PG,1,100,13943
1766633922.380403,60251.000,7727,3,PG,1,100,13947
1766633922.420400,60291.000,7727,3,PG,1,100,13961
1766633922.460397,60331.000,7727,3,PG,1,100,13953
1766633922.500394,60371.000,7745,3,PG,1,100,13950
1766633922.540390,60411.000,7745,3,PG,1,100,13945
1766633922.580387,60451.000,7745,3,PG,1,100,13961
1766633922.620384,60491.000,7761,2,PG,1,100,13989
1766633922.660381,60531.000,7761,2,PG,1,100,13981
1766633922.700377,60571.000,7779,3,PG,1,100,14017
1766633922.740374,60611.000,7779,3,PG,1,100,14062
1766633922.780371,60651.000,7779,3,PG,1,100,14031
1766633922.820368,60691.000,7795,2,PG,1,100,14050
1766633922.860365,60731.000,7795,2,PG,1,100,14045
1766633922.900361,60771.000,7812,3,PG,1,100,14003
1766633922.940358,60811.000,7812,3,PG,1,100,13978
1766633922.980355,60851.000,7812,3,PG,1,100,13953
1766633923.020352,60891.000,7828,2,PG,1,100,13972
1766633923.060349,60931.000,7828,2,PG,1,100,14001
1766633923.100345,60971.000,7845,3,PG,1,100,14002
1766633923.140342,61011.000,7845,3,PG,1,100,14032
1766633923.180339,61051.000,7845,3,PG,1,100,14067
1766633923.220335,61091.000,7860,2,PG,1,100,14119
1766633923.260332,61131.000,7860,2,PG,1,100,14183
1766633923.300329,61171.000,7877,3,PG,1,100,14197
1766633923.340326,61211.000,7877,3,PG,1,100,14184
1766633923.380322,61251.000,7877,3,PG,1,100,14133
1766633923.420319,61291.000,7893,2,PG,1,100,14060
1766633923.460316,61331.000,7893,2,PG,1,100,14055
1766633923.500313,61371.000,7911,3,PG,1,100,14112
1766633923.540310,61411.000,7911,3,PG,1,100,14166
1766633923.580306,61451.000,7911,3,PG,1,100,14184
1766633923.620303,61491.000,7927,2,PG,1,100,14157
1766633923.660300,61531.000,7927,2,PG,1,100,14164
1766633923.700297,61571.000,7944,3,PG,1,100,14146
1766633923.740294,61611.000,7944,3,PG,1,100,14134
1766633923.780290,61651.000,7944,3,PG,1,100,14169
1766633923.826787,61697.500,7961,2,PG,1,100,14240
1766633923.873283,61744.000,7961,2,PG,1,100,14333
1766633923.913280,61784.000,7980,3,PG,1,100,14405
1766633923.953276,61824.000,7980,3,PG,1,100,14444
1766633923.993273,61864.000,7980,3,PG,1,100,14381
1766633924.033270,61904.000,7994,2,PG,1,100,14330
1766633924.073267,61944.000,7994,2,PG,1,100,14357
1766633924.113263,61984.000,8011,3,PG,1,100,14411
1766633924.153260,62024.000,8011,3,PG,1,100,14425
1766633924.193257,62064.000,8011,3,PG,1,100,14393
1766633924.233253,62104.000,8028,2,PG,1,100,14383
1766633924.273250,62144.000,8028,2,PG,1,100,14409
1766633924.313247,62184.000,8045,3,PG,1,100,14420
1766633924.353244,62224.000,8045,3,PG,1,100,14345
1766633924.393241,62264.000,8045,3,PG,1,100,14225
1766633924.433237,62304.000,8059,2,PG,1,100,14267
1766633924.473234,62344.000,8059,2,PG,1,100,14365
1766633924.513231,62384.000,8079,3,PG,1,100,14441
1766633924.553228,62424.000,8079,3,PG,1,100,14479
1766633924.593225,62464.000,8079,3,PG,1,100,14539
1766633924.633221,62504.000,8096,2,PG,1,100,14621
1766633924.673218,62544.000,8096,2,PG,1,100,14557
1766633924.713215,62584.000,8113,3,PG,1,100,14257
1766633924.753211,62624.000,8113,3,PG,1,100,14118
1766633924.793208,62664.000,8113,3,PG,1,100,14132
1766633924.833205,62704.000,8131,3,PG,1,100,14238
1766633924.873202,62744.000,8131,3,PG,1,100,14345
1766633924.913198,62784.000,8131,3,PG,1,100,14445
1766633924.953195,62824.000,8147,2,PG,1,100,14561
1766633924.993192,62864.000,8147,2,PG,1,100,14394
1766633925.033189,62904.000,8163,3,PG,1,100,14148
1766633925.073186,62944.000,8163,3,PG,1,100,14243
1766633925.113182,62984.000,8163,3,PG,1,100,14354
1766633925.153179,63024.000,8183,2,PG,1,100,14443
1766633925.193176,63064.000,8183,2,PG,1,100,14493
1766633925.233173,63104.000,8199,3,PG,1,100,14552
1766633925.273170,63144.000,8199,3,PG,1,100,14634
1766633925.313166,63184.000,8199,3,PG,1,100,14569
1766633925.353163,63224.000,8214,2,PG,1,100,14372
1766633925.393160,63264.000,8214,2,PG,1,100,14326
1766633925.433156,63304.000,8232,3,PG,1,100,14463
1766633925.473153,63344.000,8232,3,PG,1,100,14538
1766633925.513150,63384.000,8232,3,PG,1,100,14558
1766633925.553147,63424.000,8250,2,PG,1,100,14568
1766633925.593143,63464.000,8250,2,PG,1,100,14388
1766633925.633140,63504.000,8266,3,PG,1,100,14150
1766633925.673137,63544.000,8266,3,PG,1,100,14088
1766633925.713134,63584.000,8266,3,PG,1,100,14235
1766633925.753131,63624.000,8283,3,PG,1,100,14385
1766633925.793127,63664.000,8283,3,PG,1,100,14398
1766633925.833124,63704.000,8283,3,PG,1,100,14462
1766633925.873121,63744.000,8300,2,PG,1,100,14375
1766633925.913118,63784.000,8300,2,PG,1,100,14163
1766633925.953115,63824.000,8317,3,PG,1,100,14098
1766633925.993111,63864.000,8317,3,PG,1,100,14130
1766633926.033108,63904.000,8317,3,PG,1,100,14260
1766633926.073105,63944.000,8335,2,PG,1,100,14365
1766633926.113101,63984.000,8335,2,PG,1,100,14356
1766633926.153098,64024.000,8353,3,PG,1,100,14391
1766633926.193095,64064.000,8353,3,PG,1,100,14231
1766633926.233092,64104.000,8353,3,PG,1,100,13883
1766633926.273089,64144.000,8369,2,PG,1,100,13785
1766633926.313085,64184.000,8369,2,PG,1,100,13984
1766633926.353082,64224.000,8386,3,PG,1,100,14087
1766633926.393079,64264.000,8386,3,PG,1,100,14129
1766633926.433076,64304.000,8386,3,PG,1,100,14127
1766633926.473073,64344.000,8404,2,PG,1,100,14106
1766633926.513069,64384.000,8404,2,PG,1,100,14117
1766633926.553066,64424.000,8422,3,PG,1,100,14150
1766633926.593063,64464.000,8422,3,PG,1,100,14200
1766633926.633060,64504.000,8422,3,PG,1,100,14263
1766633926.673056,64544.000,8438,2,PG,1,100,14346
1766633926.713053,64584.000,8438,2,PG,1,100,14376
1766633926.753050,64624.000,8455,3,PG,1,100,14415
1766633926.793046,64664.000,8455,3,PG,1,100,14427
1766633926.833043,64704.000,8455,3,PG,1,100,14450
1766633926.873040,64744.000,8472,2,PG,1,100,14479
1766633926.913037,64784.000,8472,2,PG,1,100,14472
1766633926.953034,64824.000,8488,3,PG,1,100,14481
1766633926.993030,64864.000,8488,3,PG,1,100,14505
1766633927.033027,64904.000,8488,3,PG,1,100,14491
1766633927.073024,64944.000,8508,3,PG,1,100,14485
1766633927.113021,64984.000,8508,3,PG,1,100,14486
1766633927.153018,65024.000,8508,3,PG,1,100,14500
1766633927.193014,65064.000,8526,2,PG,1,100,14493
1766633927.233011,65104.000,8526,2,PG,1,100,14504
1766633927.273008,65144.000,8542,3,PG,1,100,14518
1766633927.313004,65184.000,8542,3,PG,1,100,14510
1766633927.353001,65224.000,8542,3,PG,1,100,14512
1766633927.392998,65264.000,8559,2,PG,1,100,14515
1766633927.432995,65304.000,8559,2,PG,1,100,14537
1766633927.472991,65344.000,8574,3,PG,1,100,14547
1766633927.512988,65384.000,8574,3,PG,1,100,14551
1766633927.552985,65424.000,8574,3,PG,1,100,14560
1766633927.592982,65464.000,8591,2,PG,1,100,14563
1766633927.632979,65504.000,8591,2,PG,1,100,14567
1766633927.672975,65544.000,8607,3,PG,1,100,14569
1766633927.712972,65584.000,8607,3,PG,1,100,14580
1766633927.752969,65624.000,8607,3,PG,1,100,14598
1766633927.792966,65664.000,8624,2,PG,1,100,14575
1766633927.832963,65704.000,8624,2,PG,1,100,14599
1766633927.872959,65744.000,8639,3,PG,1,100,14614
1766633927.912956,65784.000,8639,3,PG,1,100,14633
1766633927.952953,65824.000,8639,3,PG,1,100,14664
1766633927.992450,65863.500,8656,2,PG,1,100,14661
1766633928.031946,65903.000,8656,2,PG,1,100,14667
1766633928.071943,65943.000,8672,3,PG,1,100,14652
1766633928.111940,65983.000,8672,3,PG,1,100,14668
1766633928.151937,66023.000,8672,3,PG,1,100,14701
1766633928.191933,66063.000,8690,2,PG,1,100,14673
1766633928.231930,66103.000,8690,2,PG,1,100,14661
1766633928.272260,66143.333,8704,3,PG,1,100,14664
1766633928.312590,66183.667,8704,3,PG,1,100,14642
1766633928.352920,66224.000,8704,3,PG,1,100,14679
1766633928.392917,66264.000,8721,3,PG,1,100,14697
1766633928.432914,66304.000,8721,3,PG,1,100,14681
1766633928.472911,66344.000,8721,3,PG,1,100,14673
1766633928.512908,66384.000,8738,2,PG,1,100,14665
1766633928.552904,66424.000,8738,2,PG,1,100,14639
1766633928.599401,66470.500,8755,2,PG,1,100,14627
1766633928.645897,66517.000,8755,2,PG,1,100,14646
1766633928.685894,66557.000,8769,3,PG,1,100,14650
1766633928.725890,66597.000,8769,3,PG,1,100,14670
1766633928.765887,66637.000,8769,3,PG,1,100,14669
1766633928.805884,66677.000,8788,2,PG,1,100,14685
1766633928.845881,66717.000,8788,2,PG,1,100,14681
1766633928.885877,66757.000,8807,3,PG,1,100,14688
1766633928.925874,66797.000,8807,3,PG,1,100,14713
1766633928.965871,66837.000,8807,3,PG,1,100,14720
1766633929.005868,66877.000,8824,2,PG,1,100,14733
1766633929.045864,66917.000,8824,2,PG,1,100,14752
1766633929.085861,66957.000,8839,3,PG,1,100,14772
1766633929.125858,66997.000,8839,3,PG,1,100,14759
1766633929.165855,67037.000,8839,3,PG,1,100,14754
1766633929.205851,67077.000,8856,3,PG,1,100,14738
1766633929.245848,67117.000,8856,3,PG,1,100,14685
1766633929.285845,67157.000,8856,3,PG,1,100,14668
1766633929.325842,67197.000,8872,2,PG,1,100,14643
1766633929.365839,67237.000,8872,2,PG,1,100,14620
1766633929.405835,67277.000,8889,3,PG,1,100,14612
1766633929.445832,67317.000,8889,3,PG,1,100,14585
1766633929.485829,67357.000,8889,3,PG,1,100,14579
1766633929.525826,67397.000,8906,2,PG,1,100,14598
1766633929.565822,67437.000,8906,2,PG,1,100,14622
1766633929.605819,67477.000,8921,3,PG,1,100,14636
1766633929.645816,67517.000,8921,3,PG,1,100,14653
1766633929.685813,67557.000,8921,3,PG,1,100,14656
1766633929.725809,67597.000,8939,2,PG,1,100,14665
1766633929.765806,67637.000,8939,2,PG,1,100,14677
1766633929.805803,67677.000,8957,3,PG,1,100,14675
1766633929.845800,67717.000,8957,3,PG,1,100,14696
1766633929.885797,67757.000,8957,3,PG,1,100,14722
1766633929.925793,67797.000,8973,2,PG,1,100,14718
1766633929.965790,67837.000,8973,2,PG,1,100,14666
1766633930.005787,67877.000,8988,3,PG,1,100,14657
1766633930.045784,67917.000,8988,3,PG,1,100,14667
1766633930.085780,67957.000,8988,3,PG,1,100,14661
1766633930.125777,67997.000,9004,2,PG,1,100,14681
1766633930.165774,68037.000,9004,2,PG,1,100,14700
1766633930.205770,68077.000,9024,3,PG,1,100,14711
1766633930.245767,68117.000,9024,3,PG,1,100,14717
1766633930.285764,68157.000,9024,3,PG,1,100,14737
1766633930.325761,68197.000,9040,2,PG,1,100,14764
1766633930.365758,68237.000,9040,2,PG,1,100,14755
1766633930.405754,68277.000,9055,3,PG,1,100,14763
1766633930.445751,68317.000,9055,3,PG,1,100,14778
1766633930.485748,68357.000,9055,3,PG,1,100,14783
1766633930.525745,68397.000,9072,3,PG,1,100,14786
1766633930.565742,68437.000,9072,3,PG,1,100,14810
1766633930.605738,68477.000,9072,3,PG,1,100,14836
1766633930.645735,68517.000,9089,2,PG,1,100,14849
1766633930.685732,68557.000,9089,2,PG,1,100,14852
1766633930.725729,68597.000,9105,3,PG,1,100,14866
1766633930.765725,68637.000,9105,3,PG,1,100,14862
1766633930.805722,68677.000,9105,3,PG,1,100,14829
1766633930.845719,68717.000,9121,2,PG,1,100,14825
1766633930.885715,68757.000,9121,2,PG,1,100,14832
1766633930.925712,68797.000,9137,3,PG,1,100,14830
1766633930.965709,68837.000,9137,3,PG,1,100,14834
1766633931.005706,68877.000,9137,3,PG,1,100,14841
1766633931.045703,68917.000,9156,2,PG,1,100,14848
1766633931.085699,68957.000,9156,2,PG,1,100,14839
1766633931.125696,68997.000,9172,3,PG,1,100,14800
1766633931.165693,69037.000,9172,3,PG,1,100,14806
1766633931.205690,69077.000,9172,3,PG,1,100,14828
1766633931.245687,69117.000,9189,2,PG,1,100,14834
1766633931.285683,69157.000,9189,2,PG,1,100,14846
1766633931.325347,69196.667,9204,3,PG,1,100,14861
1766633931.365010,69236.333,9204,3,PG,1,100,14850
1766633931.404674,69276.000,9204,3,PG,1,100,14855
1766633931.444670,69316.000,9223,2,PG,1,100,14871
1766633931.484667,69356.000,9223,2,PG,1,100,14859
1766633931.524997,69396.333,9240,3,PG,1,100,14872
1766633931.565327,69436.667,9240,3,PG,1,100,14864
1766633931.605657,69477.000,9240,3,PG,1,100,14885
1766633931.645654,69517.000,9257,2,PG,1,100,14906
1766633931.685651,69557.000,9257,2,PG,1,100,14901
1766633931.725648,69597.000,9271,3,PG,1,100,14889
1766633931.765644,69637.000,9271,3,PG,1,100,14895
1766633931.805641,69677.000,9271,3,PG,1,100,14897
1766633931.845638,69717.000,9289,2,PG,1,100,14901
1766633931.885635,69757.000,9289,2,PG,1,100,14899
1766633931.925298,69796.667,9305,3,PG,1,100,14898
1766633931.964962,69836.333,9305,3,PG,1,100,14897
1766633932.004625,69876.000,9305,3,PG,1,100,14910
1766633932.044622,69916.000,9324,3,PG,1,100,14912
1766633932.084619,69956.000,9324,3,PG,1,100,14918
1766633932.124615,69996.000,9324,3,PG,1,100,14932
1766633932.164612,70036.000,9343,4,PG,1,100,14917
1766633932.204609,70076.000,9343,4,PG,1,100,14906
1766633932.244606,70116.000,9343,4,PG,1,100,14923
1766633932.284602,70156.000,9343,4,PG,1,100,14913
1766633932.324599,70196.000,9359,3,PG,1,100,14906
1766633932.364596,70236.000,9359,3,PG,1,100,14917
1766633932.404593,70276.000,9359,3,PG,1,100,14915
1766633932.444590,70316.000,9374,2,PG,1,100,14915
1766633932.484586,70356.000,9374,2,PG,1,100,14911
1766633932.524583,70396.000,9391,3,PG,1,100,14916
1766633932.564580,70436.000,9391,3,PG,1,100,14924
1766633932.604577,70476.000,9391,3,PG,1,100,14917
1766633932.644573,70516.000,9410,2,PG,1,100,14918
1766633932.684570,70556.000,9410,2,PG,1,100,14928
1766633932.724567,70596.000,9426,3,PG,1,100,14931
1766633932.764564,70636.000,9426,3,PG,1,100,14920
1766633932.804560,70676.000,9426,3,PG,1,100,14913
1766633932.844557,70716.000,9444,2,PG,1,100,14922
1766633932.884554,70756.000,9444,2,PG,1,100,14951
1766633932.924551,70796.000,9460,3,PG,1,100,14921
1766633932.964547,70836.000,9460,3,PG,1,100,14944
1766633933.004544,70876.000,9460,3,PG,1,100,14956
1766633933.044541,70916.000,9477,2,PG,1,100,14947
1766633933.084538,70956.000,9477,2,PG,1,100,14935
1766633933.124535,70996.000,9494,3,PG,1,100,14930
1766633933.164531,71036.000,9494,3,PG,1,100,14945
1766633933.204528,71076.000,9494,3,PG,1,100,14935
1766633933.244525,71116.000,9511,3,PG,1,100,14920
1766633933.284522,71156.000,9511,3,PG,1,100,14933
1766633933.324518,71196.000,9511,3,PG,1,100,14935
1766633933.364515,71236.000,9525,2,PG,1,100,14926
1766633933.404512,71276.000,9525,2,PG,1,100,14934
1766633933.451508,71323.000,9542,2,PG,1,100,14941
1766633933.498504,71370.000,9542,2,PG,1,100,14938
1766633933.538501,71410.000,9559,3,PG,1,100,14912
1766633933.578498,71450.000,9559,3,PG,1,100,14924
1766633933.618495,71490.000,9559,3,PG,1,100,14948
1766633933.658491,71530.000,9576,2,PG,1,100,14948
1766633933.698488,71570.000,9576,2,PG,1,100,14952
1766633933.738485,71610.000,9592,3,PG,1,100,14946
1766633933.778482,71650.000,9592,3,PG,1,100,14961
1766633933.818478,71690.000,9592,3,PG,1,100,14959
1766633933.858475,71730.000,9610,2,PG,1,100,14951
1766633933.898472,71770.000,9610,2,PG,1,100,14944
1766633933.938469,71810.000,9628,3,PG,1,100,14938
1766633933.978466,71850.000,9628,3,PG,1,100,14919
1766633934.018462,71890.000,9628,3,PG,1,100,14907
1766633934.058459,71930.000,9645,2,PG,1,100,14905
1766633934.098456,71970.000,9645,2,PG,1,100,14925
1766633934.138453,72010.000,9660,3,PG,1,100,14900
1766633934.178449,72050.000,9660,3,PG,1,100,14905
1766633934.218446,72090.000,9660,3,PG,1,100,14946
1766633934.258443,72130.000,9679,3,PG,1,100,14940
1766633934.298440,72170.000,9679,3,PG,1,100,14855
1766633934.338436,72210.000,9679,3,PG,1,100,14803
1766633934.377933,72249.500,9695,2,PG,1,100,14770
1766633934.417430,72289.000,9695,2,PG,1,100,14778
1766633934.457427,72329.000,9713,3,PG,1,100,14771
1766633934.497423,72369.000,9713,3,PG,1,100,14695
1766633934.537420,72409.000,9713,3,PG,1,100,14594
1766633934.577917,72449.500,9730,2,PG,1,100,14370
1766633934.618414,72490.000,9730,2,PG,1,100,14302
1766633934.658077,72529.667,9747,3,PG,1,100,14358
1766633934.697741,72569.333,9747,3,PG,1,100,14452
1766633934.737404,72609.000,9747,3,PG,1,100,14489
1766633934.777401,72649.000,9764,2,PG,1,100,14503
1766633934.817398,72689.000,9764,2,PG,1,100,14484
1766633934.857728,72729.333,9784,3,PG,1,100,14475
1766633934.898058,72769.667,9784,3,PG,1,100,14535
1766633934.938388,72810.000,9784,3,PG,1,100,14603
1766633934.978385,72850.000,9799,2,PG,1,100,14624
1766633935.018381,72890.000,9799,2,PG,1,100,14581
1766633935.058378,72930.000,9816,3,PG,1,100,14632
1766633935.098375,72970.000,9816,3,PG,1,100,14620
1766633935.138372,73010.000,9816,3,PG,1,100,14553
1766633935.178369,73050.000,9833,2,PG,1,100,14566
1766633935.218365,73090.000,9833,2,PG,1,100,14614
1766633935.258029,73129.667,9854,3,PG,1,100,14671
1766633935.297692,73169.333,9854,3,PG,1,100,14667
1766633935.337356,73209.000,9854,3,PG,1,100,14678
1766633935.377352,73249.000,9870,3,PG,1,100,14619
1766633935.417349,73289.000,9870,3,PG,1,100,14565
1766633935.457346,73329.000,9870,3,PG,1,100,14551
1766633935.497343,73369.000,9888,2,PG,1,100,14589
1766633935.537339,73409.000,9888,2,PG,1,100,14600
1766633935.577336,73449.000,9907,3,PG,1,100,14606
1766633935.617333,73489.000,9907,3,PG,1,100,14644
1766633935.657330,73529.000,9907,3,PG,1,100,14560
1766633935.697326,73569.000,9926,2,PG,1,100,14502
1766633935.737323,73609.000,9926,2,PG,1,100,14526
1766633935.777320,73649.000,9942,3,PG,1,100,14574
1766633935.817317,73689.000,9942,3,PG,1,100,14586
1766633935.857314,73729.000,9942,3,PG,1,100,14542
1766633935.897310,73769.000,9960,2,PG,1,100,14586
1766633935.937307,73809.000,9960,2,PG,1,100,14556
1766633935.977304,73849.000,9976,3,PG,1,100,14472
1766633936.017301,73889.000,9976,3,PG,1,100,14504
1766633936.057297,73929.000,9976,3,PG,1,100,14554
1766633936.097294,73969.000,9995,2,PG,1,100,14605
1766633936.137291,74009.000,9995,2,PG,1,100,14578
1766633936.177288,74049.000,10013,3,PG,1,100,14602
1766633936.217284,74089.000,10013,3,PG,1,100,14593
1766633936.257281,74129.000,10013,3,PG,1,100,14482
1766633936.297278,74169.000,10028,2,PG,1,100,14406
1766633936.337275,74209.000,10028,2,PG,1,100,14461
1766633936.377271,74249.000,10046,3,PG,1,100,14553
1766633936.417268,74289.000,10046,3,PG,1,100,14564
1766633936.457265,74329.000,10046,3,PG,1,100,14597
1766633936.497262,74369.000,10064,2,PG,1,100,14623
1766633936.537259,74409.000,10064,2,PG,1,100,14587
1766633936.577255,74449.000,10082,3,PG,1,100,14566
1766633936.617252,74489.000,10082,3,PG,1,100,14555
1766633936.657249,74529.000,10082,3,PG,1,100,14578
1766633936.697579,74569.333,10098,3,PG,1,100,14577
1766633936.737909,74609.667,10098,3,PG,1,100,14564
1766633936.778239,74650.000,10098,3,PG,1,100,14567
1766633936.818236,74690.000,10113,2,PG,1,100,14466
1766633936.858232,74730.000,10113,2,PG,1,100,14409
1766633936.897896,74769.667,10131,3,PG,1,100,14428
1766633936.937560,74809.333,10131,3,PG,1,100,14489
1766633936.977223,74849.000,10131,3,PG,1,100,14515
1766633937.017220,74889.000,10148,2,PG,1,100,14492
1766633937.057216,74929.000,10148,2,PG,1,100,14439
1766633937.097213,74969.000,10164,3,PG,1,100,14329
1766633937.137210,75009.000,10164,3,PG,1,100,14303
1766633937.177207,75049.000,10164,3,PG,1,100,14365
1766633937.217204,75089.000,10182,2,PG,1,100,14421
1766633937.257200,75129.000,10182,2,PG,1,100,14422
1766633937.297197,75169.000,10208,3,PG,1,100,14417
1766633937.337194,75209.000,10208,3,PG,1,100,14367
1766633937.377191,75249.000,10208,3,PG,1,100,14296
1766633937.417187,75289.000,10224,3,PG,1,100,14331
1766633937.457184,75329.000,10224,3,PG,1,100,14393
1766633937.497181,75369.000,10224,3,PG,1,100,14463
1766633937.537178,75409.000,10244,2,PG,1,100,14428
1766633937.577174,75449.000,10244,2,PG,1,100,14390
1766633937.617171,75489.000,10258,3,PG,1,100,14323
1766633937.657168,75529.000,10258,3,PG,1,100,14307
1766633937.697165,75569.000,10258,3,PG,1,100,14318
1766633937.737162,75609.000,10275,2,PG,1,100,14342
1766633937.777158,75649.000,10275,2,PG,1,100,14351
1766633937.817155,75689.000,10294,3,PG,1,100,14360
1766633937.857152,75729.000,10294,3,PG,1,100,14399
1766633937.897149,75769.000,10294,3,PG,1,100,14360
1766633937.937145,75809.000,10311,2,PG,1,100,14294
1766633937.977142,75849.000,10311,2,PG,1,100,14302
1766633938.017139,75889.000,10330,3,PG,1,100,14370
1766633938.057136,75929.000,10330,3,PG,1,100,14373
1766633938.097132,75969.000,10330,3,PG,1,100,14356
1766633938.137129,76009.000,10346,2,PG,1,100,14281
1766633938.177126,76049.000,10346,2,PG,1,100,14242
1766633938.217123,76089.000,10363,3,PG,1,100,14247
1766633938.257119,76129.000,10363,3,PG,1,100,14258
1766633938.297116,76169.000,10363,3,PG,1,100,14243
1766633938.343612,76215.500,10380,2,PG,1,100,14136
1766633938.390109,76262.000,10380,2,PG,1,100,14018
1766633938.430105,76302.000,10395,3,PG,1,100,13881
1766633938.470102,76342.000,10395,3,PG,1,100,14017
1766633938.510099,76382.000,10395,3,PG,1,100,14036
1766633938.550596,76422.500,10414,2,PG,1,100,14008
1766633938.591093,76463.000,10414,2,PG,1,100,14001
1766633938.631089,76503.000,10430,3,PG,1,100,14033
1766633938.671086,76543.000,10430,3,PG,1,100,14027
1766633938.711083,76583.000,10430,3,PG,1,100,13953
1766633938.750580,76622.500,10447,2,PG,1,100,13933
1766633938.790076,76662.000,10447,2,PG,1,100,13951
1766633938.830406,76702.333,10466,3,PG,1,100,14006
1766633938.870737,76742.667,10466,3,PG,1,100,14011
1766633938.911067,76783.000,10466,3,PG,1,100,14000
1766633938.951063,76823.000,10483,2,PG,1,100,13952
1766633938.991060,76863.000,10483,2,PG,1,100,13940
1766633939.030724,76902.667,10502,3,PG,1,100,13932
1766633939.070387,76942.333,10502,3,PG,1,100,13914
1766633939.110050,76982.000,10502,3,PG,1,100,13878
1766633939.150047,77022.000,10520,2,PG,1,100,13872
1766633939.190044,77062.000,10520,2,PG,1,100,13816
1766633939.230041,77102.000,10536,3,PG,1,100,13823
1766633939.270038,77142.000,10536,3,PG,1,100,13859
1766633939.310034,77182.000,10536,3,PG,1,100,13910
1766633939.350031,77222.000,10555,3,PG,1,100,13870
1766633939.390028,77262.000,10555,3,PG,1,100,13873
1766633939.430025,77302.000,10555,3,PG,1,100,13848
1766633939.470021,77342.000,10571,2,PG,1,100,13794
1766633939.510018,77382.000,10571,2,PG,1,100,13822
1766633939.550015,77422.000,10591,3,PG,1,100,13888
1766633939.590012,77462.000,10591,3,PG,1,100,13942
1766633939.630008,77502.000,10591,3,PG,1,100,13933
1766633939.670005,77542.000,10608,2,PG,1,100,13950
1766633939.710002,77582.000,10608,2,PG,1,100,13842
1766633939.749999,77622.000,10623,3,PG,1,100,13770
1766633939.789995,77662.000,10623,3,PG,1,100,13724
1766633939.829992,77702.000,10623,3,PG,1,100,13696
1766633939.869989,77742.000,10640,2,PG,1,100,13633
1766633939.909986,77782.000,10640,2,PG,1,100,13524
1766633939.949983,77822.000,10657,3,PG,1,100,13532
1766633939.989979,77862.000,10657,3,PG,1,100,13450
1766633940.029976,77902.000,10657,3,PG,1,100,13330
1766633940.069973,77942.000,10673,2,PG,1,100,13360
1766633940.109970,77982.000,10673,2,PG,1,100,13379
1766633940.150300,78022.333,10689,3,PG,1,100,13348
1766633940.190630,78062.667,10689,3,PG,1,100,13303
1766633940.230960,78103.000,10689,3,PG,1,100,13255
1766633940.270457,78142.500,10707,2,PG,1,100,13160
1766633940.309953,78182.000,10707,2,PG,1,100,13110
1766633940.349950,78222.000,10724,3,PG,1,100,13073
1766633940.389947,78262.000,10724,3,PG,1,100,13038
1766633940.429944,78302.000,10724,3,PG,1,100,13057
1766633940.469940,78342.000,10742,2,PG,1,100,13043
1766633940.509937,78382.000,10742,2,PG,1,100,13031
1766633940.549934,78422.000,10759,3,PG,1,100,13018
1766633940.589931,78462.000,10759,3,PG,1,100,13028
1766633940.629928,78502.000,10759,3,PG,1,100,13004
1766633940.669924,78542.000,10774,2,PG,1,100,12981
1766633940.709921,78582.000,10774,2,PG,1,100,12953
1766633940.749918,78622.000,10791,3,PG,1,100,12942
1766633940.789915,78662.000,10791,3,PG,1,100,12955
1766633940.829911,78702.000,10791,3,PG,1,100,12957
1766633940.869908,78742.000,10808,3,PG,1,100,12940
1766633940.909905,78782.000,10808,3,PG,1,100,12923
1766633940.949902,78822.000,10808,3,PG,1,100,12923
1766633940.989898,78862.000,10825,2,PG,1,100,12914
1766633941.029895,78902.000,10825,2,PG,1,100,12902
1766633941.069892,78942.000,10839,3,PG,1,100,12879
1766633941.109889,78982.000,10839,3,PG,1,100,12863
1766633941.149886,79022.000,10839,3,PG,1,100,12875
1766633941.190382,79062.500,10857,2,PG,1,100,12864
1766633941.230879,79103.000,10857,2,PG,1,100,12854
1766633941.270542,79142.667,10873,3,PG,1,100,12839
1766633941.310206,79182.333,10873,3,PG,1,100,12827
1766633941.349869,79222.000,10873,3,PG,1,100,12797
1766633941.389866,79262.000,10890,2,PG,1,100,12781
1766633941.429863,79302.000,10890,2,PG,1,100,12781
1766633941.469860,79342.000,10905,3,PG,1,100,12763
1766633941.509856,79382.000,10905,3,PG,1,100,12735
1766633941.549853,79422.000,10905,3,PG,1,100,12741
1766633941.589850,79462.000,10922,2,PG,1,100,12728
1766633941.629847,79502.000,10922,2,PG,1,100,12704
1766633941.669843,79542.000,10938,3,PG,1,100,12710
1766633941.709840,79582.000,10938,3,PG,1,100,12712
1766633941.749837,79622.000,10938,3,PG,1,100,12730
1766633941.789834,79662.000,10957,2,PG,1,100,12743
1766633941.829831,79702.000,10957,2,PG,1,100,12737
1766633941.869827,79742.000,10972,3,PG,1,100,12720
1766633941.909824,79782.000,10972,3,PG,1,100,12702
1766633941.949821,79822.000,10972,3,PG,1,100,12667
1766633941.989818,79862.000,10989,3,PG,1,100,12642
1766633942.029814,79902.000,10989,3,PG,1,100,12618
1766633942.069811,79942.000,10989,3,PG,1,100,12600
1766633942.109808,79982.000,11005,2,PG,1,100,12565
1766633942.149805,80022.000,11005,2,PG,1,100,12572
1766633942.189801,80062.000,11023,3,PG,1,100,12478
1766633942.229798,80102.000,11023,3,PG,1,100,12304
1766633942.269795,80142.000,11023,3,PG,1,100,12258
1766633942.309792,80182.000,11037,2,PG,1,100,12284
1766633942.349788,80222.000,11037,2,PG,1,100,12213
1766633942.389785,80262.000,11059,3,PG,1,100,12092
1766633942.429782,80302.000,11059,3,PG,1,100,11968
1766633942.469779,80342.000,11059,3,PG,1,100,11795
1766633942.509776,80382.000,11076,3,PG,1,100,11933
1766633942.549772,80422.000,11076,3,PG,1,100,11966
1766633942.589769,80462.000,11076,3,PG,1,100,11931
1766633942.629766,80502.000,11093,2,PG,1,100,11814
1766633942.669763,80542.000,11093,2,PG,1,100,11782
1766633942.709759,80582.000,11111,3,PG,1,100,11712
1766633942.749756,80622.000,11111,3,PG,1,100,11615
1766633942.789753,80662.000,11111,3,PG,1,100,11579
1766633942.829750,80702.000,11127,2,PG,1,100,11522
1766633942.869746,80742.000,11127,2,PG,1,100,11472
1766633942.909743,80782.000,11143,3,PG,1,100,11411
1766633942.949740,80822.000,11143,3,PG,1,100,11368
1766633942.989737,80862.000,11143,3,PG,1,100,11330
1766633943.029733,80902.000,11160,2,PG,1,100,11284
1766633943.069730,80942.000,11160,2,PG,1,100,11259
1766633943.109727,80982.000,11176,3,PG,1,100,11237
1766633943.149724,81022.000,11176,3,PG,1,100,11211
1766633943.189721,81062.000,11176,3,PG,1,100,11191
1766633943.236217,81108.500,11194,2,PG,1,100,11193
1766633943.282713,81155.000,11194,2,PG,1,100,11191
1766633943.322710,81195.000,11210,3,PG,1,100,11166
1766633943.362707,81235.000,11210,3,PG,1,100,11159
1766633943.402703,81275.000,11210,3,PG,1,100,11119
1766633943.442700,81315.000,11227,2,PG,1,100,11056
1766633943.482697,81355.000,11227,2,PG,1,100,10984
1766633943.522694,81395.000,11244,3,PG,1,100,10931
1766633943.562690,81435.000,11244,3,PG,1,100,10878
1766633943.602687,81475.000,11244,3,PG,1,100,10846
1766633943.642684,81515.000,11259,2,PG,1,100,10820
1766633943.682681,81555.000,11259,2,PG,1,100,10797
1766633943.722677,81595.000,11275,3,PG,1,100,10773
1766633943.762674,81635.000,11275,3,PG,1,100,10774
1766633943.802671,81675.000,11275,3,PG,1,100,10737
1766633943.842668,81715.000,11293,2,PG,1,100,10721
1766633943.882665,81755.000,11293,2,PG,1,100,10707
1766633943.922661,81795.000,11311,3,PG,1,100,10709
1766633943.962658,81835.000,11311,3,PG,1,100,10702
1766633944.002655,81875.000,11311,3,PG,1,100,10691
1766633944.042652,81915.000,11327,2,PG,1,100,10694
1766633944.082648,81955.000,11327,2,PG,1,100,10689
1766633944.122645,81995.000,11343,3,PG,1,100,10692
1766633944.162642,82035.000,11343,3,PG,1,100,10691
1766633944.202639,82075.000,11343,3,PG,1,100,10702
1766633944.242635,82115.000,11360,2,PG,1,100,10690
1766633944.282632,82155.000,11360,2,PG,1,100,10664
1766633944.322629,82195.000,11376,3,PG,1,100,10663
1766633944.362626,82235.000,11376,3,PG,1,100,10654
1766633944.402622,82275.000,11376,3,PG,1,100,10675
1766633944.442619,82315.000,11393,2,PG,1,100,10675
1766633944.482616,82355.000,11393,2,PG,1,100,10708
1766633944.522613,82395.000,11408,3,PG,1,100,10712
1766633944.562610,82435.000,11408,3,PG,1,100,10693
1766633944.602606,82475.000,11408,3,PG,1,100,10694
1766633944.642603,82515.000,11425,3,PG,1,100,10693
1766633944.682600,82555.000,11425,3,PG,1,100,10679
1766633944.722597,82595.000,11425,3,PG,1,100,10695
1766633944.762594,82635.000,11441,2,PG,1,100,10701
1766633944.802590,82675.000,11441,2,PG,1,100,10735
1766633944.842587,82715.000,11459,3,PG,1,100,10779
1766633944.882584,82755.000,11459,3,PG,1,100,10831
1766633944.922580,82795.000,11459,3,PG,1,100,10844
1766633944.962577,82835.000,11473,2,PG,1,100,10884
1766633945.002574,82875.000,11473,2,PG,1,100,10896
1766633945.042571,82915.000,11490,3,PG,1,100,10893
1766633945.082567,82955.000,11490,3,PG,1,100,10912
1766633945.122564,82995.000,11490,3,PG,1,100,10908
1766633945.162561,83035.000,11507,2,PG,1,100,10934
1766633945.202558,83075.000,11507,2,PG,1,100,10938
1766633945.242555,83115.000,11524,3,PG,1,100,10942
1766633945.282551,83155.000,11524,3,PG,1,100,10956
1766633945.322548,83195.000,11524,3,PG,1,100,10967
1766633945.362545,83235.000,11538,2,PG,1,100,10978
1766633945.402542,83275.000,11538,2,PG,1,100,10999
1766633945.442538,83315.000,11555,3,PG,1,100,11034
1766633945.482535,83355.000,11555,3,PG,1,100,11053
1766633945.522532,83395.000,11555,3,PG,1,100,11049
1766633945.562529,83435.000,11572,2,PG,1,100,11087
1766633945.602525,83475.000,11572,2,PG,1,100,11095
1766633945.642522,83515.000,11589,3,PG,1,100,11109
1766633945.682519,83555.000,11589,3,PG,1,100,11125
1766633945.722516,83595.000,11589,3,PG,1,100,11148
1766633945.762512,83635.000,11603,2,PG,1,100,11171
1766633945.802509,83675.000,11603,2,PG,1,100,11191
1766633945.842506,83715.000,11621,3,PG,1,100,11225
1766633945.882503,83755.000,11621,3,PG,1,100,11239
1766633945.922500,83795.000,11621,3,PG,1,100,11247
1766633945.962496,83835.000,11637,3,PG,1,100,11259
1766633946.002493,83875.000,11637,3,PG,1,100,11286
1766633946.042490,83915.000,11637,3,PG,1,100,11317
1766633946.082487,83955.000,11654,2,PG,1,100,11319
1766633946.122483,83995.000,11654,2,PG,1,100,11350
1766633946.162480,84035.000,11670,3,PG,1,100,11374
1766633946.202477,84075.000,11670,3,PG,1,100,11391
1766633946.242474,84115.000,11670,3,PG,1,100,11384
1766633946.282470,84155.000,11686,2,PG,1,100,11400
1766633946.322467,84195.000,11686,2,PG,1,100,11412
1766633946.362464,84235.000,11702,3,PG,1,100,11444
1766633946.402461,84275.000,11702,3,PG,1,100,11462
1766633946.442458,84315.000,11702,3,PG,1,100,11473
1766633946.482454,84355.000,11720,2,PG,1,100,11483
1766633946.522451,84395.000,11720,2,PG,1,100,11517
1766633946.562448,84435.000,11736,3,PG,1,100,11523
1766633946.602445,84475.000,11736,3,PG,1,100,11543
1766633946.642441,84515.000,11736,3,PG,1,100,11574
1766633946.682438,84555.000,11751,2,PG,1,100,11578
1766633946.722435,84595.000,11751,2,PG,1,100,11612
1766633946.762432,84635.000,11767,3,PG,1,100,11627
1766633946.802428,84675.000,11767,3,PG,1,100,11633
1766633946.842425,84715.000,11767,3,PG,1,100,11645
1766633946.882422,84755.000,11785,2,PG,1,100,11647
1766633946.922419,84795.000,11785,2,PG,1,100,11674
1766633946.962415,84835.000,11801,3,PG,1,100,11689
1766633947.002412,84875.000,11801,3,PG,1,100,11692
1766633947.042409,84915.000,11801,3,PG,1,100,11706
1766633947.082406,84955.000,11816,2,PG,1,100,11732
1766633947.122403,84995.000,11816,2,PG,1,100,11740
1766633947.162399,85035.000,11833,3,PG,1,100,11741
1766633947.202396,85075.000,11833,3,PG,1,100,11751
1766633947.242393,85115.000,11833,3,PG,1,100,11758
1766633947.282390,85155.000,11850,3,PG,1,100,11784
1766633947.322387,85195.000,11850,3,PG,1,100,11779
1766633947.362383,85235.000,11850,3,PG,1,100,11805
1766633947.402380,85275.000,11866,2,PG,1,100,11803
1766633947.442377,85315.000,11866,2,PG,1,100,11824
1766633947.482373,85355.000,11887,3,PG,1,100,11826
1766633947.522370,85395.000,11887,3,PG,1,100,11842
1766633947.562367,85435.000,11887,3,PG,1,100,11856
1766633947.602364,85475.000,11903,3,PG,1,100,11866
1766633947.642360,85515.000,11903,3,PG,1,100,11887
1766633947.682357,85555.000,11903,3,PG,1,100,11884
1766633947.722354,85595.000,11920,2,PG,1,100,11896
1766633947.762351,85635.000,11920,2,PG,1,100,11905
1766633947.802348,85675.000,11937,3,PG,1,100,11900
1766633947.842344,85715.000,11937,3,PG,1,100,11921
1766633947.882341,85755.000,11937,3,PG,1,100,11928
1766633947.922338,85795.000,11954,2,PG,1,100,11952
1766633947.962335,85835.000,11954,2,PG,1,100,11933
1766633948.002331,85875.000,11968,3,PG,1,100,11962
1766633948.042328,85915.000,11968,3,PG,1,100,11963
1766633948.082325,85955.000,11968,3,PG,1,100,11962
1766633948.128821,86001.500,11985,2,PG,1,100,11979
1766633948.175318,86048.000,11985,2,PG,1,100,11987
1766633948.215314,86088.000,12002,3,PG,1,100,11985
1766633948.255311,86128.000,12002,3,PG,1,100,11990
1766633948.295308,86168.000,12002,3,PG,1,100,11997
1766633948.335304,86208.000,12019,2,PG,1,100,12024
1766633948.375301,86248.000,12019,2,PG,1,100,12020
1766633948.415298,86288.000,12033,3,PG,1,100,12035
1766633948.455295,86328.000,12033,3,PG,1,100,12046
1766633948.495291,86368.000,12033,3,PG,1,100,12049
1766633948.535288,86408.000,12051,2,PG,1,100,12056
1766633948.575285,86448.000,12051,2,PG,1,100,12076
1766633948.615282,86488.000,12067,3,PG,1,100,12064
1766633948.655279,86528.000,12067,3,PG,1,100,12069
1766633948.695275,86568.000,12067,3,PG,1,100,12073
1766633948.735272,86608.000,12084,2,PG,1,100,12080
1766633948.775269,86648.000,12084,2,PG,1,100,12076
1766633948.815266,86688.000,12099,3,PG,1,100,12097
1766633948.855263,86728.000,12099,3,PG,1,100,12116
1766633948.895259,86768.000,12099,3,PG,1,100,12109
1766633948.935256,86808.000,12118,2,PG,1,100,12119
1766633948.975253,86848.000,12118,2,PG,1,100,12106
1766633949.015249,86888.000,12134,3,PG,1,100,12115
1766633949.055246,86928.000,12134,3,PG,1,100,12129
1766633949.095243,86968.000,12134,3,PG,1,100,12138
1766633949.135240,87008.000,12151,2,PG,1,100,12145
1766633949.175236,87048.000,12151,2,PG,1,100,12158
1766633949.215233,87088.000,12167,3,PG,1,100,12169
1766633949.255230,87128.000,12167,3,PG,1,100,12171
1766633949.295227,87168.000,12167,3,PG,1,100,12184
1766633949.335224,87208.000,12183,2,PG,1,100,12188
1766633949.375220,87248.000,12183,2,PG,1,100,12188
1766633949.415217,87288.000,12199,3,PG,1,100,12212
1766633949.455214,87328.000,12199,3,PG,1,100,12208
1766633949.495211,87368.000,12199,3,PG,1,100,12213
1766633949.535208,87408.000,12217,3,PG,1,100,12225
1766633949.575204,87448.000,12217,3,PG,1,100,12226
1766633949.615201,87488.000,12217,3,PG,1,100,12232
1766633949.655198,87528.000,12233,2,PG,1,100,12231
1766633949.695194,87568.000,12233,2,PG,1,100,12235
1766633949.735191,87608.000,12248,3,PG,1,100,12235
1766633949.775188,87648.000,12248,3,PG,1,100,12263
1766633949.815185,87688.000,12248,3,PG,1,100,12268
1766633949.855182,87728.000,12265,2,PG,1,100,12275
1766633949.895178,87768.000,12265,2,PG,1,100,12279
1766633949.935175,87808.000,12282,3,PG,1,100,12267
1766633949.975172,87848.000,12282,3,PG,1,100,12283
1766633950.015169,87888.000,12282,3,PG,1,100,12295
1766633950.055166,87928.000,12298,2,PG,1,100,12310
1766633950.095162,87968.000,12298,2,PG,1,100,12316
1766633950.135159,88008.000,12314,3,PG,1,100,12320
1766633950.175156,88048.000,12314,3,PG,1,100,12315
1766633950.215153,88088.000,12314,3,PG,1,100,12324
1766633950.255149,88128.000,12330,2,PG,1,100,12325
1766633950.295146,88168.000,12330,2,PG,1,100,12349
1766633950.335143,88208.000,12347,3,PG,1,100,12359
1766633950.375139,88248.000,12347,3,PG,1,100,12344
1766633950.415136,88288.000,12347,3,PG,1,100,12358
1766633950.455133,88328.000,12363,2,PG,1,100,12371
1766633950.495130,88368.000,12363,2,PG,1,100,12374
1766633950.535127,88408.000,12379,3,PG,1,100,12361
1766633950.575123,88448.000,12379,3,PG,1,100,12382
1766633950.615120,88488.000,12379,3,PG,1,100,12391
1766633950.655117,88528.000,12395,3,PG,1,100,12376
1766633950.695114,88568.000,12395,3,PG,1,100,12402
1766633950.735111,88608.000,12395,3,PG,1,100,12408
1766633950.775107,88648.000,12412,2,PG,1,100,12426
1766633950.815104,88688.000,12412,2,PG,1,100,12432
1766633950.855101,88728.000,12429,3,PG,1,100,12440
1766633950.895097,88768.000,12429,3,PG,1,100,12448
1766633950.935094,88808.000,12429,3,PG,1,100,12457
1766633950.975091,88848.000,12444,2,PG,1,100,12460
1766633951.015088,88888.000,12444,2,PG,1,100,12463
1766633951.055084,88928.000,12460,3,PG,1,100,12472
1766633951.095081,88968.000,12460,3,PG,1,100,12482
1766633951.135078,89008.000,12460,3,PG,1,100,12493
1766633951.175075,89048.000,12478,2,PG,1,100,12489
1766633951.215072,89088.000,12478,2,PG,1,100,12516
1766633951.255068,89128.000,12494,3,PG,1,100,12500
1766633951.295065,89168.000,12494,3,PG,1,100,12505
1766633951.335062,89208.000,12494,3,PG,1,100,12505
1766633951.375059,89248.000,12510,2,PG,1,100,12511
1766633951.415056,89288.000,12510,2,PG,1,100,12518
1766633951.455052,89328.000,12526,3,PG,1,100,12522
1766633951.495049,89368.000,12526,3,PG,1,100,12528
1766633951.535046,89408.000,12526,3,PG,1,100,12521
1766633951.575042,89448.000,12543,2,PG,1,100,12527
1766633951.615039,89488.000,12543,2,PG,1,100,12544
1766633951.655036,89528.000,12559,3,PG,1,100,12542
1766633951.695033,89568.000,12559,3,PG,1,100,12542
1766633951.735029,89608.000,12559,3,PG,1,100,12556
1766633951.775026,89648.000,12576,2,PG,1,100,12553
1766633951.815023,89688.000,12576,2,PG,1,100,12564
1766633951.855020,89728.000,12591,3,PG,1,100,12570
1766633951.895017,89768.000,12591,3,PG,1,100,12564
1766633951.935013,89808.000,12591,3,PG,1,100,12578
1766633951.975010,89848.000,12608,3,PG,1,100,12589
1766633952.015007,89888.000,12608,3,PG,1,100,12593
1766633952.055004,89928.000,12608,3,PG,1,100,12599
1766633952.095001,89968.000,12624,2,PG,1,100,12593
1766633952.134997,90008.000,12624,2,PG,1,100,12599
1766633952.174994,90048.000,12642,3,PG,1,100,12605
1766633952.214991,90088.000,12642,3,PG,1,100,12611
1766633952.254987,90128.000,12642,3,PG,1,100,12592
1766633952.294984,90168.000,12656,2,PG,1,100,12609
1766633952.334981,90208.000,12656,2,PG,1,100,12616
1766633952.374978,90248.000,12673,3,PG,1,100,12611
1766633952.414975,90288.000,12673,3,PG,1,100,12621
1766633952.454971,90328.000,12673,3,PG,1,100,12633
1766633952.494968,90368.000,12690,2,PG,1,100,12635
1766633952.534965,90408.000,12690,2,PG,1,100,12620
1766633952.574962,90448.000,12712,3,PG,1,100,12652
1766633952.614959,90488.000,12712,3,PG,1,100,12649
1766633952.654955,90528.000,12712,3,PG,1,100,12644
1766633952.694952,90568.000,12726,2,PG,1,100,12649
1766633952.734949,90608.000,12726,2,PG,1,100,12677
1766633952.774945,90648.000,12743,3,PG,1,100,12672
1766633952.814942,90688.000,12743,3,PG,1,100,12674
1766633952.854939,90728.000,12743,3,PG,1,100,12698
1766633952.894936,90768.000,12760,2,PG,1,100,12699
1766633952.934932,90808.000,12760,2,PG,1,100,12703
1766633952.979262,90852.333,12777,3,PG,1,100,12715
1766633953.023592,90896.667,12777,3,PG,1,100,12718
1766633953.067922,90941.000,12777,3,PG,1,100,12733
1766633953.107919,90981.000,12791,2,PG,1,100,12725
1766633953.147915,91021.000,12791,2,PG,1,100,12739
1766633953.187912,91061.000,12809,3,PG,1,100,12746
1766633953.227909,91101.000,12809,3,PG,1,100,12752
1766633953.267906,91141.000,12809,3,PG,1,100,12762
1766633953.307902,91181.000,12825,2,PG,1,100,12759
1766633953.347899,91221.000,12825,2,PG,1,100,12772
1766633953.387896,91261.000,12842,3,PG,1,100,12784
1766633953.427893,91301.000,12842,3,PG,1,100,12774
1766633953.467890,91341.000,12842,3,PG,1,100,12786
1766633953.507886,91381.000,12858,2,PG,1,100,12803
1766633953.547883,91421.000,12858,2,PG,1,100,12807
1766633953.587880,91461.000,12874,3,PG,1,100,12802
1766633953.627877,91501.000,12874,3,PG,1,100,12816
1766633953.667873,91541.000,12874,3,PG,1,100,12810
1766633953.707870,91581.000,12890,2,PG,1,100,12830
1766633953.747867,91621.000,12890,2,PG,1,100,12831
1766633953.787863,91661.000,12908,3,PG,1,100,12843
1766633953.827860,91701.000,12908,3,PG,1,100,12842
1766633953.867857,91741.000,12908,3,PG,1,100,12834
1766633953.907854,91781.000,12926,2,PG,1,100,12834
1766633953.947851,91821.000,12926,2,PG,1,100,12845
1766633953.987847,91861.000,12941,3,PG,1,100,12851
1766633954.027844,91901.000,12941,3,PG,1,100,12841
1766633954.067841,91941.000,12941,3,PG,1,100,12840
1766633954.107838,91981.000,12957,3,PG,1,100,12862
1766633954.147835,92021.000,12957,3,PG,1,100,12855
1766633954.187831,92061.000,12957,3,PG,1,100,12860
1766633954.227828,92101.000,12975,2,PG,1,100,12857
1766633954.267825,92141.000,12975,2,PG,1,100,12871
1766633954.307822,92181.000,12991,3,PG,1,100,12888
1766633954.347818,92221.000,12991,3,PG,1,100,12886
1766633954.387815,92261.000,12991,3,PG,1,100,12881
1766633954.427812,92301.000,13006,2,PG,1,100,12896
1766633954.467808,92341.000,13006,2,PG,1,100,12890
1766633954.507805,92381.000,13023,3,PG,1,100,12890
1766633954.547802,92421.000,13023,3,PG,1,100,12910
1766633954.587799,92461.000,13023,3,PG,1,100,12903
1766633954.627796,92501.000,13040,2,PG,1,100,12924
1766633954.667792,92541.000,13040,2,PG,1,100,12917
1766633954.707789,92581.000,13056,3,PG,1,100,12916
1766633954.747786,92621.000,13056,3,PG,1,100,12927
1766633954.787783,92661.000,13056,3,PG,1,100,12927
1766633954.827780,92701.000,13072,2,PG,1,100,12928
1766633954.867776,92741.000,13072,2,PG,1,100,12952
1766633954.907773,92781.000,13088,3,PG,1,100,12951
1766633954.947770,92821.000,13088,3,PG,1,100,12946
1766633954.987767,92861.000,13088,3,PG,1,100,12951
1766633955.027763,92901.000,13105,2,PG,1,100,12963
1766633955.067760,92941.000,13105,2,PG,1,100,12963
1766633955.107757,92981.000,13121,3,PG,1,100,12958
1766633955.147753,93021.000,13121,3,PG,1,100,12968
1766633955.187750,93061.000,13121,3,PG,1,100,12978
1766633955.227747,93101.000,13137,3,PG,1,100,12982
1766633955.267744,93141.000,13137,3,PG,1,100,12982
1766633955.307741,93181.000,13137,3,PG,1,100,12985
1766633955.347737,93221.000,13153,2,PG,1,100,12993
1766633955.387734,93261.000,13153,2,PG,1,100,12993
1766633955.427731,93301.000,13170,3,PG,1,100,12995
1766633955.467728,93341.000,13170,3,PG,1,100,13005
1766633955.507725,93381.000,13170,3,PG,1,100,13021
1766633955.547721,93421.000,13187,2,PG,1,100,13024
1766633955.587718,93461.000,13187,2,PG,1,100,13022
1766633955.627715,93501.000,13204,3,PG,1,100,13046
1766633955.667711,93541.000,13204,3,PG,1,100,13045
1766633955.707708,93581.000,13204,3,PG,1,100,13035
1766633955.747705,93621.000,13218,2,PG,1,100,13052
1766633955.787702,93661.000,13218,2,PG,1,100,13056
1766633955.827699,93701.000,13236,3,PG,1,100,13070
1766633955.867695,93741.000,13236,3,PG,1,100,13089
1766633955.907692,93781.000,13236,3,PG,1,100,13069
1766633955.947689,93821.000,13252,2,PG,1,100,13023
1766633955.987686,93861.000,13252,2,PG,1,100,13011
1766633956.027683,93901.000,13269,3,PG,1,100,13021
1766633956.067679,93941.000,13269,3,PG,1,100,13029
1766633956.107676,93981.000,13269,3,PG,1,100,13047
1766633956.147673,94021.000,13286,2,PG,1,100,13063
1766633956.187670,94061.000,13286,2,PG,1,100,13031
1766633956.227666,94101.000,13303,3,PG,1,100,12982
1766633956.267663,94141.000,13303,3,PG,1,100,12938
1766633956.307660,94181.000,13303,3,PG,1,100,12914
1766633956.347656,94221.000,13319,3,PG,1,100,12911
1766633956.387653,94261.000,13319,3,PG,1,100,12908
1766633956.427650,94301.000,13319,3,PG,1,100,12891
1766633956.467647,94341.000,13336,2,PG,1,100,12835
1766633956.507644,94381.000,13336,2,PG,1,100,12826
1766633956.547640,94421.000,13351,3,PG,1,100,12842
1766633956.587637,94461.000,13351,3,PG,1,100,12746
1766633956.627634,94501.000,13351,3,PG,1,100,12591
1766633956.667631,94541.000,13368,2,PG,1,100,12581
1766633956.707628,94581.000,13368,2,PG,1,100,12605
1766633956.747624,94621.000,13384,3,PG,1,100,12574
1766633956.787621,94661.000,13384,3,PG,1,100,12571
1766633956.827618,94701.000,13384,3,PG,1,100,12536
1766633956.867615,94741.000,13404,2,PG,1,100,12488
1766633956.907611,94781.000,13404,2,PG,1,100,12459
1766633956.947608,94821.000,13418,3,PG,1,100,12380
1766633956.987605,94861.000,13418,3,PG,1,100,12306
1766633957.027601,94901.000,13418,3,PG,1,100,12363
1766633957.067598,94941.000,13435,2,PG,1,100,12340
1766633957.107595,94981.000,13435,2,PG,1,100,12334
1766633957.147592,95021.000,13454,3,PG,1,100,12329
1766633957.187589,95061.000,13454,3,PG,1,100,12326
1766633957.227585,95101.000,13454,3,PG,1,100,12308
1766633957.267582,95141.000,13471,2,PG,1,100,12300
1766633957.307579,95181.000,13471,2,PG,1,100,12308
1766633957.347576,95221.000,13488,3,PG,1,100,12309
1766633957.387573,95261.000,13488,3,PG,1,100,12308
1766633957.427569,95301.000,13488,3,PG,1,100,12298
1766633957.467566,95341.000,13504,2,PG,1,100,12255
1766633957.507563,95381.000,13504,2,PG,1,100,12228
1766633957.547226,95420.667,13521,3,PG,1,100,12193
1766633957.586890,95460.333,13521,3,PG,1,100,12185
1766633957.626553,95500.000,13521,3,PG,1,100,12162
1766633957.667050,95540.500,13538,2,PG,1,100,12119
1766633957.707546,95581.000,13538,2,PG,1,100,12115
1766633957.747210,95620.667,13559,3,PG,1,100,12097
1766633957.786874,95660.333,13559,3,PG,1,100,12081
1766633957.826537,95700.000,13559,3,PG,1,100,12053
1766633957.873533,95747.000,13575,2,PG,1,100,12050
1766633957.920529,95794.000,13575,2,PG,1,100,12041
1766633957.960526,95834.000,13591,3,PG,1,100,12027
1766633958.000523,95874.000,13591,3,PG,1,100,12020
1766633958.040520,95914.000,13591,3,PG,1,100,12015
1766633958.080516,95954.000,13608,2,PG,1,100,12000
1766633958.120513,95994.000,13608,2,PG,1,100,11999
1766633958.160510,96034.000,13625,3,PG,1,100,11987
1766633958.200507,96074.000,13625,3,PG,1,100,11981
1766633958.240504,96114.000,13625,3,PG,1,100,11971
1766633958.280500,96154.000,13640,2,PG,1,100,11955
1766633958.320497,96194.000,13640,2,PG,1,100,11932
1766633958.360494,96234.000,13656,3,PG,1,100,11892
1766633958.400491,96274.000,13656,3,PG,1,100,11859
1766633958.440487,96314.000,13656,3,PG,1,100,11845
1766633958.480484,96354.000,13676,2,PG,1,100,11811
1766633958.520481,96394.000,13676,2,PG,1,100,11800
1766633958.560477,96434.000,13692,3,PG,1,100,11794
1766633958.600474,96474.000,13692,3,PG,1,100,11790
1766633958.640471,96514.000,13692,3,PG,1,100,11791
1766633958.680468,96554.000,13707,3,PG,1,100,11768
1766633958.720465,96594.000,13707,3,PG,1,100,11750
1766633958.760461,96634.000,13707,3,PG,1,100,11737
1766633958.800458,96674.000,13723,2,PG,1,100,11739
1766633958.840455,96714.000,13723,2,PG,1,100,11745
1766633958.880452,96754.000,13743,3,PG,1,100,11731
1766633958.920449,96794.000,13743,3,PG,1,100,11735
1766633958.960445,96834.000,13743,3,PG,1,100,11738
1766633959.000442,96874.000,13759,2,PG,1,100,11747
1766633959.040439,96914.000,13759,2,PG,1,100,11731
1766633959.080436,96954.000,13774,3,PG,1,100,11724
1766633959.120432,96994.000,13774,3,PG,1,100,11727
1766633959.160429,97034.000,13774,3,PG,1,100,11744
1766633959.200426,97074.000,13791,2,PG,1,100,11726
1766633959.240423,97114.000,13791,2,PG,1,100,11727
1766633959.280419,97154.000,13808,3,PG,1,100,11711
1766633959.320416,97194.000,13808,3,PG,1,100,11703
1766633959.360413,97234.000,13808,3,PG,1,100,11690
1766633959.400410,97274.000,13824,2,PG,1,100,11684
1766633959.440407,97314.000,13824,2,PG,1,100,11688
1766633959.480403,97354.000,13840,3,PG,1,100,11700
1766633959.520400,97394.000,13840,3,PG,1,100,11699
1766633959.560397,97434.000,13840,3,PG,1,100,11701
1766633959.600394,97474.000,13856,2,PG,1,100,11699
1766633959.640390,97514.000,13856,2,PG,1,100,11670
1766633959.680387,97554.000,13873,3,PG,1,100,11653
1766633959.720384,97594.000,13873,3,PG,1,100,11673
1766633959.760381,97634.000,13873,3,PG,1,100,11700
1766633959.800377,97674.000,13891,2,PG,1,100,11720
1766633959.840374,97714.000,13891,2,PG,1,100,11683
1766633959.880371,97754.000,13908,3,PG,1,100,11594
1766633959.920368,97794.000,13908,3,PG,1,100,11527
1766633959.960364,97834.000,13908,3,PG,1,100,11549
1766633960.000361,97874.000,13923,2,PG,1,100,11566
1766633960.040358,97914.000,13923,2,PG,1,100,11607
1766633960.080355,97954.000,13940,3,PG,1,100,11609
1766633960.120352,97994.000,13940,3,PG,1,100,11640
1766633960.160348,98034.000,13940,3,PG,1,100,11640
1766633960.200345,98074.000,13957,3,PG,1,100,11625
1766633960.240342,98114.000,13957,3,PG,1,100,11595
1766633960.280339,98154.000,13957,3,PG,1,100,11559
1766633960.320335,98194.000,13974,2,PG,1,100,11534
1766633960.360332,98234.000,13974,2,PG,1,100,11527
1766633960.400329,98274.000,13988,3,PG,1,100,11525
1766633960.440325,98314.000,13988,3,PG,1,100,11531
1766633960.480322,98354.000,13988,3,PG,1,100,11516
1766633960.520319,98394.000,14006,2,PG,1,100,11521
1766633960.560316,98434.000,14006,2,PG,1,100,11509
1766633960.600313,98474.000,14024,3,PG,1,100,11506
1766633960.640309,98514.000,14024,3,PG,1,100,11507
1766633960.680306,98554.000,14024,3,PG,1,100,11515
1766633960.720303,98594.000,14041,2,PG,1,100,11508
1766633960.760300,98634.000,14041,2,PG,1,100,11523
1766633960.800297,98674.000,14056,3,PG,1,100,11541
1766633960.840293,98714.000,14056,3,PG,1,100,11547
1766633960.880290,98754.000,14056,3,PG,1,100,11543
1766633960.920287,98794.000,14073,2,PG,1,100,11556
1766633960.960284,98834.000,14073,2,PG,1,100,11576
1766633961.000280,98874.000,14089,3,PG,1,100,11593
1766633961.040277,98914.000,14089,3,PG,1,100,11581
1766633961.080274,98954.000,14089,3,PG,1,100,11580
1766633961.120271,98994.000,14106,2,PG,1,100,11594
1766633961.160267,99034.000,14106,2,PG,1,100,11582
1766633961.200264,99074.000,14121,3,PG,1,100,11558
1766633961.240261,99114.000,14121,3,PG,1,100,11546
1766633961.280258,99154.000,14121,3,PG,1,100,11558
1766633961.319754,99193.500,14138,2,PG,1,100,11559
1766633961.359251,99233.000,14138,2,PG,1,100,11555
1766633961.399581,99273.333,14154,3,PG,1,100,11567
1766633961.439911,99313.667,14154,3,PG,1,100,11561
1766633961.480242,99354.000,14154,3,PG,1,100,11562
1766633961.520238,99394.000,14172,3,PG,1,100,11575
1766633961.560235,99434.000,14172,3,PG,1,100,11572
1766633961.600232,99474.000,14172,3,PG,1,100,11603
1766633961.640229,99514.000,14186,2,PG,1,100,11605
1766633961.680225,99554.000,14186,2,PG,1,100,11620
1766633961.719889,99593.667,14203,3,PG,1,100,11615
1766633961.759552,99633.333,14203,3,PG,1,100,11624
1766633961.799216,99673.000,14203,3,PG,1,100,11629
1766633961.839212,99713.000,14220,2,PG,1,100,11627
1766633961.879209,99753.000,14220,2,PG,1,100,11655
1766633961.919206,99793.000,14237,3,PG,1,100,11643
1766633961.959203,99833.000,14237,3,PG,1,100,11659
1766633961.999200,99873.000,14237,3,PG,1,100,11669
1766633962.039196,99913.000,14252,2,PG,1,100,11673
1766633962.079193,99953.000,14252,2,PG,1,100,11666
1766633962.119190,99993.000,14268,3,PG,1,100,11665
1766633962.159187,100033.000,14268,3,PG,1,100,11676
1766633962.199183,100073.000,14268,3,PG,1,100,11667
1766633962.239680,100113.500,14285,2,PG,1,100,11700
1766633962.280177,100154.000,14285,2,PG,1,100,11692
1766633962.319840,100193.667,14304,3,PG,1,100,11713
1766633962.359504,100233.333,14304,3,PG,1,100,11701
1766633962.399167,100273.000,14304,3,PG,1,100,11714
1766633962.439664,100313.500,14320,2,PG,1,100,11723
1766633962.480161,100354.000,14320,2,PG,1,100,11733
1766633962.519824,100393.667,14336,3,PG,1,100,11728
1766633962.559488,100433.333,14336,3,PG,1,100,11743
1766633962.599151,100473.000,14336,3,PG,1,100,11745
1766633962.639148,100513.000,14352,2,PG,1,100,11757
1766633962.679145,100553.000,14352,2,PG,1,100,11760
1766633962.723808,100597.667,14369,3,PG,1,100,11763
1766633962.768471,100642.333,14369,3,PG,1,100,11776
1766633962.813134,100687.000,14369,3,PG,1,100,11787
1766633962.853131,100727.000,14391,2,PG,1,100,11787
1766633962.893127,100767.000,14391,2,PG,1,100,11801
1766633962.933124,100807.000,14406,3,PG,1,100,11804
1766633962.973121,100847.000,14406,3,PG,1,100,11801
1766633963.013118,100887.000,14406,3,PG,1,100,11792
1766633963.053114,100927.000,14422,2,PG,1,100,11797
1766633963.093111,100967.000,14422,2,PG,1,100,11809
1766633963.133108,101007.000,14442,3,PG,1,100,11815
1766633963.173105,101047.000,14442,3,PG,1,100,11817
1766633963.213101,101087.000,14442,3,PG,1,100,11830
1766633963.253098,101127.000,14458,2,PG,1,100,11832
1766633963.293095,101167.000,14458,2,PG,1,100,11831
1766633963.333092,101207.000,14473,3,PG,1,100,11832
1766633963.373088,101247.000,14473,3,PG,1,100,11854
1766633963.413085,101287.000,14473,3,PG,1,100,11861
1766633963.453082,101327.000,14489,2,PG,1,100,11856
1766633963.493079,101367.000,14489,2,PG,1,100,11865
1766633963.533076,101407.000,14507,3,PG,1,100,11871
1766633963.573072,101447.000,14507,3,PG,1,100,11872
1766633963.613069,101487.000,14507,3,PG,1,100,11871
1766633963.653066,101527.000,14525,3,PG,1,100,11886
1766633963.693063,101567.000,14525,3,PG,1,100,11885
1766633963.733059,101607.000,14525,3,PG,1,100,11892
1766633963.773056,101647.000,14540,2,PG,1,100,11901
1766633963.813053,101687.000,14540,2,PG,1,100,11890
1766633963.853050,101727.000,14557,3,PG,1,100,11909
1766633963.893046,101767.000,14557,3,PG,1,100,11897
1766633963.933043,101807.000,14557,3,PG,1,100,11899
1766633963.973040,101847.000,14578,2,PG,1,100,11904
1766633964.013037,101887.000,14578,2,PG,1,100,11909
1766633964.053033,101927.000,14594,3,PG,1,100,11914
1766633964.093030,101967.000,14594,3,PG,1,100,11926
1766633964.133027,102007.000,14594,3,PG,1,100,11921
1766633964.173024,102047.000,14611,2,PG,1,100,11925
1766633964.213021,102087.000,14611,2,PG,1,100,11927
1766633964.253017,102127.000,14626,3,PG,1,100,11921
1766633964.293014,102167.000,14626,3,PG,1,100,11926
1766633964.333011,102207.000,14626,3,PG,1,100,11931
1766633964.373008,102247.000,14643,2,PG,1,100,11929
1766633964.413004,102287.000,14643,2,PG,1,100,11955
1766633964.452668,102326.667,14660,3,PG,1,100,11951
1766633964.492331,102366.333,14660,3,PG,1,100,11951
1766633964.531995,102406.000,14660,3,PG,1,100,11954
1766633964.572491,102446.500,14677,2,PG,1,100,11960
1766633964.612988,102487.000,14677,2,PG,1,100,11966
1766633964.652652,102526.667,14691,3,PG,1,100,11954
1766633964.692315,102566.333,14691,3,PG,1,100,11957
1766633964.731979,102606.000,14691,3,PG,1,100,11960
1766633964.771975,102646.000,14708,2,PG,1,100,11956
1766633964.811972,102686.000,14708,2,PG,1,100,11953
1766633964.852302,102726.333,14727,3,PG,1,100,11946
1766633964.892632,102766.667,14727,3,PG,1,100,11975
1766633964.932962,102807.000,14727,3,PG,1,100,11963
1766633964.972626,102846.667,14744,3,PG,1,100,11967
1766633965.012289,102886.333,14744,3,PG,1,100,11976
1766633965.051953,102926.000,14744,3,PG,1,100,11990
1766633965.092449,102966.500,14758,2,PG,1,100,11988
1766633965.132946,103007.000,14758,2,PG,1,100,11977
1766633965.172943,103047.000,14776,3,PG,1,100,11982
1766633965.212940,103087.000,14776,3,PG,1,100,11988
1766633965.252936,103127.000,14776,3,PG,1,100,12013
1766633965.292433,103166.500,14792,2,PG,1,100,12007
1766633965.331930,103206.000,14792,2,PG,1,100,12004
1766633965.372260,103246.333,14809,3,PG,1,100,12006
1766633965.412590,103286.667,14809,3,PG,1,100,12005
1766633965.452920,103327.000,14809,3,PG,1,100,12004
1766633965.492417,103366.500,14824,2,PG,1,100,12013
1766633965.531914,103406.000,14824,2,PG,1,100,12010
1766633965.571911,103446.000,14843,3,PG,1,100,11997
1766633965.611907,103486.000,14843,3,PG,1,100,12013
1766633965.651904,103526.000,14843,3,PG,1,100,12008
1766633965.691901,103566.000,14859,2,PG,1,100,12010
1766633965.731898,103606.000,14859,2,PG,1,100,12010
1766633965.772228,103646.333,14876,3,PG,1,100,12008
1766633965.812558,103686.667,14876,3,PG,1,100,12014
1766633965.852888,103727.000,14876,3,PG,1,100,12029
1766633965.892385,103766.500,14891,2,PG,1,100,12040
1766633965.931881,103806.000,14891,2,PG,1,100,12031
1766633965.971878,103846.000,14908,3,PG,1,100,12035
1766633966.011875,103886.000,14908,3,PG,1,100,12047
1766633966.051872,103926.000,14908,3,PG,1,100,12038
1766633966.091869,103966.000,14924,3,PG,1,100,12053
1766633966.131865,104006.000,14924,3,PG,1,100,12060
1766633966.171862,104046.000,14924,3,PG,1,100,12058
1766633966.211859,104086.000,14942,2,PG,1,100,12065
1766633966.251856,104126.000,14942,2,PG,1,100,12042
1766633966.291852,104166.000,14957,3,PG,1,100,12063
1766633966.331849,104206.000,14957,3,PG,1,100,12069
1766633966.371846,104246.000,14957,3,PG,1,100,12050
1766633966.411843,104286.000,14975,2,PG,1,100,12064
1766633966.451839,104326.000,14975,2,PG,1,100,12070
1766633966.491836,104366.000,14992,3,PG,1,100,12049
1766633966.531833,104406.000,14992,3,PG,1,100,12064
1766633966.571830,104446.000,14992,3,PG,1,100,12063
1766633966.611826,104486.000,15009,2,PG,1,100,12061
1766633966.651823,104526.000,15009,2,PG,1,100,12064
