LocalTimestamp,EmotiBitTimestamp,PacketNumber,DataLength,TypeTag,ProtocolVersion,DataReliability,EL
1766633906.621678,44491.000,5155,2,EL,1,100,-15558.599609
1766633906.621678,44491.000,5155,2,EL,1,100,-15557.599609
1766633906.688672,44558.000,5172,1,EL,1,100,-15554.400391
1766633906.755167,44624.500,5188,2,EL,1,100,-15549.799805
1766633906.821661,44691.000,5188,2,EL,1,100,-15540.200195
1766633906.888656,44758.000,5206,1,EL,1,100,-15515.200195
1766633906.955151,44824.500,5220,2,EL,1,100,-15499.400391
1766633907.021645,44891.000,5220,2,EL,1,100,-15491.599609
1766633907.088640,44958.000,5237,1,EL,1,100,-15483.200195
1766633907.155135,45024.500,5254,2,EL,1,100,-15477.799805
1766633907.221629,45091.000,5254,2,EL,1,100,-15473.799805
1766633907.288624,45158.000,5271,1,EL,1,100,-15471.400391
1766633907.355119,45224.500,5285,2,EL,1,100,-15468.599609
1766633907.421613,45291.000,5285,2,EL,1,100,-15464.799805
1766633907.488608,45358.000,5302,1,EL,1,100,-15458.400391
1766633907.555102,45424.500,5319,2,EL,1,100,-15453.799805
1766633907.621597,45491.000,5319,2,EL,1,100,-15447.799805
1766633907.688591,45558.000,5336,1,EL,1,100,-15437.599609
1766633907.755086,45624.500,5350,2,EL,1,100,-15430.599609
1766633907.821581,45691.000,5350,2,EL,1,100,-15424.200195
1766633907.888575,45758.000,5368,1,EL,1,100,-15416.000000
1766633907.955070,45824.500,5384,2,EL,1,100,-15409.799805
1766633908.021564,45891.000,5384,2,EL,1,100,-15405.799805
1766633908.088559,45958.000,5401,1,EL,1,100,-15400.799805
1766633908.155054,46024.500,5417,2,EL,1,100,-15394.599609
1766633908.221548,46091.000,5417,2,EL,1,100,-15380.799805
1766633908.288043,46157.500,5433,2,EL,1,100,-15360.799805
1766633908.354538,46224.000,5433,2,EL,1,100,-15345.599609
1766633908.421532,46291.000,5449,1,EL,1,100,-15340.000000
1766633908.488027,46357.500,5467,2,EL,1,100,-15333.400391
1766633908.554521,46424.000,5467,2,EL,1,100,-15326.400391
1766633908.621516,46491.000,5483,1,EL,1,100,-15320.200195
1766633908.688011,46557.500,5498,2,EL,1,100,-15316.000000
1766633908.754505,46624.000,5498,2,EL,1,100,-15312.599609
1766633908.821500,46691.000,5514,1,EL,1,100,-15309.200195
1766633908.887995,46757.500,5534,2,EL,1,100,-15304.200195
1766633908.954489,46824.000,5534,2,EL,1,100,-15300.400391
1766633909.021484,46891.000,5550,1,EL,1,100,-15298.200195
1766633909.087978,46957.500,5565,2,EL,1,100,-15294.400391
1766633909.154473,47024.000,5565,2,EL,1,100,-15291.200195
1766633909.221467,47091.000,5582,1,EL,1,100,-15287.200195
1766633909.287962,47157.500,5599,2,EL,1,100,-15283.799805
1766633909.354457,47224.000,5599,2,EL,1,100,-15279.200195
1766633909.421451,47291.000,5615,1,EL,1,100,-15275.799805
1766633909.487946,47357.500,5631,2,EL,1,100,-15271.799805
1766633909.554440,47424.000,5631,2,EL,1,100,-15267.000000
1766633909.621435,47491.000,5647,1,EL,1,100,-15265.200195
1766633909.687930,47557.500,5664,2,EL,1,100,-15261.000000
1766633909.754424,47624.000,5664,2,EL,1,100,-15256.000000
1766633909.821419,47691.000,5680,1,EL,1,100,-15251.799805
1766633909.887914,47757.500,5696,2,EL,1,100,-15246.799805
1766633909.954408,47824.000,5696,2,EL,1,100,-15241.200195
1766633910.021403,47891.000,5712,1,EL,1,100,-15239.000000
1766633910.087898,47957.500,5729,2,EL,1,100,-15233.400391
1766633910.154392,48024.000,5729,2,EL,1,100,-15226.400391
1766633910.221387,48091.000,5746,1,EL,1,100,-15222.400391
1766633910.287881,48157.500,5762,2,EL,1,100,-15218.400391
1766633910.354376,48224.000,5762,2,EL,1,100,-15210.200195
1766633910.421371,48291.000,5777,1,EL,1,100,-15207.599609
1766633910.487865,48357.500,5795,2,EL,1,100,-15204.400391
1766633910.554360,48424.000,5795,2,EL,1,100,-15201.799805
1766633910.620854,48490.500,5811,2,EL,1,100,-15199.000000
1766633910.687349,48557.000,5811,2,EL,1,100,-15196.799805
1766633910.754344,48624.000,5828,1,EL,1,100,-15193.599609
1766633910.820838,48690.500,5843,2,EL,1,100,-15189.400391
1766633910.887333,48757.000,5843,2,EL,1,100,-15185.400391
1766633910.954327,48824.000,5860,1,EL,1,100,-15177.000000
1766633911.020822,48890.500,5876,2,EL,1,100,-15170.400391
1766633911.087317,48957.000,5876,2,EL,1,100,-15163.200195
1766633911.154311,49024.000,5893,1,EL,1,100,-15157.799805
1766633911.220806,49090.500,5908,2,EL,1,100,-15153.400391
1766633911.287300,49157.000,5908,2,EL,1,100,-15150.599609
1766633911.354295,49224.000,5925,1,EL,1,100,-15149.799805
1766633911.420790,49290.500,5941,2,EL,1,100,-15145.200195
1766633911.487284,49357.000,5941,2,EL,1,100,-15141.599609
1766633911.554279,49424.000,5959,1,EL,1,100,-15135.799805
1766633911.620774,49490.500,5973,2,EL,1,100,-15134.200195
1766633911.687268,49557.000,5973,2,EL,1,100,-15132.000000
1766633911.754263,49624.000,5995,1,EL,1,100,-15128.200195
1766633911.820757,49690.500,6012,2,EL,1,100,-15125.799805
1766633911.887252,49757.000,6012,2,EL,1,100,-15124.000000
1766633911.954247,49824.000,6029,1,EL,1,100,-15121.400391
1766633912.020741,49890.500,6043,2,EL,1,100,-15120.200195
1766633912.087236,49957.000,6043,2,EL,1,100,-15118.400391
1766633912.154230,50024.000,6060,1,EL,1,100,-15114.599609
1766633912.220725,50090.500,6077,2,EL,1,100,-15111.799805
1766633912.287220,50157.000,6077,2,EL,1,100,-15109.799805
1766633912.354214,50224.000,6094,1,EL,1,100,-15105.799805
1766633912.420709,50290.500,6108,2,EL,1,100,-15103.599609
1766633912.487203,50357.000,6108,2,EL,1,100,-15100.799805
1766633912.554198,50424.000,6126,1,EL,1,100,-15094.799805
1766633912.620693,50490.500,6142,2,EL,1,100,-15090.799805
1766633912.687187,50557.000,6142,2,EL,1,100,-15084.599609
1766633912.754182,50624.000,6159,1,EL,1,100,-15077.799805
1766633912.820677,50690.500,6175,2,EL,1,100,-15073.400391
1766633912.887171,50757.000,6175,2,EL,1,100,-15066.599609
1766633912.954166,50824.000,6191,1,EL,1,100,-15060.400391
1766633913.020660,50890.500,6207,2,EL,1,100,-15055.400391
1766633913.087155,50957.000,6207,2,EL,1,100,-15051.599609
1766633913.154150,51024.000,6224,1,EL,1,100,-15046.799805
1766633913.220644,51090.500,6240,2,EL,1,100,-15040.599609
1766633913.287139,51157.000,6240,2,EL,1,100,-15034.200195
1766633913.353633,51223.500,6256,2,EL,1,100,-15027.200195
1766633913.420128,51290.000,6256,2,EL,1,100,-15024.000000
1766633913.487123,51357.000,6272,1,EL,1,100,-15021.400391
1766633913.553617,51423.500,6290,2,EL,1,100,-15017.400391
1766633913.620112,51490.000,6290,2,EL,1,100,-15014.400391
1766633913.687106,51557.000,6306,1,EL,1,100,-15012.599609
1766633913.753601,51623.500,6321,2,EL,1,100,-15010.799805
1766633913.820096,51690.000,6321,2,EL,1,100,-15006.200195
1766633913.887090,51757.000,6338,1,EL,1,100,-15004.200195
1766633913.953585,51823.500,6357,2,EL,1,100,-14999.599609
1766633914.020079,51890.000,6357,2,EL,1,100,-14995.200195
1766633914.087074,51957.000,6373,1,EL,1,100,-14994.000000
1766633914.153569,52023.500,6389,2,EL,1,100,-14989.599609
1766633914.220063,52090.000,6389,2,EL,1,100,-14984.200195
1766633914.287058,52157.000,6405,1,EL,1,100,-14982.599609
1766633914.353553,52223.500,6422,2,EL,1,100,-14980.200195
1766633914.420047,52290.000,6422,2,EL,1,100,-14978.200195
1766633914.487042,52357.000,6438,1,EL,1,100,-14976.799805
1766633914.553536,52423.500,6454,2,EL,1,100,-14974.200195
1766633914.620031,52490.000,6454,2,EL,1,100,-14969.400391
1766633914.687026,52557.000,6470,1,EL,1,100,-14967.599609
1766633914.753520,52623.500,6487,2,EL,1,100,-14964.400391
1766633914.820015,52690.000,6487,2,EL,1,100,-14962.200195
1766633914.887009,52757.000,6504,1,EL,1,100,-14960.799805
1766633914.953504,52823.500,6519,2,EL,1,100,-14958.200195
1766633915.019999,52890.000,6519,2,EL,1,100,-14955.799805
1766633915.086993,52957.000,6535,1,EL,1,100,-14952.799805
1766633915.153488,53023.500,6553,2,EL,1,100,-14949.799805
1766633915.219982,53090.000,6553,2,EL,1,100,-14946.799805
1766633915.286977,53157.000,6569,1,EL,1,100,-14947.400391
1766633915.353472,53223.500,6585,2,EL,1,100,-14946.200195
1766633915.419966,53290.000,6585,2,EL,1,100,-14942.599609
1766633915.486461,53356.500,6601,2,EL,1,100,-14942.400391
1766633915.552955,53423.000,6601,2,EL,1,100,-14940.599609
1766633915.619950,53490.000,6618,1,EL,1,100,-14934.799805
1766633915.686445,53556.500,6634,2,EL,1,100,-14934.200195
1766633915.752939,53623.000,6634,2,EL,1,100,-14932.200195
1766633915.819934,53690.000,6651,1,EL,1,100,-14930.400391
1766633915.886429,53756.500,6666,2,EL,1,100,-14927.000000
1766633915.952923,53823.000,6666,2,EL,1,100,-14923.000000
1766633916.019918,53890.000,6683,1,EL,1,100,-14920.599609
1766633916.086412,53956.500,6699,2,EL,1,100,-14917.400391
1766633916.152907,54023.000,6699,2,EL,1,100,-14912.799805
1766633916.219902,54090.000,6717,1,EL,1,100,-14909.400391
1766633916.286396,54156.500,6731,2,EL,1,100,-14906.000000
1766633916.352891,54223.000,6731,2,EL,1,100,-14901.799805
1766633916.419885,54290.000,6750,1,EL,1,100,-14896.000000
1766633916.486380,54356.500,6767,2,EL,1,100,-14893.000000
1766633916.552875,54423.000,6767,2,EL,1,100,-14891.000000
1766633916.619869,54490.000,6784,1,EL,1,100,-14884.599609
1766633916.686364,54556.500,6798,2,EL,1,100,-14884.200195
1766633916.752858,54623.000,6798,2,EL,1,100,-14884.000000
1766633916.819853,54690.000,6822,1,EL,1,100,-14880.799805
1766633916.886348,54756.500,6839,2,EL,1,100,-14878.599609
1766633916.952842,54823.000,6839,2,EL,1,100,-14878.599609
1766633917.019837,54890.000,6858,2,EL,1,100,-14875.599609
1766633917.086832,54957.000,6858,2,EL,1,100,-14872.599609
1766633917.152826,55023.000,6874,1,EL,1,100,-14870.799805
1766633917.219821,55090.000,6890,2,EL,1,100,-14869.200195
1766633917.286815,55157.000,6890,2,EL,1,100,-14869.000000
1766633917.352810,55223.000,6906,1,EL,1,100,-14867.799805
1766633917.419805,55290.000,6923,2,EL,1,100,-14864.400391
1766633917.486799,55357.000,6923,2,EL,1,100,-14861.599609
1766633917.552794,55423.000,6940,1,EL,1,100,-14860.200195
1766633917.619788,55490.000,6955,2,EL,1,100,-14858.000000
1766633917.686783,55557.000,6955,2,EL,1,100,-14855.400391
1766633917.752778,55623.000,6971,1,EL,1,100,-14855.799805
1766633917.819272,55689.500,6989,2,EL,1,100,-14854.599609
1766633917.885767,55756.000,6989,2,EL,1,100,-14852.400391
1766633917.952761,55823.000,7005,1,EL,1,100,-14853.200195
1766633918.019256,55889.500,7020,2,EL,1,100,-14850.000000
1766633918.085751,55956.000,7020,2,EL,1,100,-14845.599609
1766633918.152745,56023.000,7036,1,EL,1,100,-14844.599609
1766633918.219240,56089.500,7054,2,EL,1,100,-14842.200195
1766633918.285734,56156.000,7054,2,EL,1,100,-14840.200195
1766633918.352729,56223.000,7070,1,EL,1,100,-14837.000000
1766633918.419224,56289.500,7085,2,EL,1,100,-14834.599609
1766633918.485718,56356.000,7085,2,EL,1,100,-14833.400391
1766633918.552713,56423.000,7102,1,EL,1,100,-14830.000000
1766633918.619208,56489.500,7119,2,EL,1,100,-14826.400391
1766633918.685702,56556.000,7119,2,EL,1,100,-14821.599609
1766633918.752697,56623.000,7135,1,EL,1,100,-14820.400391
1766633918.819191,56689.500,7152,2,EL,1,100,-14820.200195
1766633918.885686,56756.000,7152,2,EL,1,100,-14815.400391
1766633918.952681,56823.000,7169,1,EL,1,100,-14812.000000
1766633919.019175,56889.500,7186,2,EL,1,100,-14808.799805
1766633919.085670,56956.000,7186,2,EL,1,100,-14805.799805
1766633919.152664,57023.000,7203,2,EL,1,100,-14804.000000
1766633919.219659,57090.000,7203,2,EL,1,100,-14800.599609
1766633919.285654,57156.000,7220,1,EL,1,100,-14798.000000
1766633919.352648,57223.000,7234,2,EL,1,100,-14794.799805
1766633919.419643,57290.000,7234,2,EL,1,100,-14792.400391
1766633919.485637,57356.000,7251,1,EL,1,100,-14787.799805
1766633919.552632,57423.000,7268,2,EL,1,100,-14785.400391
1766633919.619627,57490.000,7268,2,EL,1,100,-14783.000000
1766633919.685621,57556.000,7285,1,EL,1,100,-14781.400391
1766633919.752616,57623.000,7299,2,EL,1,100,-14780.400391
1766633919.819610,57690.000,7299,2,EL,1,100,-14776.400391
1766633919.885605,57756.000,7317,1,EL,1,100,-14771.799805
1766633919.952600,57823.000,7333,2,EL,1,100,-14770.599609
1766633920.019594,57890.000,7333,2,EL,1,100,-14768.200195
1766633920.085589,57956.000,7350,1,EL,1,100,-14767.000000
1766633920.152584,58023.000,7365,2,EL,1,100,-14764.400391
1766633920.219578,58090.000,7365,2,EL,1,100,-14759.599609
1766633920.285573,58156.000,7382,1,EL,1,100,-14757.599609
1766633920.352567,58223.000,7398,2,EL,1,100,-14755.799805
1766633920.419562,58290.000,7398,2,EL,1,100,-14752.000000
1766633920.485557,58356.000,7415,1,EL,1,100,-14746.000000
1766633920.552551,58423.000,7431,2,EL,1,100,-14743.000000
1766633920.619546,58490.000,7431,2,EL,1,100,-14742.000000
1766633920.685540,58556.000,7447,1,EL,1,100,-14739.799805
1766633920.752535,58623.000,7463,2,EL,1,100,-14738.799805
1766633920.819530,58690.000,7463,2,EL,1,100,-14736.799805
1766633920.885524,58756.000,7481,1,EL,1,100,-14734.599609
1766633920.952519,58823.000,7496,2,EL,1,100,-14732.400391
1766633921.019513,58890.000,7496,2,EL,1,100,-14730.799805
1766633921.086008,58956.500,7512,2,EL,1,100,-14728.200195
1766633921.152503,59023.000,7512,2,EL,1,100,-14725.400391
1766633921.218497,59089.000,7529,1,EL,1,100,-14726.400391
1766633921.285492,59156.000,7546,2,EL,1,100,-14722.799805
1766633921.352487,59223.000,7546,2,EL,1,100,-14720.599609
1766633921.419481,59290.000,7562,1,EL,1,100,-14718.799805
1766633921.485976,59356.500,7578,2,EL,1,100,-14717.200195
1766633921.552470,59423.000,7578,2,EL,1,100,-14714.799805
1766633921.618465,59489.000,7594,1,EL,1,100,-14712.799805
1766633921.685460,59556.000,7611,2,EL,1,100,-14710.000000
1766633921.752454,59623.000,7611,2,EL,1,100,-14706.599609
1766633921.818449,59689.000,7627,1,EL,1,100,-14705.400391
1766633921.885443,59756.000,7648,2,EL,1,100,-14703.400391
1766633921.952438,59823.000,7648,2,EL,1,100,-14700.599609
1766633922.019433,59890.000,7664,1,EL,1,100,-14700.799805
1766633922.085927,59956.500,7681,2,EL,1,100,-14699.400391
1766633922.152422,60023.000,7681,2,EL,1,100,-14696.599609
1766633922.218416,60089.000,7698,1,EL,1,100,-14693.400391
1766633922.285411,60156.000,7713,2,EL,1,100,-14692.400391
1766633922.352406,60223.000,7713,2,EL,1,100,-14698.000000
1766633922.418400,60289.000,7729,1,EL,1,100,-14706.200195
1766633922.485395,60356.000,7747,2,EL,1,100,-14702.799805
1766633922.552389,60423.000,7747,2,EL,1,100,-14689.599609
1766633922.618384,60489.000,7763,1,EL,1,100,-14686.799805
1766633922.685379,60556.000,7781,2,EL,1,100,-14695.799805
1766633922.752373,60623.000,7781,2,EL,1,100,-14681.599609
1766633922.818868,60689.500,7797,2,EL,1,100,-14696.599609
1766633922.885363,60756.000,7797,2,EL,1,100,-14733.200195
1766633922.952357,60823.000,7814,1,EL,1,100,-14737.000000
1766633923.018852,60889.500,7830,2,EL,1,100,-14658.400391
1766633923.085346,60956.000,7830,2,EL,1,100,-14584.400391
1766633923.152341,61023.000,7847,1,EL,1,100,-14557.599609
1766633923.218836,61089.500,7862,2,EL,1,100,-14534.400391
1766633923.285330,61156.000,7862,2,EL,1,100,-14520.599609
1766633923.352325,61223.000,7879,1,EL,1,100,-14515.400391
1766633923.418819,61289.500,7895,2,EL,1,100,-14501.599609
1766633923.485314,61356.000,7895,2,EL,1,100,-14495.200195
1766633923.552309,61423.000,7913,1,EL,1,100,-14494.200195
1766633923.618803,61489.500,7929,2,EL,1,100,-14507.599609
1766633923.685298,61556.000,7929,2,EL,1,100,-14515.200195
1766633923.752292,61623.000,7946,1,EL,1,100,-14522.799805
1766633923.818787,61689.500,7963,2,EL,1,100,-14502.799805
1766633923.885282,61756.000,7963,2,EL,1,100,-14472.799805
1766633923.952276,61823.000,7982,1,EL,1,100,-14482.200195
1766633924.018771,61889.500,7996,2,EL,1,100,-14512.599609
1766633924.085265,61956.000,7996,2,EL,1,100,-14514.200195
1766633924.152260,62023.000,8013,1,EL,1,100,-14495.200195
1766633924.218755,62089.500,8030,2,EL,1,100,-14490.799805
1766633924.285249,62156.000,8030,2,EL,1,100,-14524.000000
1766633924.352244,62223.000,8047,1,EL,1,100,-14560.599609
1766633924.418739,62289.500,8061,2,EL,1,100,-14561.200195
1766633924.485233,62356.000,8061,2,EL,1,100,-14522.200195
1766633924.551228,62422.000,8081,1,EL,1,100,-14490.799805
1766633924.618222,62489.000,8098,2,EL,1,100,-14445.000000
1766633924.685217,62556.000,8098,2,EL,1,100,-14543.599609
1766633924.752212,62623.000,8115,1,EL,1,100,-14621.200195
1766633924.818706,62689.500,8133,2,EL,1,100,-14602.200195
1766633924.885201,62756.000,8133,2,EL,1,100,-14509.400391
1766633924.952195,62823.000,8149,1,EL,1,100,-14470.000000
1766633925.018690,62889.500,8165,2,EL,1,100,-14575.799805
1766633925.085185,62956.000,8165,2,EL,1,100,-14554.799805
1766633925.151679,63022.500,8185,2,EL,1,100,-14514.000000
1766633925.218174,63089.000,8185,2,EL,1,100,-14435.400391
1766633925.285168,63156.000,8201,1,EL,1,100,-14419.200195
1766633925.351663,63222.500,8216,2,EL,1,100,-14516.000000
1766633925.418158,63289.000,8216,2,EL,1,100,-14534.799805
1766633925.485152,63356.000,8234,1,EL,1,100,-14452.799805
1766633925.551647,63422.500,8252,2,EL,1,100,-14436.799805
1766633925.618142,63489.000,8252,2,EL,1,100,-14592.200195
1766633925.685136,63556.000,8268,1,EL,1,100,-14642.799805
1766633925.751631,63622.500,8285,2,EL,1,100,-14620.400391
1766633925.818125,63689.000,8285,2,EL,1,100,-14558.000000
1766633925.885120,63756.000,8302,1,EL,1,100,-14664.599609
1766633925.951615,63822.500,8319,2,EL,1,100,-14713.200195
1766633926.018109,63889.000,8319,2,EL,1,100,-14697.799805
1766633926.085104,63956.000,8337,1,EL,1,100,-14679.200195
1766633926.151598,64022.500,8355,2,EL,1,100,-14649.400391
1766633926.218093,64089.000,8355,2,EL,1,100,-14749.000000
1766633926.285088,64156.000,8371,1,EL,1,100,-14792.400391
1766633926.351582,64222.500,8388,2,EL,1,100,-14791.400391
1766633926.418077,64289.000,8388,2,EL,1,100,-14794.400391
1766633926.485071,64356.000,8406,1,EL,1,100,-14789.799805
1766633926.551566,64422.500,8424,2,EL,1,100,-14762.400391
1766633926.618061,64489.000,8424,2,EL,1,100,-14737.799805
1766633926.685055,64556.000,8440,1,EL,1,100,-14709.599609
1766633926.751550,64622.500,8457,2,EL,1,100,-14686.400391
1766633926.818044,64689.000,8457,2,EL,1,100,-14675.799805
1766633926.885039,64756.000,8474,1,EL,1,100,-14664.400391
1766633926.951534,64822.500,8490,2,EL,1,100,-14657.400391
1766633927.018028,64889.000,8490,2,EL,1,100,-14654.599609
1766633927.084523,64955.500,8510,2,EL,1,100,-14652.400391
1766633927.151018,65022.000,8510,2,EL,1,100,-14646.400391
1766633927.218012,65089.000,8528,1,EL,1,100,-14643.400391
1766633927.284507,65155.500,8544,2,EL,1,100,-14638.599609
1766633927.351002,65222.000,8544,2,EL,1,100,-14637.400391
1766633927.417996,65289.000,8561,1,EL,1,100,-14639.200195
1766633927.484491,65355.500,8576,2,EL,1,100,-14639.799805
1766633927.550985,65422.000,8576,2,EL,1,100,-14637.000000
1766633927.617980,65489.000,8593,1,EL,1,100,-14632.400391
1766633927.684474,65555.500,8609,2,EL,1,100,-14631.799805
1766633927.750969,65622.000,8609,2,EL,1,100,-14629.599609
1766633927.817964,65689.000,8626,1,EL,1,100,-14626.599609
1766633927.884458,65755.500,8641,2,EL,1,100,-14616.200195
1766633927.950953,65822.000,8641,2,EL,1,100,-14592.799805
1766633928.017947,65889.000,8658,1,EL,1,100,-14577.799805
1766633928.084442,65955.500,8674,2,EL,1,100,-14576.000000
1766633928.150937,66022.000,8674,2,EL,1,100,-14583.000000
1766633928.217931,66089.000,8692,1,EL,1,100,-14584.599609
1766633928.284426,66155.500,8706,2,EL,1,100,-14594.799805
1766633928.350921,66222.000,8706,2,EL,1,100,-14619.799805
1766633928.417915,66289.000,8723,1,EL,1,100,-14637.599609
1766633928.484410,66355.500,8740,2,EL,1,100,-14630.200195
1766633928.550905,66422.000,8740,2,EL,1,100,-14614.799805
1766633928.617899,66489.000,8757,1,EL,1,100,-14585.200195
1766633928.684394,66555.500,8771,2,EL,1,100,-14538.599609
1766633928.750888,66622.000,8771,2,EL,1,100,-14517.000000
1766633928.817883,66689.000,8790,1,EL,1,100,-14508.000000
1766633928.884377,66755.500,8809,2,EL,1,100,-14500.599609
1766633928.950872,66822.000,8809,2,EL,1,100,-14491.799805
1766633929.017867,66889.000,8826,1,EL,1,100,-14487.000000
1766633929.084361,66955.500,8841,2,EL,1,100,-14492.400391
1766633929.150856,67022.000,8841,2,EL,1,100,-14514.200195
1766633929.217350,67088.500,8858,2,EL,1,100,-14528.799805
1766633929.283845,67155.000,8858,2,EL,1,100,-14528.799805
1766633929.350840,67222.000,8874,1,EL,1,100,-14522.799805
1766633929.417334,67288.500,8891,2,EL,1,100,-14517.599609
1766633929.483829,67355.000,8891,2,EL,1,100,-14501.000000
1766633929.550823,67422.000,8908,1,EL,1,100,-14497.799805
1766633929.617318,67488.500,8923,2,EL,1,100,-14505.799805
1766633929.683813,67555.000,8923,2,EL,1,100,-14509.599609
1766633929.750807,67622.000,8941,1,EL,1,100,-14506.200195
1766633929.817302,67688.500,8959,2,EL,1,100,-14497.799805
1766633929.883797,67755.000,8959,2,EL,1,100,-14520.799805
1766633929.950791,67822.000,8975,1,EL,1,100,-14559.799805
1766633930.017286,67888.500,8990,2,EL,1,100,-14573.799805
1766633930.083781,67955.000,8990,2,EL,1,100,-14556.599609
1766633930.150775,68022.000,9006,1,EL,1,100,-14533.400391
1766633930.217270,68088.500,9026,2,EL,1,100,-14514.200195
1766633930.283764,68155.000,9026,2,EL,1,100,-14494.799805
1766633930.350759,68222.000,9042,1,EL,1,100,-14490.599609
1766633930.417253,68288.500,9057,2,EL,1,100,-14489.599609
1766633930.483748,68355.000,9057,2,EL,1,100,-14485.599609
1766633930.550743,68422.000,9074,1,EL,1,100,-14473.400391
1766633930.617237,68488.500,9091,2,EL,1,100,-14455.799805
1766633930.683732,68555.000,9091,2,EL,1,100,-14445.400391
1766633930.750726,68622.000,9107,1,EL,1,100,-14454.400391
1766633930.817221,68688.500,9123,2,EL,1,100,-14474.000000
1766633930.883716,68755.000,9123,2,EL,1,100,-14432.599609
1766633930.950710,68822.000,9139,1,EL,1,100,-14393.400391
1766633931.017205,68888.500,9158,2,EL,1,100,-14387.400391
1766633931.083699,68955.000,9158,2,EL,1,100,-14412.000000
1766633931.150694,69022.000,9174,1,EL,1,100,-14448.000000
1766633931.217189,69088.500,9191,2,EL,1,100,-14436.799805
1766633931.283683,69155.000,9191,2,EL,1,100,-14396.599609
1766633931.350678,69222.000,9206,2,EL,1,100,-14379.799805
1766633931.417673,69289.000,9206,2,EL,1,100,-14386.599609
1766633931.483667,69355.000,9225,1,EL,1,100,-14393.400391
1766633931.550162,69421.500,9242,2,EL,1,100,-14397.000000
1766633931.616657,69488.000,9242,2,EL,1,100,-14397.200195
1766633931.683651,69555.000,9259,1,EL,1,100,-14402.400391
1766633931.750146,69621.500,9273,2,EL,1,100,-14423.000000
1766633931.816640,69688.000,9273,2,EL,1,100,-14430.599609
1766633931.883635,69755.000,9291,1,EL,1,100,-14426.599609
1766633931.950130,69821.500,9307,2,EL,1,100,-14427.200195
1766633932.016624,69888.000,9307,2,EL,1,100,-14429.599609
1766633932.083619,69955.000,9326,1,EL,1,100,-14427.200195
1766633932.150280,70021.667,9345,3,EL,1,100,-14425.000000
1766633932.216941,70088.333,9345,3,EL,1,100,-14425.799805
1766633932.283602,70155.000,9345,3,EL,1,100,-14434.000000
1766633932.350597,70222.000,9361,1,EL,1,100,-14439.599609
1766633932.417092,70288.500,9376,2,EL,1,100,-14441.200195
1766633932.483586,70355.000,9376,2,EL,1,100,-14440.000000
1766633932.550581,70422.000,9393,1,EL,1,100,-14441.599609
1766633932.617076,70488.500,9412,2,EL,1,100,-14441.599609
1766633932.683570,70555.000,9412,2,EL,1,100,-14441.599609
1766633932.750065,70621.500,9428,2,EL,1,100,-14438.799805
1766633932.816560,70688.000,9428,2,EL,1,100,-14437.599609
1766633932.883554,70755.000,9446,1,EL,1,100,-14436.400391
1766633932.950049,70821.500,9462,2,EL,1,100,-14434.599609
1766633933.016543,70888.000,9462,2,EL,1,100,-14432.200195
1766633933.083538,70955.000,9479,1,EL,1,100,-14432.200195
1766633933.150033,71021.500,9496,2,EL,1,100,-14441.400391
1766633933.216527,71088.000,9496,2,EL,1,100,-14445.799805
1766633933.283522,71155.000,9513,1,EL,1,100,-14447.400391
1766633933.350016,71221.500,9527,2,EL,1,100,-14447.200195
1766633933.416511,71288.000,9527,2,EL,1,100,-14446.599609
1766633933.483505,71355.000,9544,1,EL,1,100,-14446.599609
1766633933.550000,71421.500,9561,2,EL,1,100,-14448.799805
1766633933.616495,71488.000,9561,2,EL,1,100,-14444.599609
1766633933.683489,71555.000,9578,1,EL,1,100,-14434.599609
1766633933.749984,71621.500,9594,2,EL,1,100,-14428.200195
1766633933.816478,71688.000,9594,2,EL,1,100,-14431.200195
1766633933.883473,71755.000,9612,1,EL,1,100,-14442.400391
1766633933.949968,71821.500,9630,2,EL,1,100,-14452.200195
1766633934.016462,71888.000,9630,2,EL,1,100,-14452.200195
1766633934.083457,71955.000,9647,1,EL,1,100,-14451.400391
1766633934.149952,72021.500,9662,2,EL,1,100,-14428.400391
1766633934.216446,72088.000,9662,2,EL,1,100,-14410.799805
1766633934.283441,72155.000,9681,1,EL,1,100,-14489.000000
1766633934.349936,72221.500,9697,2,EL,1,100,-14566.799805
1766633934.416430,72288.000,9697,2,EL,1,100,-14602.000000
1766633934.483425,72355.000,9715,1,EL,1,100,-14601.000000
1766633934.549919,72421.500,9732,2,EL,1,100,-14635.799805
1766633934.616414,72488.000,9732,2,EL,1,100,-14596.200195
1766633934.683408,72555.000,9749,1,EL,1,100,-14617.000000
1766633934.749903,72621.500,9766,2,EL,1,100,-14653.200195
1766633934.816398,72688.000,9766,2,EL,1,100,-14700.599609
1766633934.883392,72755.000,9786,1,EL,1,100,-14647.799805
1766633934.949887,72821.500,9801,2,EL,1,100,-14661.000000
1766633935.016382,72888.000,9801,2,EL,1,100,-14629.200195
1766633935.082876,72954.500,9818,2,EL,1,100,-14691.000000
1766633935.149371,73021.000,9818,2,EL,1,100,-14718.599609
1766633935.216365,73088.000,9835,1,EL,1,100,-14715.799805
1766633935.282860,73154.500,9856,2,EL,1,100,-14682.000000
1766633935.349355,73221.000,9856,2,EL,1,100,-14725.599609
1766633935.416349,73288.000,9872,1,EL,1,100,-14770.200195
1766633935.482844,73354.500,9890,2,EL,1,100,-14782.599609
1766633935.549338,73421.000,9890,2,EL,1,100,-14740.599609
1766633935.616333,73488.000,9909,1,EL,1,100,-14766.599609
1766633935.682828,73554.500,9928,2,EL,1,100,-14825.799805
1766633935.749322,73621.000,9928,2,EL,1,100,-14792.400391
1766633935.816317,73688.000,9944,1,EL,1,100,-14810.400391
1766633935.882812,73754.500,9962,2,EL,1,100,-14773.200195
1766633935.949306,73821.000,9962,2,EL,1,100,-14857.200195
1766633936.016301,73888.000,9978,1,EL,1,100,-14838.400391
1766633936.082795,73954.500,9997,2,EL,1,100,-14845.400391
1766633936.149290,74021.000,9997,2,EL,1,100,-14760.799805
1766633936.216285,74088.000,10015,1,EL,1,100,-14790.200195
1766633936.282779,74154.500,10030,2,EL,1,100,-14791.400391
1766633936.349274,74221.000,10030,2,EL,1,100,-14769.599609
1766633936.416268,74288.000,10048,1,EL,1,100,-14762.599609
1766633936.482763,74354.500,10066,2,EL,1,100,-14747.599609
1766633936.549258,74421.000,10066,2,EL,1,100,-14810.799805
1766633936.616252,74488.000,10084,1,EL,1,100,-14777.000000
1766633936.682747,74554.500,10100,2,EL,1,100,-14791.400391
1766633936.749241,74621.000,10100,2,EL,1,100,-14760.799805
1766633936.816236,74688.000,10115,1,EL,1,100,-14830.000000
1766633936.882731,74754.500,10133,2,EL,1,100,-14791.400391
1766633936.949225,74821.000,10133,2,EL,1,100,-14828.400391
1766633937.016220,74888.000,10150,1,EL,1,100,-14795.000000
1766633937.082715,74954.500,10166,2,EL,1,100,-14855.799805
1766633937.149209,75021.000,10166,2,EL,1,100,-14853.000000
1766633937.216204,75088.000,10184,2,EL,1,100,-14888.000000
1766633937.283198,75155.000,10184,2,EL,1,100,-14852.200195
1766633937.349193,75221.000,10210,1,EL,1,100,-14868.400391
1766633937.415688,75287.500,10226,2,EL,1,100,-14855.200195
1766633937.482182,75354.000,10226,2,EL,1,100,-14934.200195
1766633937.549177,75421.000,10246,1,EL,1,100,-14885.400391
1766633937.616171,75488.000,10260,2,EL,1,100,-14898.000000
1766633937.683166,75555.000,10260,2,EL,1,100,-14846.799805
1766633937.749161,75621.000,10277,1,EL,1,100,-14870.400391
1766633937.816155,75688.000,10296,2,EL,1,100,-14816.400391
1766633937.883150,75755.000,10296,2,EL,1,100,-14857.200195
1766633937.949144,75821.000,10313,1,EL,1,100,-14913.000000
1766633938.015639,75887.500,10332,2,EL,1,100,-14894.000000
1766633938.082134,75954.000,10332,2,EL,1,100,-14845.400391
1766633938.149128,76021.000,10348,1,EL,1,100,-14820.200195
1766633938.215623,76087.500,10365,2,EL,1,100,-14827.599609
1766633938.282117,76154.000,10365,2,EL,1,100,-14804.000000
1766633938.349112,76221.000,10382,1,EL,1,100,-14745.599609
1766633938.415607,76287.500,10397,2,EL,1,100,-14877.200195
1766633938.482101,76354.000,10397,2,EL,1,100,-14882.200195
1766633938.549096,76421.000,10416,2,EL,1,100,-14851.599609
1766633938.616091,76488.000,10416,2,EL,1,100,-14817.000000
1766633938.682085,76554.000,10432,1,EL,1,100,-14906.599609
1766633938.749080,76621.000,10449,2,EL,1,100,-14933.799805
1766633938.816074,76688.000,10449,2,EL,1,100,-14901.799805
1766633938.882069,76754.000,10468,1,EL,1,100,-14911.799805
1766633938.949064,76821.000,10485,2,EL,1,100,-14928.599609
1766633939.016058,76888.000,10485,2,EL,1,100,-14931.799805
1766633939.082053,76954.000,10504,1,EL,1,100,-14892.000000
1766633939.149047,77021.000,10522,2,EL,1,100,-14900.400391
1766633939.216042,77088.000,10522,2,EL,1,100,-14929.000000
1766633939.282037,77154.000,10538,1,EL,1,100,-14965.599609
1766633939.349031,77221.000,10557,2,EL,1,100,-14876.200195
1766633939.416026,77288.000,10557,2,EL,1,100,-14861.799805
1766633939.482020,77354.000,10573,1,EL,1,100,-14837.599609
1766633939.549015,77421.000,10593,2,EL,1,100,-14807.400391
1766633939.616009,77488.000,10593,2,EL,1,100,-14771.400391
1766633939.682004,77554.000,10610,1,EL,1,100,-14800.599609
1766633939.748999,77621.000,10625,2,EL,1,100,-14838.799805
1766633939.815993,77688.000,10625,2,EL,1,100,-14826.000000
1766633939.881988,77754.000,10642,1,EL,1,100,-14877.599609
1766633939.948983,77821.000,10659,2,EL,1,100,-14885.599609
1766633940.015977,77888.000,10659,2,EL,1,100,-14895.200195
1766633940.081972,77954.000,10675,1,EL,1,100,-14881.799805
1766633940.148967,78021.000,10691,2,EL,1,100,-14891.000000
1766633940.215961,78088.000,10691,2,EL,1,100,-14917.200195
1766633940.281956,78154.000,10709,1,EL,1,100,-14876.400391
1766633940.348950,78221.000,10726,2,EL,1,100,-14846.799805
1766633940.415945,78288.000,10726,2,EL,1,100,-14866.200195
1766633940.481940,78354.000,10744,1,EL,1,100,-14853.400391
1766633940.548934,78421.000,10761,2,EL,1,100,-14880.599609
1766633940.615929,78488.000,10761,2,EL,1,100,-14800.599609
1766633940.681923,78554.000,10776,1,EL,1,100,-14717.400391
1766633940.748918,78621.000,10793,2,EL,1,100,-14619.599609
1766633940.815912,78688.000,10793,2,EL,1,100,-14571.000000
1766633940.882407,78754.500,10810,2,EL,1,100,-14566.400391
1766633940.948902,78821.000,10810,2,EL,1,100,-14583.000000
1766633941.015896,78888.000,10827,1,EL,1,100,-14607.200195
1766633941.082391,78954.500,10841,2,EL,1,100,-14630.200195
1766633941.148886,79021.000,10841,2,EL,1,100,-14643.799805
1766633941.215880,79088.000,10859,1,EL,1,100,-14650.200195
1766633941.282375,79154.500,10875,2,EL,1,100,-14662.000000
1766633941.348870,79221.000,10875,2,EL,1,100,-14672.599609
1766633941.415864,79288.000,10892,1,EL,1,100,-14678.400391
1766633941.482359,79354.500,10907,2,EL,1,100,-14687.200195
1766633941.548853,79421.000,10907,2,EL,1,100,-14695.200195
1766633941.614848,79487.000,10924,1,EL,1,100,-14703.599609
1766633941.681843,79554.000,10940,2,EL,1,100,-14718.200195
1766633941.748837,79621.000,10940,2,EL,1,100,-14729.200195
1766633941.814832,79687.000,10959,1,EL,1,100,-14733.599609
1766633941.881826,79754.000,10974,2,EL,1,100,-14736.400391
1766633941.948821,79821.000,10974,2,EL,1,100,-14738.000000
1766633942.014816,79887.000,10991,1,EL,1,100,-14738.200195
1766633942.081810,79954.000,11007,2,EL,1,100,-14743.799805
1766633942.148805,80021.000,11007,2,EL,1,100,-14764.400391
1766633942.214799,80087.000,11025,1,EL,1,100,-14827.400391
1766633942.281794,80154.000,11039,2,EL,1,100,-14830.799805
1766633942.348788,80221.000,11039,2,EL,1,100,-14875.400391
1766633942.415283,80287.500,11061,2,EL,1,100,-15036.599609
1766633942.481778,80354.000,11061,2,EL,1,100,-15129.400391
1766633942.548772,80421.000,11078,1,EL,1,100,-15138.599609
1766633942.615267,80487.500,11095,2,EL,1,100,-15275.200195
1766633942.681762,80554.000,11095,2,EL,1,100,-15321.000000
1766633942.748756,80621.000,11113,1,EL,1,100,-15214.000000
1766633942.815251,80687.500,11129,2,EL,1,100,-15200.000000
1766633942.881746,80754.000,11129,2,EL,1,100,-15224.799805
1766633942.948740,80821.000,11145,1,EL,1,100,-15235.599609
1766633943.015235,80887.500,11162,2,EL,1,100,-15237.799805
1766633943.081729,80954.000,11162,2,EL,1,100,-15240.200195
1766633943.148724,81021.000,11178,1,EL,1,100,-15241.799805
1766633943.215219,81087.500,11196,2,EL,1,100,-15220.200195
1766633943.281713,81154.000,11196,2,EL,1,100,-15192.799805
1766633943.348708,81221.000,11212,1,EL,1,100,-15167.400391
1766633943.415202,81287.500,11229,2,EL,1,100,-15145.400391
1766633943.481697,81354.000,11229,2,EL,1,100,-15119.400391
1766633943.548692,81421.000,11246,1,EL,1,100,-15092.400391
1766633943.615186,81487.500,11261,2,EL,1,100,-15067.799805
1766633943.681681,81554.000,11261,2,EL,1,100,-15053.200195
1766633943.748675,81621.000,11277,1,EL,1,100,-15043.599609
1766633943.815170,81687.500,11295,2,EL,1,100,-15038.000000
1766633943.881665,81754.000,11295,2,EL,1,100,-15034.200195
1766633943.948659,81821.000,11313,1,EL,1,100,-15029.200195
1766633944.015154,81887.500,11329,2,EL,1,100,-15022.000000
1766633944.081649,81954.000,11329,2,EL,1,100,-15016.000000
1766633944.148143,82020.500,11345,2,EL,1,100,-15009.599609
1766633944.214638,82087.000,11345,2,EL,1,100,-15005.400391
1766633944.281632,82154.000,11362,1,EL,1,100,-14998.599609
1766633944.348127,82220.500,11378,2,EL,1,100,-14995.599609
1766633944.414622,82287.000,11378,2,EL,1,100,-14983.799805
1766633944.481616,82354.000,11395,1,EL,1,100,-14963.000000
1766633944.548111,82420.500,11410,2,EL,1,100,-14948.599609
1766633944.614605,82487.000,11410,2,EL,1,100,-14942.599609
1766633944.681600,82554.000,11427,1,EL,1,100,-14931.000000
1766633944.748095,82620.500,11443,2,EL,1,100,-14912.400391
1766633944.814589,82687.000,11443,2,EL,1,100,-14871.599609
1766633944.881584,82754.000,11461,1,EL,1,100,-14806.799805
1766633944.948078,82820.500,11475,2,EL,1,100,-14750.200195
1766633945.014573,82887.000,11475,2,EL,1,100,-14718.799805
1766633945.081568,82954.000,11492,1,EL,1,100,-14705.000000
1766633945.148062,83020.500,11509,2,EL,1,100,-14699.400391
1766633945.214557,83087.000,11509,2,EL,1,100,-14696.000000
1766633945.281551,83154.000,11526,1,EL,1,100,-14691.000000
1766633945.348046,83220.500,11540,2,EL,1,100,-14688.000000
1766633945.414541,83287.000,11540,2,EL,1,100,-14683.799805
1766633945.481535,83354.000,11557,1,EL,1,100,-14673.200195
1766633945.548030,83420.500,11574,2,EL,1,100,-14665.599609
1766633945.614525,83487.000,11574,2,EL,1,100,-14662.400391
1766633945.681519,83554.000,11591,1,EL,1,100,-14658.799805
1766633945.748014,83620.500,11605,2,EL,1,100,-14652.000000
1766633945.814508,83687.000,11605,2,EL,1,100,-14646.599609
1766633945.881503,83754.000,11623,1,EL,1,100,-14641.400391
1766633945.947998,83820.500,11639,2,EL,1,100,-14633.000000
1766633946.014492,83887.000,11639,2,EL,1,100,-14622.599609
1766633946.081487,83954.000,11656,1,EL,1,100,-14612.000000
1766633946.147981,84020.500,11672,2,EL,1,100,-14604.400391
1766633946.214476,84087.000,11672,2,EL,1,100,-14598.599609
1766633946.281471,84154.000,11688,1,EL,1,100,-14594.599609
1766633946.347965,84220.500,11704,2,EL,1,100,-14591.799805
1766633946.414460,84287.000,11704,2,EL,1,100,-14590.599609
1766633946.480954,84353.500,11722,2,EL,1,100,-14585.799805
1766633946.547449,84420.000,11722,2,EL,1,100,-14580.799805
1766633946.614444,84487.000,11738,1,EL,1,100,-14576.200195
1766633946.680938,84553.500,11753,2,EL,1,100,-14572.200195
1766633946.747433,84620.000,11753,2,EL,1,100,-14570.599609
1766633946.814427,84687.000,11769,1,EL,1,100,-14568.599609
1766633946.880922,84753.500,11787,2,EL,1,100,-14567.200195
1766633946.947417,84820.000,11787,2,EL,1,100,-14565.400391
1766633947.014411,84887.000,11803,1,EL,1,100,-14564.400391
1766633947.080906,84953.500,11818,2,EL,1,100,-14564.000000
1766633947.147401,85020.000,11818,2,EL,1,100,-14563.000000
1766633947.214395,85087.000,11835,1,EL,1,100,-14562.200195
1766633947.280890,85153.500,11852,2,EL,1,100,-14563.000000
1766633947.347384,85220.000,11852,2,EL,1,100,-14561.799805
1766633947.414379,85287.000,11868,1,EL,1,100,-14561.799805
1766633947.480874,85353.500,11889,2,EL,1,100,-14561.400391
1766633947.547368,85420.000,11889,2,EL,1,100,-14559.200195
1766633947.614363,85487.000,11905,2,EL,1,100,-14561.400391
1766633947.681357,85554.000,11905,2,EL,1,100,-14561.200195
1766633947.747352,85620.000,11922,1,EL,1,100,-14560.000000
1766633947.813847,85686.500,11939,2,EL,1,100,-14559.599609
1766633947.880341,85753.000,11939,2,EL,1,100,-14559.000000
1766633947.947336,85820.000,11956,1,EL,1,100,-14558.000000
1766633948.013830,85886.500,11970,2,EL,1,100,-14557.599609
1766633948.080325,85953.000,11970,2,EL,1,100,-14556.000000
1766633948.147320,86020.000,11987,1,EL,1,100,-14556.000000
1766633948.213814,86086.500,12004,2,EL,1,100,-14556.400391
1766633948.280309,86153.000,12004,2,EL,1,100,-14556.200195
1766633948.347304,86220.000,12021,1,EL,1,100,-14554.799805
1766633948.413798,86286.500,12035,2,EL,1,100,-14553.000000
1766633948.480293,86353.000,12035,2,EL,1,100,-14552.599609
1766633948.547287,86420.000,12053,1,EL,1,100,-14553.400391
1766633948.613782,86486.500,12069,2,EL,1,100,-14552.200195
1766633948.680277,86553.000,12069,2,EL,1,100,-14552.200195
1766633948.747271,86620.000,12086,1,EL,1,100,-14550.000000
1766633948.813766,86686.500,12101,2,EL,1,100,-14550.799805
1766633948.880260,86753.000,12101,2,EL,1,100,-14551.400391
1766633948.947255,86820.000,12120,1,EL,1,100,-14550.000000
1766633949.013750,86886.500,12136,2,EL,1,100,-14549.599609
1766633949.080244,86953.000,12136,2,EL,1,100,-14548.599609
1766633949.147239,87020.000,12153,1,EL,1,100,-14546.400391
1766633949.213733,87086.500,12169,2,EL,1,100,-14544.000000
1766633949.280228,87153.000,12169,2,EL,1,100,-14540.799805
1766633949.347223,87220.000,12185,1,EL,1,100,-14540.400391
1766633949.413717,87286.500,12201,2,EL,1,100,-14540.599609
1766633949.480212,87353.000,12201,2,EL,1,100,-14540.200195
1766633949.547206,87420.000,12219,2,EL,1,100,-14539.400391
1766633949.614201,87487.000,12219,2,EL,1,100,-14539.000000
1766633949.680196,87553.000,12235,1,EL,1,100,-14537.799805
1766633949.747190,87620.000,12250,2,EL,1,100,-14537.799805
1766633949.814185,87687.000,12250,2,EL,1,100,-14537.000000
1766633949.880180,87753.000,12267,1,EL,1,100,-14537.799805
1766633949.947174,87820.000,12284,2,EL,1,100,-14536.599609
1766633950.014169,87887.000,12284,2,EL,1,100,-14535.799805
1766633950.080163,87953.000,12300,1,EL,1,100,-14537.000000
1766633950.147158,88020.000,12316,2,EL,1,100,-14536.000000
1766633950.214153,88087.000,12316,2,EL,1,100,-14535.000000
1766633950.280147,88153.000,12332,1,EL,1,100,-14535.400391
1766633950.347142,88220.000,12349,2,EL,1,100,-14536.200195
1766633950.414136,88287.000,12349,2,EL,1,100,-14537.000000
1766633950.480131,88353.000,12365,1,EL,1,100,-14534.400391
1766633950.547126,88420.000,12381,2,EL,1,100,-14533.599609
1766633950.614120,88487.000,12381,2,EL,1,100,-14531.599609
1766633950.680115,88553.000,12397,1,EL,1,100,-14533.599609
1766633950.747109,88620.000,12414,2,EL,1,100,-14532.799805
1766633950.814104,88687.000,12414,2,EL,1,100,-14525.200195
1766633950.880099,88753.000,12431,1,EL,1,100,-14521.400391
1766633950.947093,88820.000,12446,2,EL,1,100,-14521.000000
1766633951.014088,88887.000,12446,2,EL,1,100,-14518.799805
1766633951.080082,88953.000,12462,1,EL,1,100,-14517.000000
1766633951.146577,89019.500,12480,2,EL,1,100,-14516.000000
1766633951.213072,89086.000,12480,2,EL,1,100,-14516.000000
1766633951.280066,89153.000,12496,1,EL,1,100,-14515.200195
1766633951.346561,89219.500,12512,2,EL,1,100,-14516.000000
1766633951.413056,89286.000,12512,2,EL,1,100,-14515.599609
1766633951.480050,89353.000,12528,2,EL,1,100,-14515.200195
1766633951.547045,89420.000,12528,2,EL,1,100,-14517.000000
1766633951.613039,89486.000,12545,1,EL,1,100,-14515.599609
1766633951.680034,89553.000,12561,2,EL,1,100,-14514.400391
1766633951.747029,89620.000,12561,2,EL,1,100,-14513.599609
1766633951.813023,89686.000,12578,1,EL,1,100,-14512.599609
1766633951.880018,89753.000,12593,2,EL,1,100,-14513.200195
1766633951.947012,89820.000,12593,2,EL,1,100,-14512.200195
1766633952.013007,89886.000,12610,1,EL,1,100,-14512.400391
1766633952.080002,89953.000,12626,2,EL,1,100,-14513.799805
1766633952.146996,90020.000,12626,2,EL,1,100,-14511.799805
1766633952.212991,90086.000,12644,1,EL,1,100,-14508.000000
1766633952.279985,90153.000,12658,2,EL,1,100,-14509.400391
1766633952.346980,90220.000,12658,2,EL,1,100,-14512.200195
1766633952.412975,90286.000,12675,1,EL,1,100,-14506.599609
1766633952.479969,90353.000,12692,2,EL,1,100,-14503.400391
1766633952.546964,90420.000,12692,2,EL,1,100,-14499.599609
1766633952.612959,90486.000,12714,1,EL,1,100,-14498.599609
1766633952.679953,90553.000,12728,2,EL,1,100,-14496.799805
1766633952.746948,90620.000,12728,2,EL,1,100,-14495.400391
1766633952.812943,90686.000,12745,1,EL,1,100,-14492.400391
1766633952.879937,90753.000,12762,2,EL,1,100,-14489.599609
1766633952.946932,90820.000,12762,2,EL,1,100,-14488.799805
1766633953.012926,90886.000,12779,1,EL,1,100,-14486.000000
1766633953.079921,90953.000,12793,2,EL,1,100,-14484.000000
1766633953.146915,91020.000,12793,2,EL,1,100,-14481.200195
1766633953.212910,91086.000,12811,1,EL,1,100,-14480.200195
1766633953.279905,91153.000,12827,2,EL,1,100,-14478.000000
1766633953.346899,91220.000,12827,2,EL,1,100,-14476.000000
1766633953.412894,91286.000,12844,1,EL,1,100,-14473.000000
1766633953.479888,91353.000,12860,2,EL,1,100,-14470.799805
1766633953.546883,91420.000,12860,2,EL,1,100,-14472.200195
1766633953.613378,91486.500,12876,2,EL,1,100,-14470.799805
1766633953.679872,91553.000,12876,2,EL,1,100,-14469.000000
1766633953.746867,91620.000,12892,1,EL,1,100,-14467.000000
1766633953.813361,91686.500,12910,2,EL,1,100,-14469.400391
1766633953.879856,91753.000,12910,2,EL,1,100,-14470.000000
1766633953.946851,91820.000,12928,1,EL,1,100,-14467.799805
1766633954.013345,91886.500,12943,2,EL,1,100,-14468.200195
1766633954.079840,91953.000,12943,2,EL,1,100,-14469.400391
1766633954.146835,92020.000,12959,1,EL,1,100,-14470.400391
1766633954.213329,92086.500,12977,2,EL,1,100,-14470.000000
1766633954.279824,92153.000,12977,2,EL,1,100,-14467.200195
1766633954.346818,92220.000,12993,1,EL,1,100,-14468.000000
1766633954.413313,92286.500,13008,2,EL,1,100,-14467.200195
1766633954.479808,92353.000,13008,2,EL,1,100,-14464.799805
1766633954.545802,92419.000,13025,1,EL,1,100,-14466.400391
1766633954.612797,92486.000,13042,2,EL,1,100,-14466.599609
1766633954.679791,92553.000,13042,2,EL,1,100,-14465.000000
1766633954.745786,92619.000,13058,1,EL,1,100,-14468.000000
1766633954.812781,92686.000,13074,2,EL,1,100,-14467.000000
1766633954.879775,92753.000,13074,2,EL,1,100,-14466.200195
1766633954.945770,92819.000,13090,1,EL,1,100,-14464.000000
1766633955.012764,92886.000,13107,2,EL,1,100,-14462.000000
1766633955.079759,92953.000,13107,2,EL,1,100,-14462.000000
1766633955.145754,93019.000,13123,1,EL,1,100,-14461.799805
1766633955.212748,93086.000,13139,2,EL,1,100,-14461.000000
1766633955.279743,93153.000,13139,2,EL,1,100,-14459.799805
1766633955.346737,93220.000,13155,1,EL,1,100,-14461.599609
1766633955.413232,93286.500,13172,2,EL,1,100,-14462.000000
1766633955.479727,93353.000,13172,2,EL,1,100,-14460.000000
1766633955.546221,93419.500,13189,2,EL,1,100,-14460.400391
1766633955.612716,93486.000,13189,2,EL,1,100,-14460.200195
1766633955.679711,93553.000,13206,1,EL,1,100,-14458.200195
1766633955.746205,93619.500,13220,2,EL,1,100,-14457.000000
1766633955.812700,93686.000,13220,2,EL,1,100,-14457.400391
1766633955.879694,93753.000,13238,1,EL,1,100,-14440.000000
1766633955.946189,93819.500,13254,2,EL,1,100,-14418.400391
1766633956.012684,93886.000,13254,2,EL,1,100,-14426.799805
1766633956.079678,93953.000,13271,1,EL,1,100,-14438.400391
1766633956.146173,94019.500,13288,2,EL,1,100,-14463.000000
1766633956.212667,94086.000,13288,2,EL,1,100,-14531.599609
1766633956.279662,94153.000,13305,1,EL,1,100,-14573.400391
1766633956.346157,94219.500,13321,2,EL,1,100,-14583.400391
1766633956.412651,94286.000,13321,2,EL,1,100,-14620.200195
1766633956.479646,94353.000,13338,1,EL,1,100,-14614.000000
1766633956.546140,94419.500,13353,2,EL,1,100,-14624.799805
1766633956.612635,94486.000,13353,2,EL,1,100,-14678.799805
1766633956.679630,94553.000,13370,1,EL,1,100,-14706.000000
1766633956.746124,94619.500,13386,2,EL,1,100,-14734.400391
1766633956.812619,94686.000,13386,2,EL,1,100,-14750.000000
1766633956.879614,94753.000,13406,1,EL,1,100,-14699.200195
1766633956.946108,94819.500,13420,2,EL,1,100,-14778.200195
1766633957.012603,94886.000,13420,2,EL,1,100,-14844.400391
1766633957.079597,94953.000,13437,1,EL,1,100,-14845.400391
1766633957.146092,95019.500,13456,2,EL,1,100,-14843.000000
1766633957.212587,95086.000,13456,2,EL,1,100,-14842.400391
1766633957.279581,95153.000,13473,1,EL,1,100,-14834.000000
1766633957.346076,95219.500,13490,2,EL,1,100,-14818.000000
1766633957.412570,95286.000,13490,2,EL,1,100,-14805.000000
1766633957.479565,95353.000,13506,1,EL,1,100,-14797.200195
1766633957.546060,95419.500,13523,2,EL,1,100,-14788.400391
1766633957.612554,95486.000,13523,2,EL,1,100,-14781.200195
1766633957.679049,95552.500,13540,2,EL,1,100,-14773.000000
1766633957.745543,95619.000,13540,2,EL,1,100,-14767.000000
1766633957.812538,95686.000,13561,1,EL,1,100,-14761.799805
1766633957.879033,95752.500,13577,2,EL,1,100,-14756.000000
1766633957.945527,95819.000,13577,2,EL,1,100,-14748.200195
1766633958.012522,95886.000,13593,1,EL,1,100,-14739.799805
1766633958.079016,95952.500,13610,2,EL,1,100,-14732.200195
1766633958.145511,96019.000,13610,2,EL,1,100,-14725.400391
1766633958.212506,96086.000,13627,1,EL,1,100,-14718.799805
1766633958.279000,96152.500,13642,2,EL,1,100,-14715.799805
1766633958.345495,96219.000,13642,2,EL,1,100,-14713.599609
1766633958.412490,96286.000,13658,1,EL,1,100,-14712.200195
1766633958.478984,96352.500,13678,2,EL,1,100,-14708.799805
1766633958.545479,96419.000,13678,2,EL,1,100,-14704.200195
1766633958.612473,96486.000,13694,1,EL,1,100,-14705.400391
1766633958.678968,96552.500,13709,2,EL,1,100,-14702.400391
1766633958.745463,96619.000,13709,2,EL,1,100,-14698.000000
1766633958.812457,96686.000,13725,1,EL,1,100,-14696.400391
1766633958.878952,96752.500,13745,2,EL,1,100,-14695.000000
1766633958.945446,96819.000,13745,2,EL,1,100,-14694.000000
1766633959.012441,96886.000,13761,1,EL,1,100,-14692.000000
1766633959.078936,96952.500,13776,2,EL,1,100,-14690.599609
1766633959.145430,97019.000,13776,2,EL,1,100,-14687.599609
1766633959.212425,97086.000,13793,1,EL,1,100,-14686.599609
1766633959.278919,97152.500,13810,2,EL,1,100,-14683.200195
1766633959.345414,97219.000,13810,2,EL,1,100,-14678.599609
1766633959.412409,97286.000,13826,1,EL,1,100,-14672.000000
1766633959.478903,97352.500,13842,2,EL,1,100,-14664.599609
1766633959.545398,97419.000,13842,2,EL,1,100,-14660.000000
1766633959.612393,97486.000,13858,1,EL,1,100,-14654.200195
1766633959.678887,97552.500,13875,2,EL,1,100,-14647.400391
1766633959.745382,97619.000,13875,2,EL,1,100,-14650.599609
1766633959.812376,97686.000,13893,1,EL,1,100,-14659.799805
1766633959.878871,97752.500,13910,2,EL,1,100,-14643.200195
1766633959.945366,97819.000,13910,2,EL,1,100,-14644.799805
1766633960.012360,97886.000,13925,1,EL,1,100,-14695.599609
1766633960.078855,97952.500,13942,2,EL,1,100,-14697.400391
1766633960.145350,98019.000,13942,2,EL,1,100,-14699.799805
1766633960.211844,98085.500,13959,2,EL,1,100,-14690.400391
1766633960.278339,98152.000,13959,2,EL,1,100,-14682.200195
1766633960.345333,98219.000,13976,1,EL,1,100,-14678.200195
1766633960.411828,98285.500,13990,2,EL,1,100,-14678.799805
1766633960.478323,98352.000,13990,2,EL,1,100,-14678.000000
1766633960.545317,98419.000,14008,1,EL,1,100,-14674.000000
1766633960.611812,98485.500,14026,2,EL,1,100,-14672.599609
1766633960.678306,98552.000,14026,2,EL,1,100,-14670.200195
1766633960.745301,98619.000,14043,1,EL,1,100,-14669.200195
1766633960.811795,98685.500,14058,2,EL,1,100,-14666.000000
1766633960.878290,98752.000,14058,2,EL,1,100,-14661.799805
1766633960.945285,98819.000,14075,1,EL,1,100,-14655.000000
1766633961.011779,98885.500,14091,2,EL,1,100,-14653.400391
1766633961.078274,98952.000,14091,2,EL,1,100,-14651.000000
1766633961.145269,99019.000,14108,1,EL,1,100,-14645.599609
1766633961.211763,99085.500,14123,2,EL,1,100,-14643.000000
1766633961.278258,99152.000,14123,2,EL,1,100,-14641.000000
1766633961.345253,99219.000,14140,1,EL,1,100,-14638.599609
1766633961.411747,99285.500,14156,2,EL,1,100,-14637.599609
1766633961.478242,99352.000,14156,2,EL,1,100,-14635.799805
1766633961.545236,99419.000,14174,1,EL,1,100,-14635.400391
1766633961.611731,99485.500,14188,2,EL,1,100,-14631.599609
1766633961.678226,99552.000,14188,2,EL,1,100,-14628.200195
1766633961.745220,99619.000,14205,1,EL,1,100,-14623.000000
1766633961.811715,99685.500,14222,2,EL,1,100,-14620.799805
1766633961.878209,99752.000,14222,2,EL,1,100,-14619.799805
1766633961.945204,99819.000,14239,1,EL,1,100,-14617.799805
1766633962.011698,99885.500,14254,2,EL,1,100,-14616.200195
1766633962.078193,99952.000,14254,2,EL,1,100,-14614.799805
1766633962.145188,100019.000,14270,1,EL,1,100,-14610.799805
1766633962.211682,100085.500,14287,2,EL,1,100,-14607.000000
1766633962.278177,100152.000,14287,2,EL,1,100,-14605.200195
1766633962.344671,100218.500,14306,2,EL,1,100,-14602.599609
1766633962.411166,100285.000,14306,2,EL,1,100,-14601.200195
1766633962.478161,100352.000,14322,1,EL,1,100,-14600.200195
1766633962.544655,100418.500,14338,2,EL,1,100,-14599.599609
1766633962.611150,100485.000,14338,2,EL,1,100,-14597.400391
1766633962.678145,100552.000,14354,1,EL,1,100,-14593.599609
1766633962.744639,100618.500,14371,2,EL,1,100,-14593.400391
1766633962.811134,100685.000,14371,2,EL,1,100,-14593.799805
1766633962.878129,100752.000,14393,1,EL,1,100,-14593.400391
1766633962.944623,100818.500,14408,2,EL,1,100,-14592.400391
1766633963.011118,100885.000,14408,2,EL,1,100,-14592.000000
1766633963.078112,100952.000,14424,1,EL,1,100,-14592.200195
1766633963.144607,101018.500,14444,2,EL,1,100,-14592.400391
1766633963.211102,101085.000,14444,2,EL,1,100,-14590.599609
1766633963.278096,101152.000,14460,1,EL,1,100,-14591.000000
1766633963.344591,101218.500,14475,2,EL,1,100,-14590.599609
1766633963.411085,101285.000,14475,2,EL,1,100,-14592.000000
1766633963.478080,101352.000,14491,1,EL,1,100,-14589.799805
1766633963.544574,101418.500,14509,2,EL,1,100,-14589.200195
1766633963.611069,101485.000,14509,2,EL,1,100,-14587.599609
1766633963.678064,101552.000,14527,1,EL,1,100,-14591.000000
1766633963.744558,101618.500,14542,2,EL,1,100,-14590.799805
1766633963.811053,101685.000,14542,2,EL,1,100,-14588.000000
1766633963.878048,101752.000,14559,1,EL,1,100,-14590.799805
1766633963.944542,101818.500,14580,2,EL,1,100,-14590.799805
1766633964.011037,101885.000,14580,2,EL,1,100,-14590.799805
1766633964.078032,101952.000,14596,1,EL,1,100,-14590.599609
1766633964.144526,102018.500,14613,2,EL,1,100,-14589.799805
1766633964.211021,102085.000,14613,2,EL,1,100,-14586.799805
1766633964.278015,102152.000,14628,2,EL,1,100,-14589.000000
1766633964.345010,102219.000,14628,2,EL,1,100,-14591.200195
1766633964.411005,102285.000,14645,1,EL,1,100,-14587.799805
1766633964.477499,102351.500,14662,2,EL,1,100,-14585.400391
1766633964.543994,102418.000,14662,2,EL,1,100,-14583.200195
1766633964.610988,102485.000,14679,1,EL,1,100,-14579.799805
1766633964.677483,102551.500,14693,2,EL,1,100,-14581.000000
1766633964.743978,102618.000,14693,2,EL,1,100,-14580.599609
1766633964.810972,102685.000,14710,1,EL,1,100,-14577.200195
1766633964.877467,102751.500,14729,2,EL,1,100,-14578.200195
1766633964.943961,102818.000,14729,2,EL,1,100,-14579.599609
1766633965.010956,102885.000,14746,1,EL,1,100,-14578.000000
1766633965.077451,102951.500,14760,2,EL,1,100,-14576.799805
1766633965.143945,103018.000,14760,2,EL,1,100,-14576.000000
1766633965.210940,103085.000,14778,1,EL,1,100,-14575.400391
1766633965.277434,103151.500,14794,2,EL,1,100,-14574.400391
1766633965.343929,103218.000,14794,2,EL,1,100,-14572.400391
1766633965.410924,103285.000,14811,1,EL,1,100,-14573.400391
1766633965.477418,103351.500,14826,2,EL,1,100,-14573.200195
1766633965.543913,103418.000,14826,2,EL,1,100,-14573.599609
1766633965.610908,103485.000,14845,1,EL,1,100,-14570.400391
1766633965.677402,103551.500,14861,2,EL,1,100,-14570.400391
1766633965.743897,103618.000,14861,2,EL,1,100,-14572.000000
1766633965.810891,103685.000,14878,1,EL,1,100,-14572.200195
1766633965.877386,103751.500,14893,2,EL,1,100,-14570.799805
1766633965.943881,103818.000,14893,2,EL,1,100,-14568.000000
1766633966.010875,103885.000,14910,1,EL,1,100,-14567.400391
1766633966.077370,103951.500,14926,2,EL,1,100,-14566.200195
1766633966.143864,104018.000,14926,2,EL,1,100,-14565.599609
1766633966.210859,104085.000,14944,1,EL,1,100,-14564.000000
1766633966.277354,104151.500,14959,2,EL,1,100,-14560.400391
1766633966.343848,104218.000,14959,2,EL,1,100,-14552.599609
1766633966.410843,104285.000,14977,2,EL,1,100,-14548.799805
1766633966.477837,104352.000,14977,2,EL,1,100,-14547.200195
1766633966.543832,104418.000,14994,1,EL,1,100,-14543.400391
1766633966.610826,104485.000,15011,2,EL,1,100,-14543.000000
1766633966.677821,104552.000,15011,2,EL,1,100,-14542.799805
