LocalTimestamp,EmotiBitTimestamp,PacketNumber,DataLength,TypeTag,ProtocolVersion,DataReliability,HR
1766887420.123127,48148,5914,1,HR,1,100,72.12
1766886792.869426,48588,5984,1,HR,1,100,86.40
1766885538.362023,49468,6131,1,HR,1,100,82.35
1766884684.441643,50067,6231,1,HR,1,100,86.27
1766883943.141814,50587,6316,1,HR,1,100,92.74
1766882973.749731,51267,6433,1,HR,1,100,91.74
1766882232.449902,51787,6517,1,HR,1,100,96.99
1766876625.657157,55720,7161,1,HR,1,100,78.84
1766870619.702967,59933,7842,1,HR,1,100,64.49
1766869194.126373,60933,8010,1,HR,1,100,63.50
1766867540.457524,62093,8192,1,HR,1,100,60.88
1766865811.233115,63306,8379,1,HR,1,100,58.46
1766864727.794904,64066,8511,1,HR,1,100,63.01
1766864214.587330,64426,8562,1,HR,1,100,86.05
1766862047.710907,65946,8810,1,HR,1,100,75.70
1766860451.065121,67066,8993,1,HR,1,100,70.78
1766858208.633139,68639,9261,1,HR,1,100,63.60
1766856726.033481,69679,9427,1,HR,1,100,62.29
1766855756.641397,70359,9542,1,HR,1,100,68.05
1766853988.926421,71599,9744,1,HR,1,100,63.68
1766852962.511273,72319,9862,1,HR,1,100,68.05
1766850606.033163,73972,10114,1,HR,1,100,61.06
1766849237.479633,74932,10280,1,HR,1,100,61.38
1766847015.005723,76491,10527,1,HR,1,100,56.29
1766845988.590575,77211,10645,1,HR,1,100,62.30
1766844658.527613,78144,10812,1,HR,1,100,62.95
1766843516.640761,78945,10928,1,HR,1,100,65.62
1766842491.651190,79664,11046,1,HR,1,100,69.56
1766840381.797831,81144,11277,1,HR,1,100,63.11
1766839982.636384,81424,11329,1,HR,1,100,96.71
1766839070.267364,82064,11430,1,HR,1,100,96.05
1766836494.250459,83871,11726,1,HR,1,100,82.11
1766835117.143469,84837,11894,1,HR,1,100,77.75
1766832437.059472,86717,12194,1,HR,1,100,67.57
1766821564.186789,94344,13424,1,HR,1,100,54.31
1766820995.381728,94743,13493,1,HR,1,100,75.57
1766819854.920453,95543,13625,1,HR,1,100,75.44
1766819341.712879,95903,13693,1,HR,1,100,95.72
1766813563.850944,99956,14336,1,HR,1,100,77.75
1766812765.528051,100516,14434,1,HR,1,100,84.28
1766809097.519475,103089,14849,1,HR,1,100,70.76
1766801894.080945,108142,15671,1,HR,1,100,57.68
1766801266.827244,108582,15738,1,HR,1,100,75.17
1766799091.397361,110108,15988,1,HR,1,100,67.23
1766797266.659321,111388,16208,1,HR,1,100,62.71
1766795612.990472,112548,16393,1,HR,1,100,60.27
1766791773.912704,115241,16837,1,HR,1,100,51.85
1766790918.566747,115841,16938,1,HR,1,100,62.55
1766788409.551942,117601,17219,1,HR,1,100,56.23
1766786814.331733,118720,17403,1,HR,1,100,55.64
1766785901.962713,119360,17520,1,HR,1,100,64.11
1766785157.811731,119882,17602,1,HR,1,100,75.50
1766783886.197409,120774,17741,1,HR,1,100,73.88
1766782460.620815,121774,17909,1,HR,1,100,70.79
1766781083.513825,122740,18075,1,HR,1,100,68.95
1766780627.329315,123060,18126,1,HR,1,100,95.29
1766779771.983359,123660,18229,1,HR,1,100,96.34
1766778460.452892,124580,18378,1,HR,1,100,89.42
1766776977.853235,125620,18544,1,HR,1,100,82.37
1766776065.484214,126260,18646,1,HR,1,100,84.90
1766774696.930684,127220,18810,1,HR,1,100,79.92
1766773366.867722,128153,18962,1,HR,1,100,76.65
1766772853.660148,128513,19029,1,HR,1,100,96.66
1766772169.383383,128993,19097,1,HR,1,100,102.96
1766771428.083554,129513,19180,1,HR,1,100,105.72
1766768405.861175,131633,19528,1,HR,1,100,88.51
1766767189.844340,132486,19676,1,HR,1,100,84.72
1766765365.106299,133766,19874,1,HR,1,100,76.31
1766764566.783407,134326,19975,1,HR,1,100,83.16
1766763540.368259,135046,20091,1,HR,1,100,83.20
1766761943.722474,136166,20271,1,HR,1,100,76.61
1766761374.917413,136565,20340,1,HR,1,100,92.92
1766759986.405810,137539,20490,1,HR,1,100,86.16
1766757306.321813,139419,20809,1,HR,1,100,74.11
1766756499.445461,139985,20908,1,HR,1,100,81.45
1766753876.384528,141825,21190,1,HR,1,100,70.59
1766752222.715679,142985,21388,1,HR,1,100,66.40
1766751139.277468,143745,21507,1,HR,1,100,69.19
1766750340.954575,144305,21606,1,HR,1,100,77.62
1766749581.122250,144838,21690,1,HR,1,100,86.02
1766748906.824521,145311,21774,1,HR,1,100,94.68
1766748507.663075,145591,21825,1,HR,1,100,121.26
1766747538.270991,146271,21925,1,HR,1,100,113.92
1766746568.878907,146951,22043,1,HR,1,100,108.21
1766745352.862072,147804,22175,1,HR,1,100,100.04
1766743756.216287,148924,22357,1,HR,1,100,89.71
1766742159.570502,150044,22539,1,HR,1,100,81.68
1766740962.086163,150884,22688,1,HR,1,100,79.40
1766739536.509569,151884,22854,1,HR,1,100,75.09
1766739137.348122,152164,22890,1,HR,1,100,106.02
1766737978.354352,152977,23022,1,HR,1,100,99.13
1766737579.192905,153257,23072,1,HR,1,100,124.72
1766736609.800821,153937,23189,1,HR,1,100,116.61
1766735184.224227,154937,23357,1,HR,1,100,104.03
1766734671.016653,155297,23406,1,HR,1,100,117.95
1766734043.762952,155737,23491,1,HR,1,100,122.04
1766733359.486187,156217,23558,1,HR,1,100,122.70
1766733017.347804,156457,23611,1,HR,1,100,150.99
1766731516.215651,157510,23776,1,HR,1,100,130.26
1766730831.938886,157990,23861,1,HR,1,100,129.09
1766730090.639057,158510,23944,1,HR,1,100,126.04
1766729292.316164,159070,24043,1,HR,1,100,121.84
1766728436.970208,159670,24130,1,HR,1,100,116.99
1766727638.647315,160230,24230,1,HR,1,100,114.80
1766726213.070721,161230,24379,1,HR,1,100,102.62
1766724369.800185,162523,24596,1,HR,1,100,90.23
1766722202.923762,164043,24842,1,HR,1,100,78.95
1766721575.670061,164483,24909,1,HR,1,100,91.71
1766721233.531678,164723,24961,1,HR,1,100,126.89
1766720549.254913,165203,25043,1,HR,1,100,126.47
1766719693.908957,165803,25128,1,HR,1,100,120.59
1766719296.173087,166082,25178,1,HR,1,100,141.41
1766718782.965513,166442,25247,1,HR,1,100,147.02
1766717642.504238,167242,25384,1,HR,1,100,131.02
1766716653.154081,167936,25502,1,HR,1,100,121.51
1766716139.946507,168296,25552,1,HR,1,100,131.54
1766715171.980000,168975,25668,1,HR,1,100,121.92
1766714202.587916,169655,25768,1,HR,1,100,114.43
1766713803.426470,169935,25818,1,HR,1,100,136.62
1766713290.218896,170295,25886,1,HR,1,100,143.30
1766712834.034386,170615,25939,1,HR,1,100,153.12
1766711864.642302,171295,26056,1,HR,1,100,138.70
1766711294.411664,171695,26107,1,HR,1,100,141.21
1766710553.111835,172215,26207,1,HR,1,100,135.47
1766709793.279511,172748,26291,1,HR,1,100,131.01
1766709051.979682,173268,26373,1,HR,1,100,127.54
1766707854.495343,174108,26508,1,HR,1,100,115.07
1766706257.849558,175228,26688,1,HR,1,100,101.40
1766705630.595856,175668,26773,1,HR,1,100,109.17
1766704604.180709,176388,26890,1,HR,1,100,103.43
1766703178.604115,177388,27056,1,HR,1,100,93.78
1766701734.495025,178401,27220,1,HR,1,100,86.27
1766700936.172132,178961,27305,1,HR,1,100,90.91
1766698940.364901,180361,27536,1,HR,1,100,80.23
1766697172.649924,181601,27736,1,HR,1,100,73.15
1766696545.396223,182041,27803,1,HR,1,100,87.20
1766695633.027202,182681,27904,1,HR,1,100,88.66
1766695101.287133,183054,27971,1,HR,1,100,105.99
1766694302.964240,183614,28070,1,HR,1,100,106.25
1766693675.710539,184054,28137,1,HR,1,100,112.94
1766692706.318455,184734,28254,1,HR,1,100,107.45
1766691270.762825,185741,28418,1,HR,1,100,96.91
1766689789.588743,186780,28586,1,HR,1,100,88.19
1766688306.989086,187820,28750,1,HR,1,100,81.41
1766687622.712321,188300,28835,1,HR,1,100,91.10
1766686767.366364,188900,28935,1,HR,1,100,93.08
1766686254.158790,189260,28985,1,HR,1,100,109.43
1766684999.651387,190140,29135,1,HR,1,100,100.26
1766683726.611489,191033,29284,1,HR,1,100,93.13
1766682186.988767,192113,29450,1,HR,1,100,84.78
1766680704.389110,193153,29633,1,HR,1,100,78.76
1766678765.604942,194513,29847,1,HR,1,100,71.06
1766677672.187694,195280,29980,1,HR,1,100,72.82
1766676303.634164,196240,30129,1,HR,1,100,70.52
1766674309.252509,197639,30361,1,HR,1,100,64.37
1766673148.833161,198453,30493,1,HR,1,100,66.74
1766671894.325759,199333,30642,1,HR,1,100,67.06
1766671211.474570,199812,30709,1,HR,1,100,79.93
1766670242.082486,200492,30827,1,HR,1,100,81.78
1766669557.805721,200972,30909,1,HR,1,100,91.38
1766668759.482828,201532,30995,1,HR,1,100,94.89
1766667333.906234,202532,31161,1,HR,1,100,87.13
1766665775.751017,203625,31342,1,HR,1,100,80.12
1766664236.128295,204705,31508,1,HR,1,100,74.66
1766662810.551701,205705,31672,1,HR,1,100,71.40
1766661441.998171,206665,31840,1,HR,1,100,69.42
1766660013.570424,207667,32006,1,HR,1,100,67.33
1766658572.312487,208678,32170,1,HR,1,100,65.70
1766657032.689766,209758,32336,1,HR,1,100,63.45
1766655617.092208,210751,32500,1,HR,1,100,62.68
1766654228.580605,211725,32668,1,HR,1,100,62.64
1766652803.004011,212725,32833,1,HR,1,100,62.05
1766652348.245078,213044,32885,1,HR,1,100,89.93
1766651321.829930,213764,33000,1,HR,1,100,88.47
1766649839.230272,214804,33166,1,HR,1,100,81.63
1766648413.653678,215804,33330,1,HR,1,100,76.82
1766646912.521525,216857,33498,1,HR,1,100,72.57
1766645543.967994,217817,33663,1,HR,1,100,70.33
1766644973.737357,218217,33731,1,HR,1,100,88.04
1766644118.391401,218817,33830,1,HR,1,100,90.70
1766643605.183827,219177,33881,1,HR,1,100,107.58
1766642578.768679,219897,33998,1,HR,1,100,102.19
1766642179.607233,220177,34049,1,HR,1,100,127.10
1766641210.215149,220857,34150,1,HR,1,100,118.46
1766639709.082995,221910,34333,1,HR,1,100,104.96
1766638340.529465,222870,34482,1,HR,1,100,95.52
1766636448.789325,224197,34697,1,HR,1,100,84.40
1766635422.374177,224917,34812,1,HR,1,100,84.16
1766634966.189667,225237,34865,1,HR,1,100,107.13
1766633998.223160,225916,34980,1,HR,1,100,102.93
1766633540.613073,226237,35031,1,HR,1,100,121.72
1766632572.646565,226916,35150,1,HR,1,100,114.28
1766632115.036479,227237,35201,1,HR,1,100,130.55
1766631090.046908,227956,35316,1,HR,1,100,120.06
1766629664.470314,228956,35482,1,HR,1,100,106.71
1766629075.707180,229369,35550,1,HR,1,100,116.33
1766628277.384288,229929,35648,1,HR,1,100,114.29
1766627650.130586,230369,35716,1,HR,1,100,119.20
1766626737.761566,231009,35816,1,HR,1,100,113.54
1766626224.553992,231369,35886,1,HR,1,100,125.35
1766625654.323354,231769,35953,1,HR,1,100,130.83
1766624856.000462,232329,36037,1,HR,1,100,125.56
1766621662.708891,234569,36403,1,HR,1,100,103.61
1766620617.761248,235302,36536,1,HR,1,100,99.10
1766619135.161590,236342,36702,1,HR,1,100,89.90
1766617652.561932,237382,36868,1,HR,1,100,82.74
1766616226.985338,238382,37034,1,HR,1,100,77.69
1766614915.454872,239302,37180,1,HR,1,100,74.92
1766613756.461101,240115,37313,1,HR,1,100,74.94
1766612397.886607,241068,37464,1,HR,1,100,72.17
1766611713.609842,241548,37549,1,HR,1,100,83.91
1766610744.217758,242228,37666,1,HR,1,100,84.87
1766610212.477688,242601,37717,1,HR,1,100,103.05
1766609186.062540,243321,37832,1,HR,1,100,98.67
1766607760.485946,244321,37998,1,HR,1,100,90.08
1766606277.886288,245361,38180,1,HR,1,100,82.88
1766604852.309695,246361,38331,1,HR,1,100,77.79
1766603312.686973,247441,38513,1,HR,1,100,72.85
1766601877.131343,248448,38678,1,HR,1,100,70.00
1766600394.531685,249488,38844,1,HR,1,100,67.26
1766598893.399531,250541,39008,1,HR,1,100,65.14
1766597467.822937,251541,39176,1,HR,1,100,63.99
1766596043.671920,252540,39341,1,HR,1,100,63.11
1766594665.139354,253507,39506,1,HR,1,100,62.97
1766593866.816461,254067,39590,1,HR,1,100,72.79
1766592498.262931,255027,39754,1,HR,1,100,70.50
1766591585.893910,255667,39855,1,HR,1,100,75.67
1766591015.663273,256067,39922,1,HR,1,100,92.19
1766589533.063615,257107,40090,1,HR,1,100,84.52
1766588563.671531,257787,40206,1,HR,1,100,85.35
1766587005.516314,258880,40386,1,HR,1,100,78.73
1766586492.308740,259240,40439,1,HR,1,100,98.27
1766585351.847465,260040,40572,1,HR,1,100,93.10
1766584781.616827,260440,40639,1,HR,1,100,105.74
1766583812.224743,261120,40738,1,HR,1,100,101.85
1766582956.878787,261720,40841,1,HR,1,100,101.44
1766582272.602022,262200,40924,1,HR,1,100,106.68
1766581304.635514,262879,41040,1,HR,1,100,102.58
1766580787.151211,263242,41090,1,HR,1,100,116.82
1766580325.264394,263566,41157,1,HR,1,100,132.53
1766579298.849247,264286,41275,1,HR,1,100,121.60
1766578614.572481,264766,41343,1,HR,1,100,122.35
1766577702.203461,265406,41458,1,HR,1,100,116.00
1766576315.117435,266379,41609,1,HR,1,100,104.11
1766574832.517777,267419,41790,1,HR,1,100,93.79
1766574319.310204,267779,41843,1,HR,1,100,109.99
1766573292.895056,268499,41958,1,HR,1,100,104.06
1766572038.387653,269379,42108,1,HR,1,100,96.09
1766571696.249270,269619,42141,1,HR,1,100,130.29
1766570327.695740,270579,42307,1,HR,1,100,115.23
1766568883.586650,271592,42475,1,HR,1,100,102.95
1766568370.379076,271952,42525,1,HR,1,100,117.11
1766567458.010056,272592,42641,1,HR,1,100,111.92
1766566830.756355,273032,42709,1,HR,1,100,117.35
1766566203.502654,273472,42776,1,HR,1,100,121.58
1766559114.110251,278445,43579,1,HR,1,100,97.25
1766556777.590214,280084,43844,1,HR,1,100,83.77
1766555285.011520,281131,44009,1,HR,1,100,77.97
1766554372.642500,281771,44128,1,HR,1,100,81.48
1766553745.388798,282211,44195,1,HR,1,100,93.68
1766552262.789141,283251,44359,1,HR,1,100,85.68
1766551863.627694,283531,44412,1,HR,1,100,114.26
1766550780.189483,284291,44544,1,HR,1,100,106.41
1766549393.103457,285264,44693,1,HR,1,100,96.65
1766547910.503799,286304,44857,1,HR,1,100,87.99
1766547625.388480,286504,44895,1,HR,1,100,135.11
1766547169.203970,286824,44962,1,HR,1,100,146.75
1766546370.881078,287384,45047,1,HR,1,100,137.95
1766545686.604312,287864,45128,1,HR,1,100,135.07
1766544660.189165,288584,45246,1,HR,1,100,123.57
1766543179.015084,289623,45410,1,HR,1,100,108.93
1766541961.572672,290477,45559,1,HR,1,100,100.60
1766541458.344135,290830,45611,1,HR,1,100,115.28
1766540431.928987,291550,45729,1,HR,1,100,108.18
1766540032.767540,291830,45780,1,HR,1,100,131.76
1766538949.329329,292590,45895,1,HR,1,100,120.02
1766538262.201411,293072,45980,1,HR,1,100,121.13
1766537562.243303,293563,46063,1,HR,1,100,121.99
1766536934.989602,294003,46130,1,HR,1,100,125.18
1766536022.620581,294643,46246,1,HR,1,100,118.20
1766535452.389944,295043,46298,1,HR,1,100,125.27
1766534540.020924,295683,46414,1,HR,1,100,118.26
1766534026.813350,296043,46464,1,HR,1,100,129.02
1766532943.375138,296803,46599,1,HR,1,100,117.89
1766532487.190628,297123,46652,1,HR,1,100,133.36
1766531460.775481,297843,46767,1,HR,1,100,122.24
1766531053.060575,298129,46818,1,HR,1,100,142.70
1766529855.576236,298969,46950,1,HR,1,100,126.86
1766528487.022705,299929,47116,1,HR,1,100,112.56
1766528030.838195,300249,47166,1,HR,1,100,129.21
1766526985.890552,300982,47283,1,HR,1,100,119.02
1766526529.706042,301302,47333,1,HR,1,100,134.24
1766525560.313958,301982,47436,1,HR,1,100,124.01
1766524990.083320,302382,47503,1,HR,1,100,129.79
1766523516.037122,303416,47685,1,HR,1,100,113.77
1766522756.204797,303949,47768,1,HR,1,100,114.13
1766522071.928032,304429,47853,1,HR,1,100,116.54
1766520017.672160,305870,48082,1,HR,1,100,99.90
1766518014.737046,307275,48317,1,HR,1,100,87.23
1766516703.206579,308195,48468,1,HR,1,100,82.33
1766514754.443375,309562,48683,1,HR,1,100,73.84
1766513900.522995,310161,48782,1,HR,1,100,79.65
1766512768.615180,310955,48914,1,HR,1,100,78.62
1766511267.483026,312008,49082,1,HR,1,100,73.97
1766509898.929496,312968,49246,1,HR,1,100,71.42
1766509043.583539,313568,49347,1,HR,1,100,77.77
1766507218.845499,314848,49545,1,HR,1,100,70.91
1766506192.430351,315568,49660,1,HR,1,100,73.67
1766504359.138851,316854,49877,1,HR,1,100,67.71
1766502933.562257,317854,50043,1,HR,1,100,66.00
1766501279.893408,319014,50223,1,HR,1,100,62.83
1766499664.715127,320147,50421,1,HR,1,100,60.77
1766498135.071442,321220,50587,1,HR,1,100,59.61
1766496652.471784,322260,50755,1,HR,1,100,59.18
1766495037.293503,323393,50936,1,HR,1,100,57.94
1766493668.739973,324353,51102,1,HR,1,100,58.95
1766492186.140315,325393,51267,1,HR,1,100,58.67
1766490817.586785,326353,51415,1,HR,1,100,59.52
1766489334.987127,327393,51601,1,HR,1,100,59.12
1766487888.026884,328408,51765,1,HR,1,100,59.31
1766486465.301443,329406,51913,1,HR,1,100,59.47
1766484982.701785,330446,52096,1,HR,1,100,59.07
1766483614.148255,331406,52245,1,HR,1,100,59.83
1766482131.548597,332446,52411,1,HR,1,100,59.36
1766480697.418544,333452,52578,1,HR,1,100,59.50
1766479214.818886,334492,52759,1,HR,1,100,59.10
1766477561.150037,335652,52939,1,HR,1,100,57.46
1766476459.179330,336425,53074,1,HR,1,100,62.23
1766476117.040947,336665,53109,1,HR,1,100,103.96
1766474691.464353,337665,53273,1,HR,1,100,94.19
1766473265.887759,338665,53439,1,HR,1,100,86.59
1766471783.288101,339705,53605,1,HR,1,100,80.17
1766470471.757635,340625,53754,1,HR,1,100,76.85
1766469027.648545,341638,53921,1,HR,1,100,73.10
1766467716.118078,342558,54070,1,HR,1,100,71.35
1766467145.887441,342958,54137,1,HR,1,100,88.83
1766466059.598076,343720,54253,1,HR,1,100,86.63
1766464636.872635,344718,54419,1,HR,1,100,80.71
1766463154.272978,345758,54585,1,HR,1,100,75.60
1766461881.233079,346651,54735,1,HR,1,100,73.95
1766460512.679549,347611,54900,1,HR,1,100,71.41
1766458973.056827,348691,55066,1,HR,1,100,67.88
1766457490.457169,349731,55248,1,HR,1,100,65.62
1766456578.088149,350371,55348,1,HR,1,100,71.87
1766455722.742193,350971,55447,1,HR,1,100,78.12
1766455266.557683,351291,55498,1,HR,1,100,102.43
1766454221.610039,352024,55617,1,HR,1,100,98.19
1766453708.402465,352384,55684,1,HR,1,100,113.40
1766452796.033445,353024,55783,1,HR,1,100,109.04
1766451598.549106,353864,55918,1,HR,1,100,100.68
1766451313.433787,354064,55951,1,HR,1,100,144.97
1766450743.203150,354464,56019,1,HR,1,100,146.09
1766449887.857193,355064,56119,1,HR,1,100,135.85
1766449376.075196,355423,56187,1,HR,1,100,142.70
1766448462.280599,356064,56285,1,HR,1,100,131.82
1766447018.171510,357077,56453,1,HR,1,100,115.86
1766445535.571852,358117,56618,1,HR,1,100,102.93
1766443710.833812,359397,56831,1,HR,1,100,90.47
1766442514.775049,360236,56965,1,HR,1,100,86.24
1766441089.198455,361236,57130,1,HR,1,100,80.41
1766439645.089365,362249,57298,1,HR,1,100,75.87
1766439302.950983,362489,57332,1,HR,1,100,114.57
1766439017.835664,362689,57367,1,HR,1,100,155.78
1766437877.374389,363489,57500,1,HR,1,100,137.83
1766436280.728603,364609,57681,1,HR,1,100,119.10
1766434798.128946,365649,57847,1,HR,1,100,105.46
1766433429.575415,366609,58015,1,HR,1,100,95.91
1766431814.397134,367742,58195,1,HR,1,100,86.50
1766430616.912795,368582,58328,1,HR,1,100,83.15
1766428611.126528,369989,58559,1,HR,1,100,74.20
1766427812.803635,370549,58643,1,HR,1,100,81.52
1766427128.526870,371029,58725,1,HR,1,100,91.18
1766426387.227041,371549,58812,1,HR,1,100,96.56
1766425020.099087,372508,58978,1,HR,1,100,88.99
1766423822.614748,373348,59110,1,HR,1,100,85.09
1766422111.922835,374548,59308,1,HR,1,100,77.29
1766415649.784135,379081,60046,1,HR,1,100,63.06
1766414091.628917,380174,60212,1,HR,1,100,61.40
1766412780.098451,381094,60361,1,HR,1,100,62.24
1766411582.614112,381934,60496,1,HR,1,100,64.29
1766411012.383474,382334,60563,1,HR,1,100,83.33
1766410271.083645,382854,60647,1,HR,1,100,90.46
1766409928.945263,383094,60698,1,HR,1,100,125.91
1766409187.645434,383614,60781,1,HR,1,100,123.57
1766407362.907393,384894,60979,1,HR,1,100,106.53
1766405861.775240,385947,61160,1,HR,1,100,95.68
1766404493.221710,386907,61311,1,HR,1,100,88.30
1766403694.898817,387467,61412,1,HR,1,100,92.49
1766402212.299159,388507,61576,1,HR,1,100,84.76
1766400387.561119,389787,61791,1,HR,1,100,76.34
1766399760.307417,390227,61858,1,HR,1,100,89.68
1766399057.498157,390720,61941,1,HR,1,100,97.53
1766397232.760116,392000,62160,1,HR,1,100,86.27
1766395693.137395,393080,62326,1,HR,1,100,79.44
1766394552.676120,393880,62459,1,HR,1,100,78.46
1766394153.514673,394160,62509,1,HR,1,100,108.64
1766392899.007270,395040,62641,1,HR,1,100,99.65
1766389972.298523,397093,62989,1,HR,1,100,84.04
1766387521.732358,398812,63268,1,HR,1,100,73.12
1766347843.659016,426645,2204,1,HR,1,100,57.35
1766343608.270955,429616,2696,1,HR,1,100,49.11
1766341840.555979,430856,2894,1,HR,1,100,48.95
1766341270.325341,431256,2961,1,HR,1,100,71.41
1766337944.455147,433589,3342,1,HR,1,100,61.28
1766336918.039999,434309,3457,1,HR,1,100,66.18
1766336461.855489,434629,3508,1,HR,1,100,93.14
1766336005.670979,434949,3559,1,HR,1,100,114.11
1766335378.417278,435389,3642,1,HR,1,100,119.06
1766334180.932939,436229,3775,1,HR,1,100,108.47
1766332584.287153,437349,3959,1,HR,1,100,96.27
1766328517.117131,440202,4418,1,HR,1,100,79.57
1766327604.748111,440842,4519,1,HR,1,100,82.72
1766326635.356027,441522,4637,1,HR,1,100,83.95
1766326113.594993,441888,4688,1,HR,1,100,102.33
1766324630.995335,442928,4870,1,HR,1,100,92.41
1766323205.418741,443928,5020,1,HR,1,100,85.21
1766322121.980530,444688,5152,1,HR,1,100,83.82
1766321665.796020,445008,5202,1,HR,1,100,106.86
1766320639.380872,445728,5318,1,HR,1,100,101.63
1766320183.196362,446048,5370,1,HR,1,100,120.71
1766318625.041145,447141,5554,1,HR,1,100,106.23
1766317142.441487,448181,5720,1,HR,1,100,95.45
1766315716.864893,449181,5884,1,HR,1,100,87.57
1766314006.172980,450381,6081,1,HR,1,100,79.22
1766312790.156145,451234,6216,1,HR,1,100,77.49
1766312390.994699,451514,6268,1,HR,1,100,107.89
1766311250.533424,452314,6400,1,HR,1,100,100.58
1766310110.072149,453114,6532,1,HR,1,100,94.90
1766308390.826776,454320,6730,1,HR,1,100,84.92
1766307991.665330,454600,6781,1,HR,1,100,113.67
1766306794.180991,455440,6913,1,HR,1,100,104.28
1766305425.627461,456400,7062,1,HR,1,100,95.00
1766304171.120058,457280,7214,1,HR,1,100,89.04
1766303429.820229,457800,7297,1,HR,1,100,94.89
1766302213.803394,458653,7447,1,HR,1,100,89.68
1766300902.272928,459573,7596,1,HR,1,100,84.24
1766299305.627142,460693,7777,1,HR,1,100,77.43
1766297994.096676,461613,7928,1,HR,1,100,74.71
1766296615.564110,462580,8078,1,HR,1,100,72.00
1766295989.735985,463019,8145,1,HR,1,100,86.30
1766295476.528411,463379,8212,1,HR,1,100,104.16
1766293309.651988,464899,8458,1,HR,1,100,89.79
1766291770.029266,465979,8624,1,HR,1,100,82.18
1766290439.966304,466912,8792,1,HR,1,100,78.41
1766289242.481965,467752,8924,1,HR,1,100,76.86
1766288786.297455,468072,8975,1,HR,1,100,101.45
1766287303.697797,469112,9141,1,HR,1,100,91.72
1766286220.259586,469872,9274,1,HR,1,100,88.88
1766285707.052012,470232,9324,1,HR,1,100,106.17
1766284205.919858,471285,9505,1,HR,1,100,95.40
1766282837.366328,472245,9656,1,HR,1,100,88.09
1766281126.674415,473445,9853,1,HR,1,100,79.62
1766279530.028630,474565,10037,1,HR,1,100,73.83
1766277819.336717,475765,10234,1,HR,1,100,68.54
1766276204.158436,476898,10417,1,HR,1,100,65.21
1766274778.581842,477898,10583,1,HR,1,100,64.05
1766273238.959121,478978,10764,1,HR,1,100,62.16
1766271642.313335,480098,10944,1,HR,1,100,60.25
1766269913.088927,481311,11144,1,HR,1,100,57.98
1766268554.514433,482264,11296,1,HR,1,100,58.98
1766267014.891711,483344,11460,1,HR,1,100,58.22
1766265339.839213,484519,11658,1,HR,1,100,56.78
1766264088.182964,485397,11807,1,HR,1,100,59.31
1766263460.929262,485837,11875,1,HR,1,100,76.43
1766262320.467987,486637,12009,1,HR,1,100,76.12
1766260837.868329,487677,12175,1,HR,1,100,72.02
1766259241.222544,488797,12355,1,HR,1,100,67.92
1766257740.090390,489850,12539,1,HR,1,100,65.65
1766256086.421541,491010,12719,1,HR,1,100,62.55
1766254660.844947,492010,12887,1,HR,1,100,61.99
1766253064.199162,493130,13069,1,HR,1,100,60.12
1766251449.020881,494263,13249,1,HR,1,100,58.66
1766248825.959948,496103,13545,1,HR,1,100,52.87
1766247220.760703,497229,13729,1,HR,1,100,53.03
1766246764.576193,497549,13781,1,HR,1,100,82.91
1766245795.184109,498229,13897,1,HR,1,100,84.09
1766240090.026580,502231,14541,1,HR,1,100,68.74
1766238886.839934,503075,14691,1,HR,1,100,69.34
1766228300.508147,510501,15887,1,HR,1,100,55.73
1766225677.447214,512341,16185,1,HR,1,100,50.59
1766225164.239640,512701,16235,1,HR,1,100,76.39
1766224708.055130,513021,16302,1,HR,1,100,101.08
1766224251.870620,513341,16355,1,HR,1,100,120.29
1766223795.686110,513661,16405,1,HR,1,100,135.22
1766223282.478536,514021,16456,1,HR,1,100,142.21
1766222598.201771,514501,16539,1,HR,1,100,138.39
1766221382.184936,515354,16689,1,HR,1,100,123.51
1766212525.077557,521567,17690,1,HR,1,100,98.21
1766207897.655933,524813,18199,1,HR,1,100,80.50
1766206871.240785,525533,18315,1,HR,1,100,81.13
1766206243.987084,525973,18399,1,HR,1,100,93.40
1766204343.693484,527306,18615,1,HR,1,100,82.75
1766203887.508974,527626,18666,1,HR,1,100,106.03
1766202005.747870,528946,18880,1,HR,1,100,92.57
1766198812.456299,531186,19242,1,HR,1,100,77.95
1766195382.519014,533592,19637,1,HR,1,100,66.18
1766194128.011611,534472,19787,1,HR,1,100,66.63
1766193651.869029,534806,19836,1,HR,1,100,93.49
1766192170.694948,535845,20002,1,HR,1,100,85.53
1766189661.680142,537605,20301,1,HR,1,100,74.10
1766188464.195803,538445,20433,1,HR,1,100,73.51
1766185764.153734,540339,20745,1,HR,1,100,64.26
1766183256.564505,542098,21026,1,HR,1,100,57.56
1766182002.057102,542978,21161,1,HR,1,100,59.92
1766178344.027562,545544,21591,1,HR,1,100,51.81
1766177887.843052,545864,21642,1,HR,1,100,81.97
1766176975.474032,546504,21744,1,HR,1,100,84.58
1766175869.226595,547280,21876,1,HR,1,100,83.33
1766174161.385835,548478,22062,1,HR,1,100,75.92
1766172680.211754,549517,22244,1,HR,1,100,71.87
1766168856.815329,552199,22673,1,HR,1,100,60.88
1766166959.372882,553530,22890,1,HR,1,100,57.45
1766164735.473396,555090,23152,1,HR,1,100,53.23
1766163081.804547,556250,23335,1,HR,1,100,52.89
1766161352.580138,557463,23534,1,HR,1,100,52.25
1766160269.141927,558223,23653,1,HR,1,100,58.18
1766158558.450014,559423,23850,1,HR,1,100,56.37
1766156790.735037,560663,24048,1,HR,1,100,54.59
1766155175.556756,561796,24247,1,HR,1,100,54.37
1766154320.210800,562396,24348,1,HR,1,100,64.51
1766153407.841779,563036,24447,1,HR,1,100,71.01
1766151811.195994,564156,24630,1,HR,1,100,67.13
1766147012.705179,567522,25173,1,HR,1,100,56.18
1766140996.771952,571742,25845,1,HR,1,100,46.87
1766139514.172294,572782,26026,1,HR,1,100,49.28
1766139000.964720,573142,26078,1,HR,1,100,75.36
1766138031.572636,573822,26194,1,HR,1,100,78.22
1766136548.972978,574862,26361,1,HR,1,100,73.66
1766135978.742341,575262,26428,1,HR,1,100,90.63
1766135124.821961,575861,26527,1,HR,1,100,92.71
1766134383.522132,576381,26610,1,HR,1,100,97.75
1766133622.264231,576915,26697,1,HR,1,100,101.67
1766132082.641509,577995,26877,1,HR,1,100,91.42
1766131569.433935,578355,26944,1,HR,1,100,108.14
1766130601.467428,579034,27045,1,HR,1,100,103.72
1766129175.890834,580034,27209,1,HR,1,100,94.00
1766127636.268113,581114,27392,1,HR,1,100,85.46
1766126143.689419,582161,27558,1,HR,1,100,79.29
1766124709.559365,583167,27724,1,HR,1,100,75.00
1766123169.936643,584247,27891,1,HR,1,100,70.68
1766121744.360049,585247,28055,1,HR,1,100,68.31
1766120261.760392,586287,28221,1,HR,1,100,65.95
1766118760.628238,587340,28404,1,HR,1,100,64.11
1766117278.028580,588380,28570,1,HR,1,100,62.69
1766115795.428923,589420,28734,1,HR,1,100,61.58
1766115168.175221,589860,28818,1,HR,1,100,78.20
1766114369.852329,590420,28902,1,HR,1,100,84.63
1766112887.252671,591460,29068,1,HR,1,100,78.64
1766111386.120517,592513,29250,1,HR,1,100,73.99
1766109960.543923,593513,29417,1,HR,1,100,70.88
1766108420.921202,594593,29581,1,HR,1,100,67.47
1766106938.321544,595633,29764,1,HR,1,100,65.30
1766105494.212454,596646,29930,1,HR,1,100,64.12
1766103964.568769,597719,30096,1,HR,1,100,62.22
1766103394.338131,598119,30163,1,HR,1,100,81.73
1766102481.969111,598759,30262,1,HR,1,100,84.40
1766101836.182914,599212,30346,1,HR,1,100,95.95
1766101037.860021,599772,30430,1,HR,1,100,98.43
1766099620.836887,600766,30596,1,HR,1,100,89.89
1766098005.658606,601899,30778,1,HR,1,100,81.82
1766096637.105075,602859,30928,1,HR,1,100,77.53
1766095211.528481,603859,31093,1,HR,1,100,73.63
1766093728.928823,604899,31275,1,HR,1,100,70.09
1766092304.777806,605898,31424,1,HR,1,100,67.85
1766090859.243140,606912,31590,1,HR,1,100,66.10
1766089376.643482,607952,31773,1,HR,1,100,64.23
1766087838.446337,609031,31937,1,HR,1,100,62.31
1766086351.569949,610074,32120,1,HR,1,100,61.28
1766084930.270085,611071,32269,1,HR,1,100,61.00
1766083997.942993,611725,32387,1,HR,1,100,68.27
1766082914.504781,612485,32502,1,HR,1,100,70.65
1766082411.276243,612838,32569,1,HR,1,100,91.99
1766081898.068670,613198,32620,1,HR,1,100,108.58
1766081555.930287,613438,32672,1,HR,1,100,140.01
1766078971.359922,615251,32968,1,HR,1,100,116.30
1766077659.829456,616171,33116,1,HR,1,100,104.95
1766076006.160607,617331,33301,1,HR,1,100,93.12
1766074457.984425,618417,33482,1,HR,1,100,84.77
1766072918.361704,619497,33648,1,HR,1,100,78.28
1766071539.829137,620464,33812,1,HR,1,100,74.77
1766070798.529309,620984,33896,1,HR,1,100,83.80
1766067093.455741,623583,34308,1,HR,1,100,70.30
1766065704.944138,624557,34474,1,HR,1,100,68.57
1766065077.690437,624997,34542,1,HR,1,100,83.64
1766064118.277389,625670,34657,1,HR,1,100,84.66
1766062560.122172,626763,34842,1,HR,1,100,78.19
1766061131.694424,627765,35006,1,HR,1,100,74.15
1766059832.994147,628676,35155,1,HR,1,100,72.16
1766058160.792802,629849,35336,1,HR,1,100,67.62
1766056629.723541,630923,35519,1,HR,1,100,64.94
1766055185.614451,631936,35685,1,HR,1,100,63.84
1766053760.037857,632936,35851,1,HR,1,100,62.99
1766052277.438199,633976,36016,1,HR,1,100,61.81
1766050794.838541,635016,36181,1,HR,1,100,60.90
1766049360.708488,636022,36347,1,HR,1,100,60.70
1766047935.131893,637022,36513,1,HR,1,100,60.54
1766046452.532236,638062,36679,1,HR,1,100,59.91
1766045026.955642,639062,36843,1,HR,1,100,59.93
1766043582.846552,640075,37009,1,HR,1,100,59.94
1766042100.246894,641115,37175,1,HR,1,100,59.44
1766040674.670300,642115,37341,1,HR,1,100,59.57
1766039249.093706,643115,37507,1,HR,1,100,59.66
1766037766.494048,644155,37673,1,HR,1,100,59.23
1766036322.384959,645168,37837,1,HR,1,100,59.40
1766034953.831428,646128,37987,1,HR,1,100,60.09
1766033528.254834,647128,38155,1,HR,1,100,60.07
1766032045.655176,648168,38319,1,HR,1,100,59.54
1766030678.527223,649127,38485,1,HR,1,100,60.20
1766029175.969493,650181,38649,1,HR,1,100,59.64
1766027693.369835,651221,38831,1,HR,1,100,59.21
1766026267.793241,652221,38983,1,HR,1,100,59.38
1766024843.642223,653220,39147,1,HR,1,100,59.52
1766024330.434649,653580,39214,1,HR,1,100,83.33
1766023246.996438,654340,39332,1,HR,1,100,82.36
1766021859.910412,655313,39496,1,HR,1,100,77.94
1766020377.310754,656353,39662,1,HR,1,100,73.44
1766019350.895607,657073,39780,1,HR,1,100,75.64
1766018837.688033,657433,39847,1,HR,1,100,95.87
1766018314.501423,657800,39898,1,HR,1,100,111.60
1766017288.086275,658520,40015,1,HR,1,100,105.32
1766016831.901765,658840,40082,1,HR,1,100,123.58
1766015748.463553,659600,40197,1,HR,1,100,113.66
1766014950.140661,660160,40298,1,HR,1,100,112.21
1766012441.125855,661920,40580,1,HR,1,100,94.85
1766011624.270467,662493,40679,1,HR,1,100,97.58
1766010835.926610,663046,40763,1,HR,1,100,99.71
1766008887.163406,664413,40978,1,HR,1,100,87.35
1766007746.702131,665213,41110,1,HR,1,100,84.61
1766005239.112902,666972,41409,1,HR,1,100,73.38
1765989396.680213,678085,43194,1,HR,1,100,58.28
1765947498.984114,707475,47928,1,HR,1,100,45.78
1765947156.845731,707715,47978,1,HR,1,100,91.17
1765945997.851961,708528,48110,1,HR,1,100,87.57
1765945085.482940,709168,48211,1,HR,1,100,88.95
1765942576.468135,710928,48491,1,HR,1,100,76.76
1765942063.260561,711288,48558,1,HR,1,100,96.74
1765939193.574877,713301,48888,1,HR,1,100,81.91
1765933491.268501,717301,49531,1,HR,1,100,67.04
1765927542.337374,721474,50203,1,HR,1,100,55.34
1765925660.576270,722794,50419,1,HR,1,100,53.15
1765924454.538472,723640,50551,1,HR,1,100,57.21
1765920615.460704,726333,50994,1,HR,1,100,49.47
1765915027.200455,730253,51618,1,HR,1,100,41.88
1765914000.785308,730973,51751,1,HR,1,100,51.09
1765912727.745409,731866,51887,1,HR,1,100,54.89
1765911815.376389,732506,52002,1,HR,1,100,63.53
1765910845.984305,733186,52102,1,HR,1,100,69.02
1765908793.154010,734626,52349,1,HR,1,100,62.94
1765901648.164120,739638,53152,1,HR,1,100,51.62
1765898273.824322,742005,53533,1,HR,1,100,45.80
1765897703.593685,742405,53601,1,HR,1,100,68.95
1765893475.333507,745371,54076,1,HR,1,100,58.14
1765892446.067206,746093,54192,1,HR,1,100,63.74
1765891632.062971,746664,54294,1,HR,1,100,73.38
1765890548.624759,747424,54410,1,HR,1,100,74.62
1765889864.347994,747904,54494,1,HR,1,100,85.81
1765889063.173948,748466,54595,1,HR,1,100,90.55
1765888324.725272,748984,54676,1,HR,1,100,96.07
1765887355.333189,749664,54777,1,HR,1,100,94.33
1765886728.079487,750104,54862,1,HR,1,100,103.67
1765885872.733531,750704,54961,1,HR,1,100,102.86
1765885131.433702,751224,55044,1,HR,1,100,105.64
1765884314.578313,751797,55131,1,HR,1,100,105.97
1765883687.324612,752237,55214,1,HR,1,100,112.73
1765882889.001719,752797,55299,1,HR,1,100,111.49
1765882318.771082,753197,55366,1,HR,1,100,120.05
1765881463.425125,753797,55465,1,HR,1,100,115.59
1765880779.148360,754277,55548,1,HR,1,100,117.68
1765879980.825468,754837,55633,1,HR,1,100,115.34
1765879239.525639,755357,55716,1,HR,1,100,115.35
1765878612.271937,755797,55799,1,HR,1,100,120.02
1765877870.972108,756317,55882,1,HR,1,100,118.99
1765876997.093656,756930,55985,1,HR,1,100,114.77
1765876369.839955,757370,56052,1,HR,1,100,119.57
1765875457.470935,758010,56169,1,HR,1,100,113.83
1765874773.194170,758490,56236,1,HR,1,100,116.31
1765874031.894341,759010,56319,1,HR,1,100,116.11
1765873347.617576,759490,56404,1,HR,1,100,118.08
1765871750.971790,760610,56584,1,HR,1,100,103.75
1765871066.695025,761090,56669,1,HR,1,100,108.47
1765870439.441324,761530,56736,1,HR,1,100,114.67
1765869698.141495,762050,56821,1,HR,1,100,114.83
1765868995.332234,762543,56906,1,HR,1,100,117.09
1765868197.009341,763103,57005,1,HR,1,100,114.88
1765867455.709512,763623,57088,1,HR,1,100,114.99
1765866724.388720,764136,57173,1,HR,1,100,115.08
1765865166.233502,765229,57339,1,HR,1,100,101.85
1765864481.956737,765709,57420,1,HR,1,100,106.99
1765863693.612881,766262,57521,1,HR,1,100,107.03
1765862496.128542,767102,57656,1,HR,1,100,99.12
1765861449.755322,767836,57772,1,HR,1,100,95.61
1765861107.616939,768076,57807,1,HR,1,100,129.92
1765860537.386302,768476,57875,1,HR,1,100,134.38
1765859577.973254,769149,57990,1,HR,1,100,124.13
1765859121.788744,769469,58041,1,HR,1,100,138.21
1765857563.633527,770562,58223,1,HR,1,100,119.84
1765856822.333698,771082,58308,1,HR,1,100,118.85
1765852594.073520,774048,58784,1,HR,1,100,96.94
1765851681.704499,774688,58900,1,HR,1,100,96.23
1765848545.435993,776888,59247,1,HR,1,100,80.91
1765847119.859399,777888,59413,1,HR,1,100,76.26
1765846245.980947,778501,59512,1,HR,1,100,81.54
1765845675.750309,778901,59579,1,HR,1,100,96.75
1765844820.404352,779501,59680,1,HR,1,100,97.47
1765844250.173715,779901,59747,1,HR,1,100,109.15
1765842073.318256,781428,59994,1,HR,1,100,93.66
1765840421.074983,782587,60193,1,HR,1,100,84.34
1765839679.775154,783107,60277,1,HR,1,100,91.24
1765838995.498389,783587,60344,1,HR,1,100,98.74
1765838526.483690,783916,60395,1,HR,1,100,118.47
1765837740.990986,784467,60496,1,HR,1,100,115.95
1765836714.575839,785187,60613,1,HR,1,100,108.70
1765836315.414392,785467,60664,1,HR,1,100,132.17
1765835555.582068,786000,60748,1,HR,1,100,128.44
1765834822.835698,786514,60830,1,HR,1,100,125.54
1765834024.512806,787074,60916,1,HR,1,100,121.45
1765833283.212977,787594,61000,1,HR,1,100,120.10
1765832598.936212,788074,61084,1,HR,1,100,121.19
1765831683.716038,788716,61200,1,HR,1,100,115.09
1765831221.829222,789040,61250,1,HR,1,100,131.18
1765827667.866773,791533,61646,1,HR,1,100,107.41
1765826926.566944,792053,61729,1,HR,1,100,109.18
1765825672.059541,792933,61879,1,HR,1,100,100.07
1765824645.644394,793653,61996,1,HR,1,100,96.35
1765824132.436820,794013,62063,1,HR,1,100,111.98
1765823163.044736,794693,62162,1,HR,1,100,106.70
1765822706.860226,795013,62229,1,HR,1,100,124.66
1765821281.283632,796013,62379,1,HR,1,100,110.29
1765819733.107451,797099,62561,1,HR,1,100,98.12
1765818877.761494,797699,62662,1,HR,1,100,98.54
1765817395.161836,798739,62828,1,HR,1,100,89.46
1765816938.977326,799059,62879,1,HR,1,100,111.25
1765815951.052747,799752,62994,1,HR,1,100,106.14
1765815494.868237,800072,63046,1,HR,1,100,124.22
1765814468.453089,800792,63180,1,HR,1,100,115.13
1765814077.845102,801066,63213,1,HR,1,100,137.17
1765811037.090227,803199,63560,1,HR,1,100,112.97
1765809326.398314,804399,63757,1,HR,1,100,98.98
1765808528.075422,804959,63842,1,HR,1,100,100.79
1765806761.786021,806198,64056,1,HR,1,100,89.15
1765801040.947150,810211,64698,1,HR,1,100,72.67
1765798588.955408,811931,64979,1,HR,1,100,64.27
1765798132.770898,812251,65030,1,HR,1,100,91.66
1765795662.246660,813984,65309,1,HR,1,100,79.04
1765795092.016023,814384,65376,1,HR,1,100,94.81
1765791499.563006,816904,253,1,HR,1,100,79.03
1765789086.061832,818597,532,1,HR,1,100,69.40
1765788525.810231,818990,599,1,HR,1,100,87.32
1765787955.579593,819390,666,1,HR,1,100,101.25
1765787100.233637,819990,765,1,HR,1,100,100.97
1765785141.491396,821364,980,1,HR,1,100,88.33
1765779886.816071,825050,1573,1,HR,1,100,72.33
1765779316.585433,825450,1640,1,HR,1,100,89.59
1765778404.216413,826090,1739,1,HR,1,100,90.51
1765776408.409181,827490,1973,1,HR,1,100,79.92
1765774811.763396,828610,2154,1,HR,1,100,74.07
1765773994.908008,829183,2255,1,HR,1,100,81.42
1765773481.700434,829543,2305,1,HR,1,100,100.36
1765772455.285286,830263,2437,1,HR,1,100,96.58
1765770583.503218,831576,2652,1,HR,1,100,85.22
1765767599.771407,833669,2982,1,HR,1,100,72.69
1765766811.427550,834222,3083,1,HR,1,100,80.35
1765766107.192713,834716,3166,1,HR,1,100,90.27
1765765308.869820,835276,3250,1,HR,1,100,94.02
1765764626.018632,835755,3332,1,HR,1,100,100.90
1765763827.695739,836315,3417,1,HR,1,100,102.29
1765760805.473360,838435,3763,1,HR,1,100,85.85
1765760168.240622,838882,3848,1,HR,1,100,97.07
1765759141.825475,839602,3963,1,HR,1,100,94.02
1765757830.295008,840522,4113,1,HR,1,100,87.62
1765757088.995179,841042,4196,1,HR,1,100,93.79
1765756339.141891,841568,4281,1,HR,1,100,98.59
1765755768.911253,841968,4350,1,HR,1,100,110.01
1765754286.311595,843008,4514,1,HR,1,100,98.39
1765751948.365981,844648,4778,1,HR,1,100,84.65
1765749819.980126,846141,5025,1,HR,1,100,74.85
1765745587.443218,849110,5501,1,HR,1,100,62.72
1765742559.518533,851234,5847,1,HR,1,100,55.07
1765741818.218704,851754,5930,1,HR,1,100,68.47
1765741019.895811,852314,6032,1,HR,1,100,77.07
1765740335.619046,852794,6100,1,HR,1,100,87.72
1765739708.365345,853234,6183,1,HR,1,100,98.53
1765738967.065516,853754,6266,1,HR,1,100,102.28
1765736962.704824,855160,6498,1,HR,1,100,89.07
1765734567.736147,856840,6762,1,HR,1,100,77.21
1765733066.603993,857893,6944,1,HR,1,100,72.88
1765732610.419483,858213,6996,1,HR,1,100,98.35
1765731127.819825,859253,7160,1,HR,1,100,89.31
1765729702.243231,860253,7326,1,HR,1,100,82.80
1765727981.572282,861460,7523,1,HR,1,100,75.51
1765727468.364708,861820,7574,1,HR,1,100,95.77
1765726728.490456,862339,7660,1,HR,1,100,100.13
1765724551.634997,863866,7906,1,HR,1,100,86.65
1765723921.530142,864308,7990,1,HR,1,100,97.70
1765723136.037439,864859,8074,1,HR,1,100,99.80
1765721862.997540,865752,8223,1,HR,1,100,92.77
1765720950.628520,866392,8322,1,HR,1,100,92.99
1765720320.523666,866834,8390,1,HR,1,100,102.63
1765717358.175503,868912,8738,1,HR,1,100,86.23
1765715979.642937,869879,8885,1,HR,1,100,80.96
1765715409.412299,870279,8953,1,HR,1,100,96.30
1765713242.535877,871799,9201,1,HR,1,100,83.67
1765710600.942448,873652,9499,1,HR,1,100,72.32
1765707751.214836,875651,9828,1,HR,1,100,62.92
1765706496.707433,876531,9977,1,HR,1,100,64.09
1765702941.319408,879025,10372,1,HR,1,100,55.22
1765702258.468220,879504,10456,1,HR,1,100,70.73
1765701460.145327,880064,10555,1,HR,1,100,78.82
1765700832.891625,880504,10622,1,HR,1,100,91.61
1765700091.591797,881024,10706,1,HR,1,100,96.89
1765698038.761501,882464,10939,1,HR,1,100,84.62
1765694370.752925,885037,11350,1,HR,1,100,71.02
1765693743.499223,885477,11434,1,HR,1,100,85.54
1765690721.276844,887597,11783,1,HR,1,100,72.82
1765688592.890989,889090,12012,1,HR,1,100,65.65
1765687965.637288,889530,12096,1,HR,1,100,81.36
1765687167.314395,890090,12180,1,HR,1,100,87.09
1765686254.945375,890730,12296,1,HR,1,100,88.57
1765685627.691674,891170,12363,1,HR,1,100,99.19
1765684943.414908,891650,12447,1,HR,1,100,104.93
1765684373.184271,892050,12516,1,HR,1,100,114.94
1765683688.907506,892530,12583,1,HR,1,100,117.18
1765682758.005990,893183,12699,1,HR,1,100,111.97
1765682301.821480,893503,12751,1,HR,1,100,128.76
1765681332.429396,894183,12867,1,HR,1,100,119.75
1765679963.875865,895143,13016,1,HR,1,100,107.03
1765679336.622164,895583,13083,1,HR,1,100,113.55
1765678253.183953,896343,13216,1,HR,1,100,105.86
1765676599.515104,897503,13399,1,HR,1,100,93.83
1765672418.298953,900436,13874,1,HR,1,100,77.54
1765670413.938262,901842,14105,1,HR,1,100,69.83
1765669729.661497,902322,14192,1,HR,1,100,82.09
1765667733.854265,903722,14421,1,HR,1,100,73.37
1765664636.076326,905895,14767,1,HR,1,100,63.24
1765664122.868752,906255,14816,1,HR,1,100,86.23
1765663038.004964,907016,14951,1,HR,1,100,84.61
1765661613.853947,908015,15117,1,HR,1,100,79.14
1765660986.600246,908455,15184,1,HR,1,100,91.86
1765658990.793014,909855,15413,1,HR,1,100,80.97
1765658249.493185,910375,15498,1,HR,1,100,88.62
1765657546.683924,910868,15582,1,HR,1,100,96.70
1765655275.740410,912461,15830,1,HR,1,100,83.55
1765654591.463645,912941,15914,1,HR,1,100,92.76
1765653147.354555,913954,16080,1,HR,1,100,85.48
1765652300.562058,914548,16178,1,HR,1,100,88.71
1765651787.354484,914908,16246,1,HR,1,100,106.03
1765649430.876374,916561,16511,1,HR,1,100,90.60
1765648860.645737,916961,16580,1,HR,1,100,103.80
1765646467.102635,918640,16843,1,HR,1,100,88.67
1765644813.433786,919800,17040,1,HR,1,100,80.46
1765637609.995257,924853,17844,1,HR,1,100,65.22
1765636241.441726,925813,18010,1,HR,1,100,64.62
1765635652.678593,926226,18077,1,HR,1,100,83.59
1765634911.378764,926746,18161,1,HR,1,100,90.66
1765634338.296973,927148,18230,1,HR,1,100,103.85
1765633437.332566,927780,18329,1,HR,1,100,101.60
1765632810.078865,928220,18396,1,HR,1,100,109.33
1765631879.177349,928873,18514,1,HR,1,100,105.87
1765631308.946711,929273,18582,1,HR,1,100,115.67
1765630339.554627,929953,18697,1,HR,1,100,109.58
1765629028.024161,930873,18846,1,HR,1,100,99.72
1765627090.665569,932232,19062,1,HR,1,100,87.36
1765626062.824845,932953,19179,1,HR,1,100,86.47
1765625608.065912,933272,19228,1,HR,1,100,108.92
1765624923.789146,933752,19313,1,HR,1,100,112.49
1765624048.485118,934366,19414,1,HR,1,100,109.72
1765623307.185289,934886,19497,1,HR,1,100,110.98
1765622565.885460,935406,19580,1,HR,1,100,111.96
1765621824.585631,935926,19663,1,HR,1,100,112.72
1765621141.734442,936405,19748,1,HR,1,100,115.45
1765620400.434613,936925,19833,1,HR,1,100,115.43
1765619944.250103,937245,19884,1,HR,1,100,131.45
1765618518.673509,938245,20050,1,HR,1,100,115.57
1765617016.115779,939299,20231,1,HR,1,100,102.71
1765616105.172336,939938,20332,1,HR,1,100,100.72
1765615534.941698,940338,20399,1,HR,1,100,111.67
1765614565.549614,941018,20498,1,HR,1,100,106.46
1765613311.042212,941898,20649,1,HR,1,100,97.95
1765612683.788510,942338,20733,1,HR,1,100,106.49
1765611714.396426,943018,20834,1,HR,1,100,102.43
1765611315.234980,943298,20885,1,HR,1,100,127.29
1765609879.679350,944305,21050,1,HR,1,100,112.34
1765607476.157212,945991,21314,1,HR,1,100,95.31
1765606563.788192,946631,21412,1,HR,1,100,94.96
1765605480.349980,947391,21548,1,HR,1,100,91.40
1765604796.073215,947871,21631,1,HR,1,100,98.87
1765604111.796450,948351,21699,1,HR,1,100,104.68
1765603123.871871,949044,21816,1,HR,1,100,101.02
1765601641.272213,950084,21980,1,HR,1,100,91.39
1765597421.565494,953044,22474,1,HR,1,100,75.59
1765596851.334857,953444,22541,1,HR,1,100,92.12
1765594447.812719,955130,22804,1,HR,1,100,79.59
1765592623.074679,956410,23021,1,HR,1,100,72.32
1765589704.919391,958457,23351,1,HR,1,100,62.78
1765588203.787237,959510,23517,1,HR,1,100,61.65
1765587358.420317,960103,23616,1,HR,1,100,70.17
1765586617.120488,960623,23699,1,HR,1,100,80.22
1765585932.843723,961103,23784,1,HR,1,100,90.17
1765585305.590022,961543,23867,1,HR,1,100,100.44
1765584488.734633,962116,23954,1,HR,1,100,101.93
1765583063.158039,963116,24118,1,HR,1,100,92.61
1765582093.765955,963796,24235,1,HR,1,100,91.64
1765581466.512254,964236,24302,1,HR,1,100,101.58
1765579983.912596,965276,24468,1,HR,1,100,91.82
1765577627.434486,966929,24732,1,HR,1,100,79.55
1765577057.203849,967329,24802,1,HR,1,100,95.21
1765576325.883056,967842,24883,1,HR,1,100,99.69
1765575527.560163,968402,24984,1,HR,1,100,101.35
1765573967.979369,969496,25165,1,HR,1,100,91.17
1765565236.322731,975621,26150,1,HR,1,100,73.09
1765564437.999838,976181,26233,1,HR,1,100,80.66
1765563049.488236,977155,26399,1,HR,1,100,76.62
1765560996.657940,978595,26630,1,HR,1,100,68.85
1765556369.236316,981841,27154,1,HR,1,100,57.67
1765553689.152319,983721,27470,1,HR,1,100,51.94
1765553118.921682,984121,27537,1,HR,1,100,73.74
1765551560.766464,985214,27703,1,HR,1,100,69.70
1765543958.166488,990547,28572,1,HR,1,100,56.71
1765542532.589894,991547,28738,1,HR,1,100,57.44
1765542019.382320,991907,28788,1,HR,1,100,81.72
1765540878.921045,992707,28923,1,HR,1,100,80.22
1765539283.700837,993826,29104,1,HR,1,100,74.30
1765538770.493263,994186,29171,1,HR,1,100,94.83
1765537391.960696,995153,29320,1,HR,1,100,87.64
1765535681.268783,996353,29518,1,HR,1,100,79.28
1765534368.312740,997274,29669,1,HR,1,100,76.15
1765531043.868123,999606,30047,1,HR,1,100,64.98
1765529561.268465,1000646,30211,1,HR,1,100,63.36
1765527850.576552,1001846,30409,1,HR,1,100,60.39
1765526292.421335,1002939,30594,1,HR,1,100,59.32
1765524638.752486,1004099,30775,1,HR,1,100,57.63
1765523954.475721,1004579,30859,1,HR,1,100,72.60
1765522862.484050,1005345,30975,1,HR,1,100,74.01
1765522064.161157,1005905,31075,1,HR,1,100,81.37
1765519562.274235,1007660,31357,1,HR,1,100,70.87
1765516467.347449,1009831,31702,1,HR,1,100,61.29
1765514927.724728,1010911,31883,1,HR,1,100,60.02
1765513388.102006,1011991,32068,1,HR,1,100,59.02
1765511838.500248,1013078,32232,1,HR,1,100,58.25
1765510298.877527,1014158,32415,1,HR,1,100,57.65
1765508740.722309,1015251,32595,1,HR,1,100,57.19
1765507144.076524,1016371,32777,1,HR,1,100,56.38
1765505614.432839,1017444,32961,1,HR,1,100,56.20
1765504056.277622,1018537,33125,1,HR,1,100,56.06
1765502516.654900,1019617,33308,1,HR,1,100,55.95
1765502013.426362,1019970,33358,1,HR,1,100,80.55
1765500967.053142,1020704,33491,1,HR,1,100,81.17
1765499427.430421,1021784,33655,1,HR,1,100,75.48
1765497889.233276,1022863,33840,1,HR,1,100,71.05
1765496406.633618,1023903,34004,1,HR,1,100,68.08
1765494914.054924,1024950,34186,1,HR,1,100,65.77
1765493374.432202,1026030,34353,1,HR,1,100,63.50
1765491777.786417,1027150,34536,1,HR,1,100,61.30
1765490219.631200,1028243,34716,1,HR,1,100,60.02
1765488737.031542,1029283,34882,1,HR,1,100,59.50
1765487131.832297,1030409,35064,1,HR,1,100,58.18
1765485592.209576,1031489,35246,1,HR,1,100,57.60
1765483995.563790,1032609,35429,1,HR,1,100,56.70
1765482455.941069,1033689,35595,1,HR,1,100,56.45
1765480916.318347,1034769,35776,1,HR,1,100,56.25
1765479358.163130,1035862,35957,1,HR,1,100,56.10
1765477761.517344,1036982,36139,1,HR,1,100,55.54
1765476221.894623,1038062,36323,1,HR,1,100,55.54
1765474625.248838,1039182,36503,1,HR,1,100,55.10
1765472971.579988,1040342,36686,1,HR,1,100,54.35
1765471413.424771,1041435,36867,1,HR,1,100,54.62
1765469873.802050,1042515,37035,1,HR,1,100,54.83
1765468334.179328,1043595,37216,1,HR,1,100,54.99
1765466737.533543,1044715,37397,1,HR,1,100,54.67
1765465199.336398,1045794,37564,1,HR,1,100,54.87
1765458566.128506,1050447,38319,1,HR,1,100,45.55
1765453633.633491,1053907,38880,1,HR,1,100,39.30
1765447475.142604,1058227,39586,1,HR,1,100,33.66
1765433059.712085,1068339,41209,1,HR,1,100,27.50
1765430835.812599,1069899,41473,1,HR,1,100,29.94
1765428611.913112,1071459,41719,1,HR,1,100,31.83
1765427872.038860,1071978,41803,1,HR,1,100,50.40
1765426141.388875,1073192,42003,1,HR,1,100,50.31
1765424772.835344,1074152,42169,1,HR,1,100,53.02
1765406033.631016,1087297,44283,1,HR,1,100,42.25
1765401396.230356,1090550,44809,1,HR,1,100,36.98
1765398659.123295,1092470,45124,1,HR,1,100,35.71
1765393442.938537,1096129,45713,1,HR,1,100,31.43
1765373895.432280,1109841,47926,1,HR,1,100,25.42
1765373154.132451,1110361,48010,1,HR,1,100,45.42
1765372983.063260,1110481,48027,1,HR,1,100,146.44
1765370749.184737,1112048,48275,1,HR,1,100,122.44
1765369608.723462,1112848,48410,1,HR,1,100,111.90
1765368525.285250,1113608,48542,1,HR,1,100,104.58
1765367384.823975,1114408,48674,1,HR,1,100,98.00
1765365846.626830,1115487,48841,1,HR,1,100,88.57
1765365674.132062,1115608,48857,1,HR,1,100,180.00
1765362918.492506,1117541,49189,1,HR,1,100,146.95
1765361323.272297,1118660,49370,1,HR,1,100,126.19
1765358110.022654,1120914,49732,1,HR,1,100,104.10
1765354633.041342,1123353,50127,1,HR,1,100,86.43
1765352009.980408,1125193,50424,1,HR,1,100,74.47
1765350679.917446,1126126,50573,1,HR,1,100,72.41
1765347999.833449,1128006,50869,1,HR,1,100,63.41
1765346688.302983,1128926,51035,1,HR,1,100,63.82
1765342278.994578,1132019,51527,1,HR,1,100,53.96
1765338458.449306,1134699,51955,1,HR,1,100,46.95
1765337717.149477,1135219,52055,1,HR,1,100,62.15
1765327711.027363,1142238,53188,1,HR,1,100,50.25
1765326627.589152,1142998,53304,1,HR,1,100,56.63
1765322959.580575,1145571,53731,1,HR,1,100,49.25
1765318454.758538,1148731,54226,1,HR,1,100,42.52
1765313361.173368,1152304,54817,1,HR,1,100,36.82
1765309807.210919,1154797,55210,1,HR,1,100,34.01
1765303469.097382,1159243,55934,1,HR,1,100,29.46
1765302442.682234,1159963,56049,1,HR,1,100,41.43
1765301644.359341,1160523,56150,1,HR,1,100,56.03
1765297862.304637,1163176,56578,1,HR,1,100,48.63
1765292255.511893,1167109,57201,1,HR,1,100,41.23
1765285451.234810,1171882,57972,1,HR,1,100,34.87
1765284938.027236,1172242,58042,1,HR,1,100,64.16
1765284310.773535,1172682,58110,1,HR,1,100,80.20
1765281573.666474,1174602,58421,1,HR,1,100,69.32
1765279689.054217,1175924,58636,1,HR,1,100,64.02
1765274029.515138,1179894,59277,1,HR,1,100,53.16
1765272775.007735,1180774,59424,1,HR,1,100,56.50
1765272033.707907,1181294,59508,1,HR,1,100,69.58
1765270703.644944,1182227,59660,1,HR,1,100,68.61
1765269392.114478,1183147,59808,1,HR,1,100,67.86
1765263329.137223,1187400,60497,1,HR,1,100,55.92
1765260087.376049,1189674,60859,1,HR,1,100,49.34
1765258985.405341,1190447,60991,1,HR,1,100,55.92
1765257160.667301,1191727,61189,1,HR,1,100,53.91
1765253056.432287,1194606,61667,1,HR,1,100,46.56
1765251783.392388,1195499,61816,1,HR,1,100,51.37
1765249730.562093,1196939,62047,1,HR,1,100,49.21
1765248761.170009,1197619,62165,1,HR,1,100,57.88
1765248133.916308,1198059,62232,1,HR,1,100,75.32
1765245967.039885,1199579,62478,1,HR,1,100,67.36
1765245207.207560,1200112,62562,1,HR,1,100,78.03
1765244408.884667,1200672,62663,1,HR,1,100,84.50
1765243781.630966,1201112,62730,1,HR,1,100,96.03
1765243154.377265,1201552,62798,1,HR,1,100,104.99
1765242641.169691,1201912,62865,1,HR,1,100,118.70
1765241557.731479,1202672,62982,1,HR,1,100,109.86
1765241101.546969,1202992,63049,1,HR,1,100,127.12
1765239847.039567,1203872,63182,1,HR,1,100,114.02
1765239504.901184,1204112,63233,1,HR,1,100,144.24
1765238877.647483,1204552,63302,1,HR,1,100,142.49
1765238079.324590,1205112,63401,1,HR,1,100,134.63
1765236977.353883,1205885,63516,1,HR,1,100,122.26
1765231779.701621,1209531,64110,1,HR,1,100,98.75
1765228757.479242,1211651,64454,1,HR,1,100,83.10
1765227388.925711,1212611,64606,1,HR,1,100,78.52
1765225716.724367,1213784,64803,1,HR,1,100,72.56
1765224234.124709,1214824,64970,1,HR,1,100,69.26
1765222751.525051,1215864,65134,1,HR,1,100,66.69
1765221154.879266,1216984,65316,1,HR,1,100,63.77
1765219615.256544,1218064,65499,1,HR,1,100,61.95
1765218065.654786,1219151,144,1,HR,1,100,60.53
1765216926.619088,1219950,262,1,HR,1,100,63.74
1765216470.434578,1220270,329,1,HR,1,100,91.25
1765214910.853784,1221364,493,1,HR,1,100,83.31
1765213600.748894,1222283,644,1,HR,1,100,79.29
1765212061.126172,1223363,826,1,HR,1,100,74.02
1765210749.595706,1224283,974,1,HR,1,100,72.06
1765209894.249749,1224883,1075,1,HR,1,100,78.27
1765209209.972984,1225363,1159,1,HR,1,100,88.66
1765207879.910022,1226296,1308,1,HR,1,100,83.45
1765207601.922586,1226491,1343,1,HR,1,100,131.57
1765206120.748505,1227530,1511,1,HR,1,100,115.15
1765204619.616351,1228583,1677,1,HR,1,100,102.38
1765203137.016694,1229623,1841,1,HR,1,100,92.45
1765200114.794314,1231743,2185,1,HR,1,100,78.20
1765198575.171593,1232823,2371,1,HR,1,100,73.16
1765198006.366532,1233222,2438,1,HR,1,100,90.24
1765197074.039439,1233876,2537,1,HR,1,100,91.02
1765195591.439781,1234916,2718,1,HR,1,100,83.61
1765195135.255271,1235236,2770,1,HR,1,100,106.70
1765194281.334892,1235835,2869,1,HR,1,100,105.21
1765193595.632550,1236316,2936,1,HR,1,100,109.61
1765192912.781361,1236795,3019,1,HR,1,100,113.03
1765192114.458469,1237355,3122,1,HR,1,100,111.72
1765191088.043321,1238075,3238,1,HR,1,100,105.41
1765190574.835747,1238435,3288,1,HR,1,100,119.03
1765189585.485591,1239129,3406,1,HR,1,100,112.18
1765188104.311510,1240168,3570,1,HR,1,100,100.07
1765187420.034745,1240648,3654,1,HR,1,100,105.61
1765186735.757979,1241128,3738,1,HR,1,100,109.92
1765186450.642661,1241328,3772,1,HR,1,100,152.16
1765185937.435087,1241688,3824,1,HR,1,100,155.39
1765185253.158322,1242168,3909,1,HR,1,100,148.63
1765184911.019939,1242408,3944,1,HR,1,100,171.16
1765184397.812365,1242768,4011,1,HR,1,100,170.16
1765183770.558664,1243208,4079,1,HR,1,100,162.65
1765182098.357319,1244381,4276,1,HR,1,100,138.00
1765180615.757661,1245421,4442,1,HR,1,100,120.15
1765177992.696728,1247261,4741,1,HR,1,100,100.70
1765177137.350772,1247861,4840,1,HR,1,100,100.54
1765176167.958688,1248541,4958,1,HR,1,100,97.81
1765174780.872662,1249514,5104,1,HR,1,100,89.96
1765173241.249940,1250594,5288,1,HR,1,100,82.31
1765171815.673346,1251594,5452,1,HR,1,100,77.36
1765171359.488836,1251914,5504,1,HR,1,100,101.83
1765170219.027561,1252714,5638,1,HR,1,100,95.87
1765168793.450967,1253714,5802,1,HR,1,100,87.90
1765168214.666870,1254120,5869,1,HR,1,100,101.70
1765167245.274786,1254800,5970,1,HR,1,100,98.71
1765163577.266209,1257373,6399,1,HR,1,100,81.98
1765161239.320595,1259013,6662,1,HR,1,100,71.89
1765159699.697874,1260093,6827,1,HR,1,100,68.26
1765157589.844514,1261573,7075,1,HR,1,100,62.10
1765156734.498558,1262173,7175,1,HR,1,100,70.52
1765156259.781552,1262506,7227,1,HR,1,100,96.52
1765155233.366405,1263226,7344,1,HR,1,100,93.59
1765153807.789810,1264226,7510,1,HR,1,100,86.12
1765153180.536109,1264666,7592,1,HR,1,100,97.29
1765152610.305471,1265066,7659,1,HR,1,100,109.00
1765151811.982579,1265626,7743,1,HR,1,100,108.59
1765150785.567431,1266346,7860,1,HR,1,100,102.98
1765150272.359857,1266706,7927,1,HR,1,100,117.13
1765149408.460441,1267312,8014,1,HR,1,100,113.32
1765147925.860783,1268352,8194,1,HR,1,100,100.96
1765146386.238062,1269432,8360,1,HR,1,100,90.87
1765145930.053552,1269752,8411,1,HR,1,100,112.34
1765144999.152036,1270405,8526,1,HR,1,100,108.21
1765144200.829143,1270965,8611,1,HR,1,100,107.97
1765143117.390932,1271725,8743,1,HR,1,100,101.52
1765142147.998848,1272405,8861,1,HR,1,100,98.57
1765141007.537573,1273205,8978,1,HR,1,100,93.33
1765139867.076297,1274005,9111,1,HR,1,100,89.26
1765139182.799532,1274485,9194,1,HR,1,100,97.20
1765138612.568895,1274885,9264,1,HR,1,100,108.93
1765137738.690443,1275498,9362,1,HR,1,100,106.95
1765136085.021593,1276658,9548,1,HR,1,100,94.68
1765135286.698701,1277218,9649,1,HR,1,100,97.45
1765133690.052915,1278338,9831,1,HR,1,100,87.70
1765132435.545513,1279218,9979,1,HR,1,100,83.36
1765131922.337939,1279578,10031,1,HR,1,100,101.87
1765130991.436423,1280231,10147,1,HR,1,100,100.07
1765129337.767574,1281391,10327,1,HR,1,100,89.32
1765128482.421618,1281991,10428,1,HR,1,100,91.70
1765127798.144852,1282471,10514,1,HR,1,100,99.10
1765126030.429876,1283711,10716,1,HR,1,100,87.83
1765125175.083919,1284311,10816,1,HR,1,100,90.53
1765121792.190662,1286684,11193,1,HR,1,100,76.06
1765120081.498749,1287884,11393,1,HR,1,100,70.27
1765118999.486114,1288643,11510,1,HR,1,100,72.20
1765117516.886456,1289683,11691,1,HR,1,100,68.98
1765116014.328726,1290737,11857,1,HR,1,100,66.47
1765114419.108517,1291856,12038,1,HR,1,100,63.60
1765112935.083283,1292897,12206,1,HR,1,100,62.29
1765111453.909202,1293936,12370,1,HR,1,100,61.27
1765109857.263416,1295056,12553,1,HR,1,100,59.56
1765108242.085135,1296189,12751,1,HR,1,100,58.23
1765106768.038937,1297223,12917,1,HR,1,100,58.11
1765105209.883720,1298316,13099,1,HR,1,100,57.54
1765103727.284062,1299356,13263,1,HR,1,100,57.57
1765102301.707468,1300356,13429,1,HR,1,100,58.11
1765100762.084747,1301436,13595,1,HR,1,100,57.55
1765099279.485089,1302476,13778,1,HR,1,100,57.58
1765097778.352935,1303529,13945,1,HR,1,100,57.60
1765096295.753277,1304569,14109,1,HR,1,100,57.62
1765094700.533069,1305688,14291,1,HR,1,100,56.72
1765093274.956475,1306688,14455,1,HR,1,100,57.45
1765091735.333753,1307768,14623,1,HR,1,100,57.03
1765090346.822150,1308742,14789,1,HR,1,100,58.25
1765088760.155401,1309855,14970,1,HR,1,100,57.21
1765087202.000184,1310948,15151,1,HR,1,100,56.84
1765085662.377462,1312028,15317,1,HR,1,100,56.55
1765084179.777805,1313068,15500,1,HR,1,100,56.81
1765082754.201211,1314068,15649,1,HR,1,100,57.52
1765081157.555425,1315188,15832,1,HR,1,100,56.64
1765079713.446336,1316201,15996,1,HR,1,100,57.39
1765078173.823614,1317281,16181,1,HR,1,100,56.98
1765076691.223956,1318321,16345,1,HR,1,100,57.14
1765075267.072939,1319320,16511,1,HR,1,100,57.77
1765073727.450217,1320400,16692,1,HR,1,100,57.28
1765072224.892487,1321454,16858,1,HR,1,100,57.37
1765070752.271866,1322487,17024,1,HR,1,100,57.44
1765069194.116648,1323580,17207,1,HR,1,100,57.02
1765067721.496027,1324613,17371,1,HR,1,100,57.17
1765066220.363873,1325666,17554,1,HR,1,100,57.29
1765065022.879534,1326506,17686,1,HR,1,100,60.43
1765063255.164557,1327746,17886,1,HR,1,100,57.75
1765061715.541836,1328826,18052,1,HR,1,100,57.27
1765060175.919114,1329906,18232,1,HR,1,100,56.89
1765058674.786961,1330959,18414,1,HR,1,100,57.06
1765057306.233431,1331919,18563,1,HR,1,100,58.27
1765055766.610709,1332999,18747,1,HR,1,100,57.67
1765054284.011051,1334039,18912,1,HR,1,100,57.67
1765052972.480585,1334959,19061,1,HR,1,100,59.35
1765051585.394559,1335932,19227,1,HR,1,100,60.05
1765049703.633455,1337252,19443,1,HR,1,100,56.81
1765048449.126052,1338132,19576,1,HR,1,100,59.33
1765046681.411075,1339372,19774,1,HR,1,100,56.90
1765045133.234894,1340458,19954,1,HR,1,100,56.60
1765043536.589109,1341578,20135,1,HR,1,100,55.93
1765042053.989451,1342618,20320,1,HR,1,100,56.32
1765040609.880361,1343631,20484,1,HR,1,100,57.14
1765039070.257640,1344711,20650,1,HR,1,100,56.79
1765037644.681046,1345711,20815,1,HR,1,100,57.50
1765036105.058324,1346791,20997,1,HR,1,100,57.07
1765034679.481730,1347791,21148,1,HR,1,100,57.72
1765033196.882072,1348831,21314,1,HR,1,100,57.71
1765031922.416597,1349725,21462,1,HR,1,100,60.04
1765029985.058006,1351084,21693,1,HR,1,100,56.50
1765028673.527539,1352004,21842,1,HR,1,100,58.44
1765027076.881754,1353124,22025,1,HR,1,100,57.36
1765025632.772664,1354137,22191,1,HR,1,100,57.94
1765024093.149943,1355217,22356,1,HR,1,100,57.41
1765022610.550285,1356257,22538,1,HR,1,100,57.48
1765021119.397168,1357303,22704,1,HR,1,100,57.52
1765019579.774446,1358383,22887,1,HR,1,100,57.09
1765018211.220916,1359343,23036,1,HR,1,100,58.29
1765016671.598194,1360423,23217,1,HR,1,100,57.68
1765015246.021600,1361423,23383,1,HR,1,100,58.20
1765013687.866383,1362516,23549,1,HR,1,100,57.61
1765012661.451235,1363236,23682,1,HR,1,100,63.33
1765010779.690131,1364556,23896,1,HR,1,100,59.35
1765009411.136601,1365516,24045,1,HR,1,100,60.05
1765007814.490816,1366636,24226,1,HR,1,100,58.61
1765006437.383826,1367602,24377,1,HR,1,100,59.48
1765004897.761104,1368682,24561,1,HR,1,100,58.61
1765003472.184510,1369682,24725,1,HR,1,100,58.92
1765001914.029293,1370775,24907,1,HR,1,100,58.17
1765000488.452699,1371775,25057,1,HR,1,100,58.58
1764999005.853041,1372815,25239,1,HR,1,100,58.38
1764997466.230319,1373895,25404,1,HR,1,100,57.75
1764995926.607598,1374975,25587,1,HR,1,100,57.26
1764994425.475445,1376028,25752,1,HR,1,100,57.36
1764992942.875787,1377068,25933,1,HR,1,100,57.43
1764991403.253065,1378148,26100,1,HR,1,100,57.02
1764989920.653407,1379188,26265,1,HR,1,100,57.17
1764989464.468897,1379508,26332,1,HR,1,100,86.13
1764988381.030686,1380268,26451,1,HR,1,100,84.53
1764986822.875468,1381361,26631,1,HR,1,100,78.09
1764985293.231783,1382434,26797,1,HR,1,100,73.09
1764983790.674053,1383488,26980,1,HR,1,100,69.66
1764981236.040797,1385280,27259,1,HR,1,100,61.59
1764980303.713704,1385934,27376,1,HR,1,100,68.74
1764979334.321620,1386614,27491,1,HR,1,100,73.07
1764977680.652771,1387774,27676,1,HR,1,100,68.33
1764976996.376006,1388254,27743,1,HR,1,100,80.92
1764976484.594009,1388613,27811,1,HR,1,100,99.98
1764976026.983922,1388934,27861,1,HR,1,100,119.43
1764974032.602267,1390333,28093,1,HR,1,100,102.41
1764973519.394693,1390693,28143,1,HR,1,100,116.69
1764971505.054966,1392106,28374,1,HR,1,100,100.28
1764969965.432244,1393186,28557,1,HR,1,100,90.34
1764968311.763395,1394346,28740,1,HR,1,100,81.76
1764966772.140673,1395426,28921,1,HR,1,100,75.94
1764965271.008520,1396479,29087,1,HR,1,100,71.88
1764962305.809204,1398559,29433,1,HR,1,100,62.32
1764960766.186483,1399639,29615,1,HR,1,100,60.82
1764959169.540698,1400759,29795,1,HR,1,100,59.21
1764957611.385480,1401852,29961,1,HR,1,100,58.39
1764956128.785822,1402892,30144,1,HR,1,100,58.24
1764954646.186165,1403932,30310,1,HR,1,100,58.12
1764953163.586507,1404972,30477,1,HR,1,100,58.02
1764951566.940722,1406092,30657,1,HR,1,100,57.03
1764950122.831632,1407105,30823,1,HR,1,100,57.69
1764948583.208910,1408185,30989,1,HR,1,100,57.22
1764947100.609252,1409225,31172,1,HR,1,100,57.32
1764945618.009595,1410265,31336,1,HR,1,100,57.41
1764944135.409937,1411305,31502,1,HR,1,100,57.47
1764942577.254719,1412398,31685,1,HR,1,100,57.04
1764940980.608934,1413518,31868,1,HR,1,100,56.27
1764939498.009276,1414558,32032,1,HR,1,100,56.59
1764938016.835195,1415597,32215,1,HR,1,100,56.83
1764936477.212474,1416677,32379,1,HR,1,100,56.55
1764934860.608616,1417811,32564,1,HR,1,100,55.89
1764933379.434535,1418850,32744,1,HR,1,100,56.29
1764931896.834877,1419890,32910,1,HR,1,100,56.60
1764930414.235219,1420930,33074,1,HR,1,100,56.84
1764928799.056938,1422063,33258,1,HR,1,100,56.12
1764927487.526472,1422983,33407,1,HR,1,100,58.14
1764925662.788431,1424263,33621,1,HR,1,100,55.64
1764924180.188774,1425303,33787,1,HR,1,100,56.09
1764922640.566052,1426383,33968,1,HR,1,100,55.97
1764921139.433898,1427436,34136,1,HR,1,100,56.36
1764919656.834241,1428476,34302,1,HR,1,100,56.65
1764918231.257647,1429476,34466,1,HR,1,100,57.40
1764916634.611861,1430596,34649,1,HR,1,100,56.55
1764915094.989140,1431676,34830,1,HR,1,100,56.33
1764913545.387382,1432763,34998,1,HR,1,100,56.15
1764912064.213301,1433802,35179,1,HR,1,100,56.50
1764910618.678635,1434816,35345,1,HR,1,100,57.28
1764909079.055913,1435896,35509,1,HR,1,100,56.89
1764907654.904896,1436895,35675,1,HR,1,100,57.58
1764906172.305238,1437935,35841,1,HR,1,100,57.61
1764904575.659452,1439055,36024,1,HR,1,100,56.71
1764903130.124786,1440069,36188,1,HR,1,100,57.44
1764901591.927641,1441148,36371,1,HR,1,100,57.02
1764900052.304919,1442228,36551,1,HR,1,100,56.70
1764898626.728326,1443228,36719,1,HR,1,100,57.43
1764897087.105604,1444308,36883,1,HR,1,100,57.01
1764895528.950387,1445401,37067,1,HR,1,100,56.69
1764894160.396857,1446361,37231,1,HR,1,100,57.98
1764892677.797199,1447401,37399,1,HR,1,100,57.92
1764891252.220605,1448401,37548,1,HR,1,100,58.38
1764889769.620947,1449441,37729,1,HR,1,100,58.23
1764888211.465729,1450534,37895,1,HR,1,100,57.63
1764886728.866072,1451574,38075,1,HR,1,100,57.65
1764885246.266414,1452614,38243,1,HR,1,100,57.66
1764883763.666756,1453654,38410,1,HR,1,100,57.66
1764882224.044035,1454734,38591,1,HR,1,100,57.20
1764880665.888817,1455827,38757,1,HR,1,100,56.83
1764879183.289160,1456867,38937,1,HR,1,100,57.02
1764878327.943203,1457467,39039,1,HR,1,100,66.57
1764877757.712565,1457867,39107,1,HR,1,100,85.11
1764876218.089844,1458947,39271,1,HR,1,100,78.54
1764874659.934627,1460040,39455,1,HR,1,100,73.44
1764873177.334969,1461080,39619,1,HR,1,100,69.94
1764871753.183951,1462079,39785,1,HR,1,100,67.73
1764868845.007700,1464119,40115,1,HR,1,100,59.21
1764867229.829419,1465252,40295,1,HR,1,100,57.96
1764865576.160569,1466412,40494,1,HR,1,100,56.57
1764864093.560912,1467452,40661,1,HR,1,100,56.82
1764862667.984318,1468452,40827,1,HR,1,100,57.53
1764861242.407724,1469452,40977,1,HR,1,100,58.08
1764859627.229443,1470585,41174,1,HR,1,100,57.08
1764858144.629785,1471625,41341,1,HR,1,100,57.21
1764856719.053191,1472625,41507,1,HR,1,100,57.83
1764855293.476597,1473625,41673,1,HR,1,100,58.31
1764853810.876939,1474665,41837,1,HR,1,100,58.18
1764852252.721722,1475758,42019,1,HR,1,100,57.59
1764850827.145128,1476758,42169,1,HR,1,100,58.13
1764849401.568534,1477758,42335,1,HR,1,100,58.54
1764847918.968876,1478798,42517,1,HR,1,100,58.36
1764846493.392282,1479798,42665,1,HR,1,100,58.72
1764844992.260128,1480851,42847,1,HR,1,100,58.49
1764843452.637407,1481931,43011,1,HR,1,100,57.84
1764842037.039849,1482924,43179,1,HR,1,100,58.32
1764840535.907695,1483977,43361,1,HR,1,100,58.18
1764839224.377229,1484897,43509,1,HR,1,100,59.74
1764837684.754507,1485977,43675,1,HR,1,100,58.81
1764836259.177913,1486977,43839,1,HR,1,100,59.08
1764834711.001732,1488063,44025,1,HR,1,100,58.29
1764833171.379011,1489143,44191,1,HR,1,100,57.69
1764831688.779353,1490183,44355,1,HR,1,100,57.69
1764830263.202759,1491183,44521,1,HR,1,100,58.20
1764828705.047541,1492276,44701,1,HR,1,100,57.61
1764827279.470948,1493276,44869,1,HR,1,100,58.14
1764825796.871290,1494316,45033,1,HR,1,100,58.04
1764824314.271632,1495356,45199,1,HR,1,100,57.97
1764822774.648910,1496436,45381,1,HR,1,100,57.43
1764821387.562884,1497409,45549,1,HR,1,100,58.56
1764819904.963227,1498449,45715,1,HR,1,100,58.36
1764818422.363569,1499489,45879,1,HR,1,100,58.22
1764816939.763911,1500529,46045,1,HR,1,100,58.10
1764815514.187317,1501529,46209,1,HR,1,100,58.52
1764814013.055163,1502582,46393,1,HR,1,100,58.34
1764812530.455506,1503622,46557,1,HR,1,100,58.19
1764811161.901975,1504582,46707,1,HR,1,100,59.15
1764809565.256190,1505702,46890,1,HR,1,100,57.91
1764808196.702660,1506662,47054,1,HR,1,100,58.93
1764806638.547442,1507755,47239,1,HR,1,100,58.18
1764805222.949885,1508748,47388,1,HR,1,100,58.58
1764803778.840795,1509761,47552,1,HR,1,100,58.90
1764802296.241137,1510801,47718,1,HR,1,100,58.63
1764800756.618416,1511881,47899,1,HR,1,100,57.95
1764799331.041821,1512881,48067,1,HR,1,100,58.40
1764797848.442164,1513921,48231,1,HR,1,100,58.25
1764796404.333074,1514934,48397,1,HR,1,100,58.64
1764794921.733416,1515974,48563,1,HR,1,100,58.43
1764793439.133758,1517014,48744,1,HR,1,100,58.26
1764791899.511037,1518094,48912,1,HR,1,100,57.66
1764790416.911379,1519134,49093,1,HR,1,100,57.67
1764788972.802289,1520147,49242,1,HR,1,100,58.19
1764788060.433269,1520787,49358,1,HR,1,100,66.09
1764786976.995058,1521547,49475,1,HR,1,100,68.95
1764785380.349272,1522667,49658,1,HR,1,100,65.53
1764784573.472920,1523233,49757,1,HR,1,100,74.78
1764783318.965517,1524113,49906,1,HR,1,100,73.31
1764781541.271505,1525360,50104,1,HR,1,100,67.77
1764780286.764102,1526240,50253,1,HR,1,100,67.86
1764778747.141380,1527320,50421,1,HR,1,100,65.13
1764777322.990363,1528319,50585,1,HR,1,100,63.99
1764775783.367641,1529399,50752,1,HR,1,100,62.11
1764774223.786847,1530493,50935,1,HR,1,100,60.66
1764772627.141062,1531613,51115,1,HR,1,100,59.08
1764771887.266810,1532132,51200,1,HR,1,100,71.59
1764771145.966981,1532652,51285,1,HR,1,100,81.33
1764770119.551833,1533372,51401,1,HR,1,100,81.77
1764769150.159749,1534052,51517,1,HR,1,100,83.21
1764767667.560091,1535092,51683,1,HR,1,100,77.54
1764765995.358747,1536265,51880,1,HR,1,100,71.80
1764764227.643770,1537505,52080,1,HR,1,100,66.60
1764762563.995885,1538672,52278,1,HR,1,100,63.29
1764761480.557673,1539432,52396,1,HR,1,100,66.77
1764760853.303972,1539872,52477,1,HR,1,100,82.24
1764759769.865761,1540632,52595,1,HR,1,100,81.51
1764759256.658187,1540992,52663,1,HR,1,100,100.43
1764758059.173848,1541832,52795,1,HR,1,100,93.99
1764757376.322659,1542311,52881,1,HR,1,100,100.88
1764756463.953639,1542951,52979,1,HR,1,100,99.29
1764754847.349781,1544085,53163,1,HR,1,100,89.13
1764752795.945062,1545524,53396,1,HR,1,100,78.58
1764751712.506851,1546284,53528,1,HR,1,100,78.67
1764750743.114767,1546964,53646,1,HR,1,100,80.79
1764748620.431219,1548453,53877,1,HR,1,100,71.85
1764747881.982543,1548971,53961,1,HR,1,100,81.52
1764746627.475140,1549851,54112,1,HR,1,100,78.56
1764743643.743329,1551944,54440,1,HR,1,100,67.51
1764741305.797714,1553584,54707,1,HR,1,100,60.64
1764739652.128865,1554744,54905,1,HR,1,100,58.66
1764738170.954784,1555783,55069,1,HR,1,100,58.44
1764736953.512373,1556637,55219,1,HR,1,100,61.33
1764736497.327863,1556957,55268,1,HR,1,100,89.37
1764735699.004970,1557517,55355,1,HR,1,100,93.32
1764734900.682078,1558077,55456,1,HR,1,100,96.39
1764734216.405313,1558557,55523,1,HR,1,100,102.75
1764732222.023657,1559956,55754,1,HR,1,100,89.44
1764731594.769956,1560396,55838,1,HR,1,100,99.87
1764730444.329645,1561203,55970,1,HR,1,100,94.34
1764729988.145134,1561523,56023,1,HR,1,100,115.04
1764728961.729987,1562243,56138,1,HR,1,100,108.00
1764728106.384030,1562843,56239,1,HR,1,100,106.22
1764726092.044303,1564256,56470,1,HR,1,100,92.14
1764725350.744474,1564776,56555,1,HR,1,100,97.30
1764724495.398518,1565376,56654,1,HR,1,100,97.90
1764722499.591286,1566776,56885,1,HR,1,100,85.67
1764721644.245330,1567376,56970,1,HR,1,100,88.85
1764719696.907702,1568742,57206,1,HR,1,100,78.91
1764717758.123534,1570102,57421,1,HR,1,100,71.18
1764717187.892897,1570502,57490,1,HR,1,100,88.70
1764715933.385494,1571382,57637,1,HR,1,100,84.14
1764715401.645424,1571755,57690,1,HR,1,100,102.48
1764714603.322532,1572315,57790,1,HR,1,100,103.51
1764714033.091894,1572715,57858,1,HR,1,100,113.85
1764712949.653683,1573475,57975,1,HR,1,100,106.09
1764709927.431303,1575595,58322,1,HR,1,100,88.80
1764708786.970028,1576395,58455,1,HR,1,100,85.74
1764707856.068512,1577048,58572,1,HR,1,100,87.52
1764707114.768683,1577568,58658,1,HR,1,100,93.71
1764703351.246475,1580208,59089,1,HR,1,100,77.94
1764701184.370052,1581728,59337,1,HR,1,100,69.39
1764697925.501958,1584014,59700,1,HR,1,100,59.82
1764696253.300613,1585187,59898,1,HR,1,100,58.02
1764694542.608701,1586387,60096,1,HR,1,100,56.24
1764693972.378063,1586787,60163,1,HR,1,100,77.07
1764691681.476476,1588394,60411,1,HR,1,100,68.28
1764690369.946010,1589314,60564,1,HR,1,100,67.60
1764689801.140949,1589713,60633,1,HR,1,100,85.91
1764688774.725801,1590433,60750,1,HR,1,100,85.34
1764687803.908141,1591114,60866,1,HR,1,100,85.98
1764686607.849378,1591953,60998,1,HR,1,100,82.75
1764685790.993990,1592526,61101,1,HR,1,100,88.17
1764684878.624970,1593166,61200,1,HR,1,100,89.41
1764681229.148889,1595726,61609,1,HR,1,100,74.75
1764679119.295530,1597206,61858,1,HR,1,100,67.15
1764675394.263890,1599819,62289,1,HR,1,100,57.35
1764674424.871806,1600499,62390,1,HR,1,100,64.22
1764672828.226020,1601619,62572,1,HR,1,100,61.85
1764669569.357926,1603905,62951,1,HR,1,100,53.95
1764668371.873587,1604745,63084,1,HR,1,100,57.84
1764667269.902880,1605518,63216,1,HR,1,100,62.53
1764666129.441605,1606318,63348,1,HR,1,100,65.30
1764664418.749692,1607518,63548,1,HR,1,100,61.90
1764663050.196162,1608478,63697,1,HR,1,100,62.03
1764661624.619568,1609478,63862,1,HR,1,100,61.58
1764658649.441216,1611565,64190,1,HR,1,100,54.31
1764656769.105689,1612884,64408,1,HR,1,100,52.34
1764648463.696452,1618710,65361,1,HR,1,100,43.01
1764647950.488878,1619070,65414,1,HR,1,100,70.49
1764646581.935348,1620030,44,1,HR,1,100,68.71
1764646182.773901,1620310,79,1,HR,1,100,101.06
1764645209.105088,1620993,194,1,HR,1,100,98.21
1764644301.012797,1621630,295,1,HR,1,100,97.22
1764643616.736032,1622110,378,1,HR,1,100,103.39
1764642476.274757,1622910,513,1,HR,1,100,97.08
1764636926.505076,1626803,1135,1,HR,1,100,78.95
1764632802.311990,1629696,1597,1,HR,1,100,66.03
