LocalTimestamp,EmotiBitTimestamp,PacketNumber,DataLength,TypeTag,ProtocolVersion,DataReliability,BI
1766787842.788034,117188,17031,1,BI,1,100,1840
1766787843.068034,117468,17084,1,BI,1,100,280
1766787844.028034,118428,17239,1,BI,1,100,960
1766787844.468034,118868,17325,1,BI,1,100,440
1766787844.828034,119228,17377,1,BI,1,100,360
1766787845.868034,120268,17541,1,BI,1,100,1040
1766787846.868034,121268,17711,1,BI,1,100,1000
1766787847.187034,121587,17762,1,BI,1,100,320
1766787848.281034,122681,17945,1,BI,1,100,1080
1766787849.161034,123561,18083,1,BI,1,100,880
1766787850.001034,124401,18215,1,BI,1,100,840
1766787851.561034,125961,18484,1,BI,1,100,1560
1766787853.454034,127854,18782,1,BI,1,100,1880
1766787854.654034,129054,18983,1,BI,1,100,1200
1766787855.373034,129773,19098,1,BI,1,100,720
1766787856.053034,130453,19214,1,BI,1,100,680
1766787856.573034,130973,19298,1,BI,1,100,520
1766787859.986034,134386,19841,1,BI,1,100,3400
1766787860.786034,135186,19977,1,BI,1,100,800
1766787862.306034,136706,20227,1,BI,1,100,1520
1766787862.839034,137239,20328,1,BI,1,100,520
1766787863.279034,137679,20395,1,BI,1,100,440
1766787864.559034,138959,20593,1,BI,1,100,1280
1766787866.399034,140799,20910,1,BI,1,100,1840
1766787866.959034,141359,20996,1,BI,1,100,560
1766787867.692034,142092,21112,1,BI,1,100,720
1766787868.972034,143372,21328,1,BI,1,100,1280
1766787869.772034,144172,21460,1,BI,1,100,800
1766787870.252034,144652,21547,1,BI,1,100,480
1766787870.932034,145332,21646,1,BI,1,100,680
1766787871.532034,145932,21747,1,BI,1,100,600
1766787872.212034,146612,21866,1,BI,1,100,680
1766787872.585034,146985,21933,1,BI,1,100,360
1766787872.905034,147305,21986,1,BI,1,100,320
1766787874.265034,148665,22201,1,BI,1,100,1360
1766787875.145034,149545,22350,1,BI,1,100,880
1766787876.945034,151345,22633,1,BI,1,100,1800
1766787877.265034,151665,22700,1,BI,1,100,320
1766787878.278034,152678,22866,1,BI,1,100,1000
1766787879.358034,153758,23034,1,BI,1,100,1080
1766787879.678034,154078,23085,1,BI,1,100,320
1766787880.118034,154518,23169,1,BI,1,100,440
1766787881.437034,155837,23386,1,BI,1,100,1320
1766787882.691034,157091,23585,1,BI,1,100,1240
1766787883.531034,157931,23720,1,BI,1,100,840
1766787885.330034,159730,24017,1,BI,1,100,1800
1766787886.090034,160490,24151,1,BI,1,100,760
1766787886.690034,161090,24232,1,BI,1,100,600
1766787887.663034,162063,24400,1,BI,1,100,960
1766787889.743034,164143,24749,1,BI,1,100,2080
1766787890.063034,164463,24801,1,BI,1,100,320
1766787890.743034,165143,24904,1,BI,1,100,680
1766787891.543034,165943,25037,1,BI,1,100,800
1766787892.196034,166596,25155,1,BI,1,100,640
1766787893.076034,167476,25289,1,BI,1,100,880
1766787893.796034,168196,25424,1,BI,1,100,720
1766787894.396034,168796,25507,1,BI,1,100,600
1766787894.996034,169396,25610,1,BI,1,100,600
1766787895.756034,170156,25744,1,BI,1,100,760
1766787896.476034,170876,25861,1,BI,1,100,720
1766787896.969034,171369,25946,1,BI,1,100,480
1766787897.849034,172249,26079,1,BI,1,100,880
1766787898.729034,173129,26228,1,BI,1,100,880
1766787899.529034,173929,26361,1,BI,1,100,800
1766787901.409034,175809,26672,1,BI,1,100,1880
1766787902.302034,176702,26808,1,BI,1,100,880
1766787902.662034,177062,26875,1,BI,1,100,360
1766787904.182034,178582,27124,1,BI,1,100,1520
1766787905.022034,179422,27258,1,BI,1,100,840
1766787906.022034,180422,27424,1,BI,1,100,1000
1766787906.675034,181075,27523,1,BI,1,100,640
1766787907.675034,182075,27693,1,BI,1,100,1000
1766787908.675034,183075,27861,1,BI,1,100,1000
1766787910.475034,184875,28156,1,BI,1,100,1800
1766787911.168034,185568,28273,1,BI,1,100,680
1766787911.768034,186168,28376,1,BI,1,100,600
1766787913.648034,188048,28672,1,BI,1,100,1880
1766787914.448034,188848,28804,1,BI,1,100,800
1766787914.687034,189087,28839,1,BI,1,100,240
1766787916.621034,191021,29152,1,BI,1,100,1920
1766787916.941034,191341,29221,1,BI,1,100,320
1766787917.661034,192061,29336,1,BI,1,100,720
1766787918.980034,193380,29555,1,BI,1,100,1320
1766787919.740034,194140,29671,1,BI,1,100,760
1766787920.260034,194660,29755,1,BI,1,100,520
1766787921.353034,195753,29937,1,BI,1,100,1080
1766787923.313034,197713,30253,1,BI,1,100,1960
1766787923.953034,198353,30369,1,BI,1,100,640
1766787928.286034,202686,31068,1,BI,1,100,4320
1766787929.006034,203406,31201,1,BI,1,100,720
1766787929.566034,203966,31287,1,BI,1,100,560
1766787930.219034,204619,31388,1,BI,1,100,640
1766787930.699034,205099,31471,1,BI,1,100,480
1766787931.619034,206019,31624,1,BI,1,100,920
1766787932.019034,206419,31696,1,BI,1,100,400
1766787932.579034,206979,31795,1,BI,1,100,560
1766787933.219034,207619,31898,1,BI,1,100,640
1766787933.819034,208219,31997,1,BI,1,100,600
1766787934.872034,209272,32163,1,BI,1,100,1040
1766787936.912034,211312,32495,1,BI,1,100,2040
1766787937.712034,212112,32629,1,BI,1,100,800
1766787938.112034,212512,32696,1,BI,1,100,400
1766787939.485034,213885,32928,1,BI,1,100,1360
1766787940.165034,214565,33028,1,BI,1,100,680
1766787941.205034,215605,33213,1,BI,1,100,1040
1766787941.965034,216365,33333,1,BI,1,100,760
1766787943.125034,217525,33531,1,BI,1,100,1160
1766787943.605034,218005,33598,1,BI,1,100,480
1766787944.258034,218658,33717,1,BI,1,100,640
1766787945.138034,219538,33849,1,BI,1,100,880
1766787945.698034,220098,33937,1,BI,1,100,560
1766787946.378034,220778,34036,1,BI,1,100,680
1766787947.297034,221697,34187,1,BI,1,100,920
1766787947.657034,222057,34254,1,BI,1,100,360
1766787948.377034,222777,34370,1,BI,1,100,720
1766787948.591034,222991,34406,1,BI,1,100,200
1766787952.030034,226430,34969,1,BI,1,100,3440
1766787953.077034,227477,35133,1,BI,1,100,1040
1766787953.397034,227797,35185,1,BI,1,100,320
1766787954.357034,228757,35351,1,BI,1,100,960
1766787956.010034,230410,35614,1,BI,1,100,1640
1766787956.610034,231010,35715,1,BI,1,100,600
1766787958.330034,232730,35997,1,BI,1,100,1720
1766787958.930034,233330,36100,1,BI,1,100,600
1766787959.450034,233850,36181,1,BI,1,100,520
1766787960.463034,234863,36347,1,BI,1,100,1000
1766787962.703034,237103,36713,1,BI,1,100,2240
1766787963.383034,237783,36829,1,BI,1,100,680
1766787964.102034,238502,36944,1,BI,1,100,720
1766787966.429034,240829,37312,1,BI,1,100,2320
1766787970.202034,244602,37937,1,BI,1,100,3760
1766787976.708034,251108,38988,1,BI,1,100,6480
1766787977.908034,252308,39188,1,BI,1,100,1200
1766787978.948034,253348,39354,1,BI,1,100,1040
1766787979.268034,253668,39405,1,BI,1,100,320
1766787980.481034,254881,39602,1,BI,1,100,1200
1766787982.967034,257367,40014,1,BI,1,100,2480
1766787984.487034,258887,40261,1,BI,1,100,1520
1766787984.967034,259367,40328,1,BI,1,100,480
1766787985.247034,259647,40380,1,BI,1,100,280
1766787986.327034,260727,40546,1,BI,1,100,1080
1766787987.580034,261980,40761,1,BI,1,100,1240
1766787988.533034,262933,40911,1,BI,1,100,960
1766787988.813034,263213,40961,1,BI,1,100,280
1766787989.333034,263733,41045,1,BI,1,100,520
1766787991.146034,265546,41341,1,BI,1,100,1800
1766787995.639034,270039,42065,1,BI,1,100,4480
1766787997.639034,272039,42397,1,BI,1,100,2000
1766787999.012034,273412,42626,1,BI,1,100,1360
1766788000.812034,275212,42907,1,BI,1,100,1800
1766788002.172034,276572,43141,1,BI,1,100,1360
1766788004.425034,278825,43501,1,BI,1,100,2240
1766788004.705034,279105,43553,1,BI,1,100,280
1766788005.618034,280018,43702,1,BI,1,100,920
1766788006.512034,280912,43835,1,BI,1,100,880
1766788008.111034,282511,44100,1,BI,1,100,1600
1766788008.871034,283271,44215,1,BI,1,100,760
1766788009.671034,284071,44350,1,BI,1,100,800
1766788010.151034,284551,44432,1,BI,1,100,480
1766788010.684034,285084,44516,1,BI,1,100,520
1766788011.084034,285484,44583,1,BI,1,100,400
1766788011.604034,286004,44668,1,BI,1,100,520
1766788012.164034,286564,44771,1,BI,1,100,560
1766788013.644034,288044,45000,1,BI,1,100,1480
1766788016.417034,290817,45463,1,BI,1,100,2760
1766788017.777034,292177,45680,1,BI,1,100,1360
1766788018.337034,292737,45783,1,BI,1,100,560
1766788020.470034,294870,46128,1,BI,1,100,2120
1766788022.110034,296510,46393,1,BI,1,100,1640
1766788023.270034,297670,46574,1,BI,1,100,1160
1766788024.883034,299283,46841,1,BI,1,100,1600
1766788025.403034,299803,46923,1,BI,1,100,520
1766788026.690034,301090,47139,1,BI,1,100,1280
1766788028.089034,302489,47354,1,BI,1,100,1400
1766788031.782034,306182,47961,1,BI,1,100,3680
1766788031.982034,306382,47997,1,BI,1,100,200
1766788033.102034,307502,48178,1,BI,1,100,1120
1766788034.382034,308782,48392,1,BI,1,100,1280
1766788035.382034,309782,48542,1,BI,1,100,1000
1766788035.717034,310117,48609,1,BI,1,100,320
1766788036.395034,310795,48710,1,BI,1,100,680
1766788037.155034,311555,48844,1,BI,1,100,760
1766788038.835034,313235,49107,1,BI,1,100,1680
1766788040.648034,315048,49406,1,BI,1,100,1800
1766788041.521034,315921,49552,1,BI,1,100,880
1766788041.881034,316281,49623,1,BI,1,100,360
1766788042.855034,317255,49771,1,BI,1,100,960
1766788044.374034,318774,50019,1,BI,1,100,1520
1766788045.494034,319894,50200,1,BI,1,100,1120
1766788046.134034,320534,50301,1,BI,1,100,640
1766788046.948034,321348,50436,1,BI,1,100,800
1766788048.981034,323381,50766,1,BI,1,100,2040
1766788049.674034,324074,50886,1,BI,1,100,680
1766788050.154034,324554,50967,1,BI,1,100,480
1766788050.554034,324954,51035,1,BI,1,100,400
1766788051.994034,326394,51268,1,BI,1,100,1440
1766788053.154034,327554,51449,1,BI,1,100,1160
1766788053.807034,328207,51566,1,BI,1,100,640
1766788055.727034,330127,51880,1,BI,1,100,1920
1766788056.533034,330933,52013,1,BI,1,100,800
1766788057.173034,331573,52115,1,BI,1,100,640
1766788058.773034,333173,52378,1,BI,1,100,1600
1766788064.826034,339226,53349,1,BI,1,100,6040
1766788065.319034,339719,53433,1,BI,1,100,480
1766788069.285034,343685,54074,1,BI,1,100,3960
1766788070.885034,345285,54340,1,BI,1,100,1600
1766788071.645034,346045,54455,1,BI,1,100,760
1766788072.178034,346578,54541,1,BI,1,100,520
1766788072.538034,346938,54608,1,BI,1,100,360
1766788073.098034,347498,54692,1,BI,1,100,560
1766788074.098034,348498,54860,1,BI,1,100,1000
1766788074.578034,348978,54946,1,BI,1,100,480
1766788075.098034,349498,55030,1,BI,1,100,520
1766788076.911034,351311,55329,1,BI,1,100,1800
1766788077.271034,351671,55396,1,BI,1,100,360
1766788077.711034,352111,55463,1,BI,1,100,440
1766788078.911034,353311,55663,1,BI,1,100,1200
1766788079.391034,353791,55730,1,BI,1,100,480
1766788080.071034,354471,55846,1,BI,1,100,680
1766788080.832034,355232,55978,1,BI,1,100,760
1766788081.964034,356364,56163,1,BI,1,100,1120
1766788082.484034,356884,56245,1,BI,1,100,520
1766788082.964034,357364,56331,1,BI,1,100,480
1766788084.604034,359004,56598,1,BI,1,100,1640
1766788087.530034,361930,57060,1,BI,1,100,2920
1766788088.223034,362623,57178,1,BI,1,100,680
1766788088.463034,362863,57230,1,BI,1,100,240
1766788088.943034,363343,57297,1,BI,1,100,480
1766788090.143034,364543,57497,1,BI,1,100,1200
1766788090.743034,365143,57596,1,BI,1,100,600
1766788090.983034,365383,57632,1,BI,1,100,240
1766788091.870034,366270,57779,1,BI,1,100,880
1766788092.270034,366670,57850,1,BI,1,100,400
1766788093.390034,367790,58035,1,BI,1,100,1120
1766788094.309034,368709,58185,1,BI,1,100,920
1766788094.830034,369230,58267,1,BI,1,100,520
1766788095.163034,369563,58335,1,BI,1,100,320
1766788096.084034,370484,58483,1,BI,1,100,920
1766788096.763034,371163,58584,1,BI,1,100,680
1766788097.402034,371802,58701,1,BI,1,100,640
1766788098.442034,372842,58867,1,BI,1,100,1040
1766788099.042034,373442,58967,1,BI,1,100,600
1766788099.816034,374216,59084,1,BI,1,100,760
1766788100.855034,375255,59266,1,BI,1,100,1040
1766788102.255034,376655,59485,1,BI,1,100,1400
1766788103.695034,378095,59732,1,BI,1,100,1440
1766788105.268034,379668,59979,1,BI,1,100,1560
1766788106.228034,380628,60144,1,BI,1,100,960
1766788106.428034,380828,60179,1,BI,1,100,200
1766788108.801034,383201,60561,1,BI,1,100,2360
1766788109.321034,383721,60646,1,BI,1,100,520
1766788109.921034,384321,60745,1,BI,1,100,600
1766788110.281034,384681,60794,1,BI,1,100,360
1766788111.201034,385601,60944,1,BI,1,100,920
1766788114.054034,388454,61423,1,BI,1,100,2840
1766788116.894034,391294,61867,1,BI,1,100,2840
1766788117.414034,391814,61968,1,BI,1,100,520
1766788118.067034,392467,62069,1,BI,1,100,640
1766788119.147034,393547,62249,1,BI,1,100,1080
1766788120.107034,394507,62399,1,BI,1,100,960
1766788120.587034,394987,62486,1,BI,1,100,480
1766788121.747034,396147,62668,1,BI,1,100,1160
1766788122.587034,396987,62819,1,BI,1,100,840
1766788122.840034,397240,62854,1,BI,1,100,240
1766788125.040034,399440,63217,1,BI,1,100,2200
1766788125.640034,400040,63319,1,BI,1,100,600
1766788126.080034,400480,63386,1,BI,1,100,440
1766788126.602034,401002,63470,1,BI,1,100,520
1766788127.039034,401439,63542,1,BI,1,100,440
1766788127.279034,401679,63592,1,BI,1,100,240
1766788127.973034,402373,63692,1,BI,1,100,680
1766788128.733034,403133,63825,1,BI,1,100,760
1766788129.333034,403733,63926,1,BI,1,100,600
1766788130.693034,405093,64143,1,BI,1,100,1360
1766788133.626034,408026,64620,1,BI,1,100,2920
1766788135.112034,409512,64866,1,BI,1,100,1480
1766788135.712034,410112,64967,1,BI,1,100,600
1766788138.678034,413078,65446,1,BI,1,100,2960
1766788139.398034,413798,26,1,BI,1,100,720
1766788141.240034,415640,322,1,BI,1,100,1840
1766788142.131034,416531,473,1,BI,1,100,880
1766788143.811034,418211,738,1,BI,1,100,1680
1766788146.424034,420824,1164,1,BI,1,100,2600
1766788147.497034,421897,1331,1,BI,1,100,1080
1766788148.551034,422951,1514,1,BI,1,100,1040
1766788149.152034,423552,1613,1,BI,1,100,600
1766788149.991034,424391,1746,1,BI,1,100,840
1766788150.470034,424870,1829,1,BI,1,100,480
1766788151.632034,426032,2013,1,BI,1,100,1160
1766788152.197034,426597,2115,1,BI,1,100,560
1766788152.717034,427117,2201,1,BI,1,100,520
1766788153.397034,427797,2317,1,BI,1,100,680
1766788153.957034,428357,2400,1,BI,1,100,560
1766788154.837034,429237,2550,1,BI,1,100,880
1766788155.570034,429970,2665,1,BI,1,100,720
1766788156.130034,430530,2766,1,BI,1,100,560
1766788156.803034,431203,2865,1,BI,1,100,680
1766788157.376034,431776,2970,1,BI,1,100,560
1766788158.496034,432896,3153,1,BI,1,100,1120
1766788159.576034,433976,3319,1,BI,1,100,1080
1766788159.936034,434336,3386,1,BI,1,100,360
1766788160.416034,434816,3470,1,BI,1,100,480
1766788160.856034,435256,3537,1,BI,1,100,440
1766788161.496034,435896,3636,1,BI,1,100,640
1766788162.509034,436909,3804,1,BI,1,100,1000
1766788163.389034,437789,3954,1,BI,1,100,880
1766788163.831034,438231,4021,1,BI,1,100,440
1766788164.382034,438782,4120,1,BI,1,100,560
1766788164.956034,439356,4221,1,BI,1,100,560
1766788165.476034,439876,4306,1,BI,1,100,520
1766788166.036034,440436,4391,1,BI,1,100,560
1766788167.162034,441562,4574,1,BI,1,100,1120
1766788167.762034,442162,4675,1,BI,1,100,600
1766788168.042034,442442,4726,1,BI,1,100,280
1766788168.402034,442802,4776,1,BI,1,100,360
1766788170.368034,444768,5104,1,BI,1,100,1960
1766788170.968034,445368,5188,1,BI,1,100,600
1766788171.528034,445928,5289,1,BI,1,100,560
1766788172.048034,446448,5373,1,BI,1,100,520
1766788172.768034,447168,5493,1,BI,1,100,720
1766788173.688034,448088,5642,1,BI,1,100,920
1766788174.342034,448742,5758,1,BI,1,100,640
1766788174.662034,449062,5808,1,BI,1,100,320
1766788176.741034,451141,6136,1,BI,1,100,2080
1766788178.634034,453034,6453,1,BI,1,100,1880
1766788178.954034,453354,6503,1,BI,1,100,320
1766788179.234034,453634,6555,1,BI,1,100,280
1766788180.474034,454874,6754,1,BI,1,100,1240
1766788182.194034,456594,7035,1,BI,1,100,1720
1766788182.954034,457354,7168,1,BI,1,100,760
1766788183.487034,457887,7250,1,BI,1,100,520
1766788185.287034,459687,7549,1,BI,1,100,1800
1766788186.287034,460687,7697,1,BI,1,100,1000
1766788187.008034,461408,7815,1,BI,1,100,720
1766788191.140034,465540,8490,1,BI,1,100,4120
1766788192.833034,467233,8772,1,BI,1,100,1680
1766788194.033034,468433,8953,1,BI,1,100,1200
1766788194.873034,469273,9102,1,BI,1,100,840
1766788195.793034,470193,9251,1,BI,1,100,920
1766788196.553034,470953,9367,1,BI,1,100,760
1766788197.366034,471766,9502,1,BI,1,100,800
1766788197.886034,472286,9585,1,BI,1,100,520
1766788199.086034,473486,9785,1,BI,1,100,1200
1766788201.605034,476005,10197,1,BI,1,100,2520
1766788202.019034,476419,10269,1,BI,1,100,400
1766788203.379034,477779,10502,1,BI,1,100,1360
1766788206.178034,480578,10943,1,BI,1,100,2800
1766788206.745034,481145,11044,1,BI,1,100,560
1766788207.505034,481905,11162,1,BI,1,100,760
1766788208.025034,482425,11247,1,BI,1,100,520
1766788209.318034,483718,11463,1,BI,1,100,1280
1766788213.811034,488211,12186,1,BI,1,100,4480
1766788215.651034,490051,12480,1,BI,1,100,1840
1766788216.971034,491371,12697,1,BI,1,100,1320
1766788217.930034,492330,12865,1,BI,1,100,960
1766788219.904034,494304,13178,1,BI,1,100,1960
1766788220.543034,494943,13279,1,BI,1,100,640
1766788221.023034,495423,13364,1,BI,1,100,480
1766788221.583034,495983,13462,1,BI,1,100,560
1766788222.583034,496983,13613,1,BI,1,100,1000
1766788223.477034,497877,13763,1,BI,1,100,880
1766788223.796034,498196,13813,1,BI,1,100,320
1766788224.556034,498956,13945,1,BI,1,100,760
1766788225.396034,499796,14080,1,BI,1,100,840
1766788226.236034,500636,14213,1,BI,1,100,840
1766788228.123034,502523,14528,1,BI,1,100,1880
1766788231.296034,505696,15036,1,BI,1,100,3160
1766788232.342034,506742,15202,1,BI,1,100,1040
1766788234.142034,508542,15499,1,BI,1,100,1800
1766788234.789034,509189,15615,1,BI,1,100,640
1766788235.509034,509909,15730,1,BI,1,100,720
1766788236.389034,510789,15865,1,BI,1,100,880
1766788237.748034,512148,16096,1,BI,1,100,1360
1766788238.148034,512548,16163,1,BI,1,100,400
1766788239.482034,513882,16378,1,BI,1,100,1320
1766788239.882034,514282,16447,1,BI,1,100,400
1766788240.401034,514801,16533,1,BI,1,100,520
1766788240.881034,515281,16617,1,BI,1,100,480
1766788241.801034,516201,16766,1,BI,1,100,920
1766788242.808034,517208,16932,1,BI,1,100,1000
1766788245.448034,519848,17359,1,BI,1,100,2640
1766788245.848034,520248,17426,1,BI,1,100,400
1766788247.254034,521654,17660,1,BI,1,100,1400
1766788249.627034,524027,18038,1,BI,1,100,2360
1766788252.987034,527387,18581,1,BI,1,100,3360
1766788253.600034,528000,18682,1,BI,1,100,600
1766788254.000034,528400,18750,1,BI,1,100,400
1766788254.480034,528880,18817,1,BI,1,100,480
1766788255.440034,529840,18983,1,BI,1,100,960
1766788256.240034,530640,19115,1,BI,1,100,800
1766788260.693034,535093,19837,1,BI,1,100,4440
1766788263.106034,537506,20217,1,BI,1,100,2400
1766788263.426034,537826,20284,1,BI,1,100,320
1766788263.986034,538386,20368,1,BI,1,100,560
1766788264.752034,539152,20501,1,BI,1,100,760
1766788265.272034,539672,20583,1,BI,1,100,520
1766788266.392034,540792,20766,1,BI,1,100,1120
1766788267.072034,541472,20883,1,BI,1,100,680
1766788267.432034,541832,20934,1,BI,1,100,360
1766788267.832034,542232,21002,1,BI,1,100,400
1766788268.752034,543152,21153,1,BI,1,100,920
1766788269.192034,543592,21222,1,BI,1,100,440
1766788269.565034,543965,21291,1,BI,1,100,360
1766788272.732034,547132,21805,1,BI,1,100,3160
1766788275.571034,549971,22264,1,BI,1,100,2840
1766788276.291034,550691,22380,1,BI,1,100,720
1766788277.264034,551664,22546,1,BI,1,100,960
1766788278.544034,552944,22748,1,BI,1,100,1280
1766788279.224034,553624,22864,1,BI,1,100,680
1766788280.784034,555184,23112,1,BI,1,100,1560
1766788281.117034,555517,23179,1,BI,1,100,320
1766788281.357034,555757,23214,1,BI,1,100,240
1766788281.877034,556277,23299,1,BI,1,100,520
1766788282.317034,556717,23368,1,BI,1,100,440
1766788283.717034,558117,23599,1,BI,1,100,1400
1766788284.564034,558964,23748,1,BI,1,100,840
1766788285.044034,559444,23815,1,BI,1,100,480
1766788286.804034,561204,24116,1,BI,1,100,1760
1766788287.250034,561650,24185,1,BI,1,100,440
1766788287.937034,562337,24302,1,BI,1,100,680
1766788288.577034,562977,24404,1,BI,1,100,640
1766788289.777034,564177,24604,1,BI,1,100,1200
1766788290.617034,565017,24736,1,BI,1,100,840
1766788290.896034,565296,24790,1,BI,1,100,280
1766788291.216034,565616,24843,1,BI,1,100,320
1766788291.977034,566377,24958,1,BI,1,100,760
1766788292.943034,567343,25126,1,BI,1,100,960
1766788294.663034,569063,25406,1,BI,1,100,1720
1766788295.196034,569596,25488,1,BI,1,100,520
1766788296.756034,571156,25755,1,BI,1,100,1560
1766788297.318034,571718,25839,1,BI,1,100,560
1766788297.996034,572396,25956,1,BI,1,100,680
1766788298.756034,573156,26075,1,BI,1,100,760
1766788300.049034,574449,26288,1,BI,1,100,1280
1766788301.169034,575569,26470,1,BI,1,100,1120
1766788302.969034,577369,26770,1,BI,1,100,1800
1766788305.862034,580262,27229,1,BI,1,100,2880
1766788306.662034,581062,27363,1,BI,1,100,800
1766788308.188034,582588,27618,1,BI,1,100,1520
1766788308.948034,583348,27733,1,BI,1,100,760
1766788309.348034,583748,27801,1,BI,1,100,400
1766788310.841034,585241,28049,1,BI,1,100,1480
1766788313.801034,588201,28528,1,BI,1,100,2960
1766788315.334034,589734,28774,1,BI,1,100,1520
1766788318.014034,592414,29223,1,BI,1,100,2680
1766788320.667034,595067,29650,1,BI,1,100,2640
1766788321.267034,595667,29749,1,BI,1,100,600
1766788321.787034,596187,29834,1,BI,1,100,520
1766788322.187034,596587,29903,1,BI,1,100,400
1766788323.107034,597507,30052,1,BI,1,100,920
1766788323.427034,597827,30103,1,BI,1,100,320
1766788323.747034,598147,30155,1,BI,1,100,320
1766788324.320034,598720,30253,1,BI,1,100,560
1766788324.640034,599040,30304,1,BI,1,100,320
1766788325.040034,599440,30372,1,BI,1,100,400
1766788325.720034,600120,30489,1,BI,1,100,680
1766788326.200034,600600,30556,1,BI,1,100,480
1766788326.480034,600880,30607,1,BI,1,100,280
1766788326.880034,601280,30674,1,BI,1,100,400
1766788327.240034,601640,30743,1,BI,1,100,360
1766788327.599034,601999,30794,1,BI,1,100,360
1766788328.246034,602646,30894,1,BI,1,100,640
1766788328.726034,603126,30979,1,BI,1,100,480
1766788330.806034,605206,31311,1,BI,1,100,2080
1766788332.539034,606939,31594,1,BI,1,100,1720
1766788333.619034,608019,31779,1,BI,1,100,1080
1766788334.019034,608419,31846,1,BI,1,100,400
1766788336.432034,610832,32240,1,BI,1,100,2400
1766788337.992034,612392,32489,1,BI,1,100,1560
1766788338.392034,612792,32556,1,BI,1,100,400
1766788339.152034,613552,32690,1,BI,1,100,760
1766788339.472034,613872,32742,1,BI,1,100,320
1766788341.525034,615925,33072,1,BI,1,100,2040
1766788343.731034,618131,33440,1,BI,1,100,2200
1766788344.451034,618851,33555,1,BI,1,100,720
1766788344.971034,619371,33639,1,BI,1,100,520
1766788345.411034,619811,33706,1,BI,1,100,440
1766788345.851034,620251,33790,1,BI,1,100,440
1766788347.744034,622144,34086,1,BI,1,100,1880
1766788348.384034,622784,34190,1,BI,1,100,640
1766788348.904034,623304,34274,1,BI,1,100,520
1766788349.584034,623984,34392,1,BI,1,100,680
1766788349.984034,624384,34459,1,BI,1,100,400
1766788351.024034,625424,34625,1,BI,1,100,1040
1766788351.304034,625704,34675,1,BI,1,100,280
1766788351.997034,626397,34793,1,BI,1,100,680
1766788352.717034,627117,34910,1,BI,1,100,720
1766788353.117034,627517,34978,1,BI,1,100,400
1766788353.797034,628197,35094,1,BI,1,100,680
1766788354.637034,629037,35228,1,BI,1,100,840
1766788355.037034,629437,35295,1,BI,1,100,400
1766788355.717034,630117,35398,1,BI,1,100,680
1766788356.050034,630450,35465,1,BI,1,100,320
1766788356.370034,630770,35515,1,BI,1,100,320
1766788356.730034,631130,35569,1,BI,1,100,360
1766788357.530034,631930,35707,1,BI,1,100,800
1766788358.770034,633170,35921,1,BI,1,100,1240
1766788359.690034,634090,36070,1,BI,1,100,920
1766788359.970034,634370,36106,1,BI,1,100,280
1766788360.983034,635383,36272,1,BI,1,100,1000
1766788361.263034,635663,36324,1,BI,1,100,280
1766788361.943034,636343,36442,1,BI,1,100,680
1766788362.623034,637023,36563,1,BI,1,100,680
1766788366.716034,641116,37223,1,BI,1,100,4080
1766788366.995034,641395,37274,1,BI,1,100,280
1766788367.275034,641675,37312,1,BI,1,100,280
1766788367.516034,641916,37362,1,BI,1,100,240
1766788368.275034,642675,37479,1,BI,1,100,760
1766788368.635034,643035,37532,1,BI,1,100,360
1766788369.929034,644329,37749,1,BI,1,100,1280
1766788370.409034,644809,37831,1,BI,1,100,480
1766788371.008034,645408,37933,1,BI,1,100,600
1766788371.649034,646049,38034,1,BI,1,100,640
1766788372.288034,646688,38135,1,BI,1,100,640
1766788372.928034,647328,38252,1,BI,1,100,640
1766788373.941034,648341,38417,1,BI,1,100,1000
1766788374.501034,648901,38501,1,BI,1,100,560
1766788375.701034,650101,38702,1,BI,1,100,1200
1766788378.754034,653154,39200,1,BI,1,100,3040
1766788379.194034,653594,39285,1,BI,1,100,440
1766788379.674034,654074,39352,1,BI,1,100,480
1766788380.034034,654434,39421,1,BI,1,100,360
1766788380.521034,654921,39503,1,BI,1,100,480
1766788380.761034,655161,39540,1,BI,1,100,240
1766788381.201034,655601,39608,1,BI,1,100,440
1766788381.441034,655841,39659,1,BI,1,100,240
1766788381.961034,656361,39742,1,BI,1,100,520
1766788382.321034,656721,39795,1,BI,1,100,360
1766788382.641034,657041,39864,1,BI,1,100,320
1766788383.441034,657841,39983,1,BI,1,100,800
1766788383.760034,658160,40051,1,BI,1,100,320
1766788384.800034,659200,40219,1,BI,1,100,1040
1766788386.207034,660607,40452,1,BI,1,100,1400
1766788387.460034,661860,40656,1,BI,1,100,1240
1766788388.453034,662853,40807,1,BI,1,100,1000
1766788389.547034,663947,40994,1,BI,1,100,1080
1766788390.227034,664627,41112,1,BI,1,100,680
1766788391.713034,666113,41359,1,BI,1,100,1480
1766788392.793034,667193,41527,1,BI,1,100,1080
1766788393.473034,667873,41644,1,BI,1,100,680
1766788394.753034,669153,41860,1,BI,1,100,1280
1766788399.086034,673486,42555,1,BI,1,100,4320
1766788399.726034,674126,42671,1,BI,1,100,640
1766788400.539034,674939,42806,1,BI,1,100,800
1766788401.019034,675419,42873,1,BI,1,100,480
1766788401.699034,676099,42988,1,BI,1,100,680
1766788402.179034,676579,43077,1,BI,1,100,480
1766788402.459034,676859,43127,1,BI,1,100,280
1766788402.939034,677339,43194,1,BI,1,100,480
1766788404.738034,679138,43490,1,BI,1,100,1800
1766788411.484034,685884,44580,1,BI,1,100,6720
1766788413.644034,688044,44927,1,BI,1,100,2160
1766788414.458034,688858,45061,1,BI,1,100,800
1766788415.137034,689537,45179,1,BI,1,100,680
1766788415.377034,689777,45231,1,BI,1,100,240
1766788416.897034,691297,45477,1,BI,1,100,1520
1766788417.697034,692097,45600,1,BI,1,100,800
1766788418.057034,692457,45668,1,BI,1,100,360
1766788418.584034,692984,45750,1,BI,1,100,520
1766788418.904034,693304,45803,1,BI,1,100,320
1766788419.264034,693664,45870,1,BI,1,100,360
1766788419.504034,693904,45904,1,BI,1,100,240
1766788420.465034,694865,46072,1,BI,1,100,960
1766788421.790034,696190,46286,1,BI,1,100,1320
1766788422.723034,697123,46436,1,BI,1,100,920
1766788423.443034,697843,46554,1,BI,1,100,720
1766788424.323034,698723,46704,1,BI,1,100,880
1766788424.963034,699363,46805,1,BI,1,100,640
1766788425.603034,700003,46908,1,BI,1,100,640
1766788426.683034,701083,47090,1,BI,1,100,1080
1766788427.136034,701536,47159,1,BI,1,100,440
1766788428.136034,702536,47327,1,BI,1,100,1000
1766788428.849034,703249,47446,1,BI,1,100,720
1766788429.703034,704103,47580,1,BI,1,100,840
1766788430.302034,704702,47681,1,BI,1,100,600
1766788430.582034,704982,47731,1,BI,1,100,280
1766788431.142034,705542,47832,1,BI,1,100,560
1766788432.782034,707182,48097,1,BI,1,100,1640
1766788433.755034,708155,48246,1,BI,1,100,960
1766788433.996034,708396,48296,1,BI,1,100,240
1766788434.316034,708716,48348,1,BI,1,100,320
1766788434.715034,709115,48417,1,BI,1,100,400
1766788436.402034,710802,48681,1,BI,1,100,1680
1766788436.802034,711202,48748,1,BI,1,100,400
1766788437.562034,711962,48883,1,BI,1,100,760
1766788439.728034,714128,49235,1,BI,1,100,2160
1766788441.128034,715528,49464,1,BI,1,100,1400
1766788441.888034,716288,49585,1,BI,1,100,760
1766788443.501034,717901,49851,1,BI,1,100,1600
1766788445.061034,719461,50118,1,BI,1,100,1560
1766788445.901034,720301,50251,1,BI,1,100,840
1766788448.154034,722554,50614,1,BI,1,100,2240
1766788448.801034,723201,50715,1,BI,1,100,640
1766788449.401034,723801,50814,1,BI,1,100,600
1766788450.081034,724481,50930,1,BI,1,100,680
1766788450.440034,724840,50982,1,BI,1,100,360
1766788451.487034,725887,51165,1,BI,1,100,1040
1766788451.847034,726247,51215,1,BI,1,100,360
1766788452.167034,726567,51267,1,BI,1,100,320
1766788452.767034,727167,51368,1,BI,1,100,600
1766788454.207034,728607,51619,1,BI,1,100,1440
1766788455.500034,729900,51818,1,BI,1,100,1280
1766788456.773034,731173,52034,1,BI,1,100,1280
1766788458.307034,732707,52287,1,BI,1,100,1520
1766788458.906034,733306,52390,1,BI,1,100,600
1766788459.666034,734066,52505,1,BI,1,100,760
1766788460.306034,734706,52623,1,BI,1,100,640
1766788460.986034,735386,52724,1,BI,1,100,680
1766788461.759034,736159,52856,1,BI,1,100,760
1766788462.519034,736919,52991,1,BI,1,100,760
1766788464.326034,738726,53274,1,BI,1,100,1800
1766788464.926034,739326,53373,1,BI,1,100,600
1766788465.486034,739886,53477,1,BI,1,100,560
1766788466.492034,740892,53644,1,BI,1,100,1000
1766788467.452034,741852,53793,1,BI,1,100,960
1766788469.692034,744092,54158,1,BI,1,100,2240
1766788470.252034,744652,54244,1,BI,1,100,560
1766788471.114034,745514,54395,1,BI,1,100,840
1766788471.825034,746225,54512,1,BI,1,100,720
1766788472.505034,746905,54633,1,BI,1,100,680
1766788473.105034,747505,54731,1,BI,1,100,600
1766788474.105034,748505,54880,1,BI,1,100,1000
1766788474.705034,749105,54981,1,BI,1,100,600
1766788475.798034,750198,55164,1,BI,1,100,1080
1766788476.078034,750478,55216,1,BI,1,100,280
1766788476.398034,750798,55268,1,BI,1,100,320
1766788477.038034,751438,55368,1,BI,1,100,640
1766788477.678034,752078,55485,1,BI,1,100,640
1766788478.118034,752518,55552,1,BI,1,100,440
1766788479.078034,753478,55704,1,BI,1,100,960
1766788479.891034,754291,55836,1,BI,1,100,800
1766788481.491034,755891,56101,1,BI,1,100,1600
1766788482.051034,756451,56200,1,BI,1,100,560
1766788482.371034,756771,56252,1,BI,1,100,320
1766788483.211034,757611,56387,1,BI,1,100,840
1766788483.784034,758184,56487,1,BI,1,100,560
1766788484.264034,758664,56572,1,BI,1,100,480
1766788485.064034,759464,56689,1,BI,1,100,800
1766788485.944034,760344,56839,1,BI,1,100,880
1766788487.383034,761783,57072,1,BI,1,100,1440
1766788487.877034,762277,57154,1,BI,1,100,480
1766788488.877034,763277,57322,1,BI,1,100,1000
1766788489.717034,764117,57454,1,BI,1,100,840
1766788490.797034,765197,57637,1,BI,1,100,1080
1766788491.316034,765716,57721,1,BI,1,100,520
1766788491.556034,765956,57755,1,BI,1,100,240
1766788492.930034,767330,57990,1,BI,1,100,1360
1766788493.410034,767810,58057,1,BI,1,100,480
1766788493.809034,768209,58124,1,BI,1,100,400
1766788494.290034,768690,58211,1,BI,1,100,480
1766788494.609034,769009,58261,1,BI,1,100,320
1766788494.929034,769329,58312,1,BI,1,100,320
1766788495.809034,770209,58460,1,BI,1,100,880
1766788496.169034,770569,58528,1,BI,1,100,360
1766788497.103034,771503,58679,1,BI,1,100,920
1766788497.542034,771942,58748,1,BI,1,100,440
1766788498.504034,772904,58915,1,BI,1,100,960
1766788498.902034,773302,58964,1,BI,1,100,400
1766788499.182034,773582,59015,1,BI,1,100,280
1766788499.502034,773902,59065,1,BI,1,100,320
1766788500.835034,775235,59297,1,BI,1,100,1320
1766788501.989034,776389,59484,1,BI,1,100,1160
1766788502.709034,777109,59605,1,BI,1,100,720
1766788503.442034,777842,59721,1,BI,1,100,720
1766788504.042034,778442,59822,1,BI,1,100,600
1766788504.722034,779122,59937,1,BI,1,100,680
1766788505.402034,779802,60053,1,BI,1,100,680
1766788506.082034,780482,60154,1,BI,1,100,680
1766788506.682034,781082,60255,1,BI,1,100,600
1766788507.375034,781775,60374,1,BI,1,100,680
1766788508.055034,782455,60490,1,BI,1,100,680
1766788508.815034,783215,60606,1,BI,1,100,760
1766788509.301034,783701,60675,1,BI,1,100,480
1766788509.941034,784341,60793,1,BI,1,100,640
1766788510.581034,784981,60898,1,BI,1,100,640
1766788512.741034,787141,61246,1,BI,1,100,2160
1766788514.307034,788707,61509,1,BI,1,100,1560
1766788517.274034,791674,61989,1,BI,1,100,2960
1766788518.007034,792407,62104,1,BI,1,100,720
1766788518.367034,792767,62171,1,BI,1,100,360
1766788518.729034,793129,62222,1,BI,1,100,360
1766788519.160034,793560,62309,1,BI,1,100,440
1766788519.720034,794120,62394,1,BI,1,100,560
1766788520.453034,794853,62509,1,BI,1,100,720
1766788521.253034,795653,62641,1,BI,1,100,800
1766788521.933034,796333,62760,1,BI,1,100,680
1766788529.001034,803401,63912,1,BI,1,100,7040
1766788530.319034,804719,64110,1,BI,1,100,1320
1766788530.719034,805119,64177,1,BI,1,100,400
1766788532.239034,806639,64425,1,BI,1,100,1520
1766788533.612034,808012,64661,1,BI,1,100,1360
1766788534.332034,808732,64778,1,BI,1,100,720
1766788534.972034,809372,64879,1,BI,1,100,640
1766788535.652034,810052,64999,1,BI,1,100,680
1766788536.252034,810652,65104,1,BI,1,100,600
1766788537.298034,811698,65272,1,BI,1,100,1040
1766788537.698034,812098,65339,1,BI,1,100,400
1766788538.298034,812698,65438,1,BI,1,100,600
1766788538.898034,813298,2,1,BI,1,100,600
1766788540.192034,814592,216,1,BI,1,100,1280
1766788540.711034,815111,301,1,BI,1,100,520
1766788541.271034,815671,382,1,BI,1,100,560
1766788542.351034,816751,568,1,BI,1,100,1080
1766788542.991034,817391,667,1,BI,1,100,640
1766788545.244034,819644,1028,1,BI,1,100,2240
1766788546.244034,820644,1196,1,BI,1,100,1000
1766788547.084034,821484,1345,1,BI,1,100,840
1766788547.404034,821804,1398,1,BI,1,100,320
1766788548.897034,823297,1628,1,BI,1,100,1480
1766788549.571034,823971,1744,1,BI,1,100,680
1766788551.024034,825424,1980,1,BI,1,100,1440
1766788552.944034,827344,2294,1,BI,1,100,1920
1766788557.196034,831596,2987,1,BI,1,100,4240
1766788559.250034,833650,3321,1,BI,1,100,2040
1766788559.810034,834210,3424,1,BI,1,100,560
1766788561.049034,835449,3622,1,BI,1,100,1240
1766788561.696034,836096,3727,1,BI,1,100,640
1766788562.656034,837056,3893,1,BI,1,100,960
1766788563.456034,837856,4027,1,BI,1,100,800
1766788564.376034,838776,4176,1,BI,1,100,920
1766788564.976034,839376,4279,1,BI,1,100,600
1766788565.736034,840136,4395,1,BI,1,100,760
1766788566.342034,840742,4496,1,BI,1,100,600
1766788568.555034,842955,4861,1,BI,1,100,2200
1766788568.955034,843355,4929,1,BI,1,100,400
1766788569.675034,844075,5047,1,BI,1,100,720
1766788570.475034,844875,5162,1,BI,1,100,800
1766788571.955034,846355,5413,1,BI,1,100,1480
1766788573.008034,847408,5579,1,BI,1,100,1040
1766788574.448034,848848,5826,1,BI,1,100,1440
1766788575.248034,849648,5961,1,BI,1,100,800
1766788575.888034,850288,6059,1,BI,1,100,640
1766788577.061034,851461,6243,1,BI,1,100,1160
1766788577.421034,851821,6312,1,BI,1,100,360
1766788578.021034,852421,6413,1,BI,1,100,600
1766788582.947034,857347,7201,1,BI,1,100,4920
1766788584.880034,859280,7533,1,BI,1,100,1920
1766788586.640034,861040,7819,1,BI,1,100,1760
1766788588.493034,862893,8117,1,BI,1,100,1840
1766788589.133034,863533,8237,1,BI,1,100,640
1766788589.933034,864333,8353,1,BI,1,100,800
1766788593.540034,867940,8933,1,BI,1,100,3600
1766788598.999034,873399,9820,1,BI,1,100,5440
1766788600.159034,874559,10018,1,BI,1,100,1160
1766788601.412034,875812,10216,1,BI,1,100,1240
1766788602.125034,876525,10333,1,BI,1,100,720
1766788603.579034,877979,10567,1,BI,1,100,1440
1766788605.052034,879452,10815,1,BI,1,100,1480
1766788606.545034,880945,11061,1,BI,1,100,1480
1766788607.905034,882305,11277,1,BI,1,100,1360
1766788608.265034,882665,11344,1,BI,1,100,360
1766788608.625034,883025,11395,1,BI,1,100,360
1766788609.065034,883465,11465,1,BI,1,100,440
1766788609.398034,883798,11532,1,BI,1,100,320
1766788610.511034,884911,11698,1,BI,1,100,1120
1766788610.871034,885271,11765,1,BI,1,100,360
1766788611.191034,885591,11815,1,BI,1,100,320
1766788611.564034,885964,11882,1,BI,1,100,360
1766788612.124034,886524,11967,1,BI,1,100,560
1766788613.084034,887484,12137,1,BI,1,100,960
1766788614.404034,888804,12351,1,BI,1,100,1320
1766788616.777034,891177,12728,1,BI,1,100,2360
1766788620.670034,895070,13369,1,BI,1,100,3880
1766788621.190034,895590,13453,1,BI,1,100,520
1766788621.710034,896110,13536,1,BI,1,100,520
1766788622.390034,896790,13655,1,BI,1,100,680
1766788622.510034,896910,13673,1,BI,1,100,120
1766788624.883034,899283,14050,1,BI,1,100,2360
1766788626.243034,900643,14281,1,BI,1,100,1360
1766788630.049034,904449,14896,1,BI,1,100,3800
1766788630.822034,905222,15011,1,BI,1,100,760
1766788631.862034,906262,15194,1,BI,1,100,1040
1766788634.149034,908549,15558,1,BI,1,100,2280
1766788634.749034,909149,15659,1,BI,1,100,600
1766788636.389034,910789,15922,1,BI,1,100,1640
1766788636.949034,911349,16022,1,BI,1,100,560
1766788639.242034,913642,16385,1,BI,1,100,2280
1766788640.082034,914482,16533,1,BI,1,100,840
1766788640.442034,914842,16586,1,BI,1,100,360
1766788641.655034,916055,16785,1,BI,1,100,1200
1766788642.528034,916928,16937,1,BI,1,100,880
1766788642.928034,917328,17005,1,BI,1,100,400
1766788643.941034,918341,17169,1,BI,1,100,1000
1766788645.094034,919494,17355,1,BI,1,100,1160
1766788645.374034,919774,17409,1,BI,1,100,280
1766788645.734034,920134,17460,1,BI,1,100,360
1766788646.348034,920748,17560,1,BI,1,100,600
1766788646.781034,921181,17642,1,BI,1,100,440
1766788647.221034,921621,17711,1,BI,1,100,440
1766788647.581034,921981,17766,1,BI,1,100,360
1766788648.074034,922474,17850,1,BI,1,100,480
1766788649.314034,923714,18068,1,BI,1,100,1240
1766788650.074034,924474,18186,1,BI,1,100,760
1766788651.394034,925794,18401,1,BI,1,100,1320
1766788652.240034,926640,18537,1,BI,1,100,840
1766788652.760034,927160,18625,1,BI,1,100,520
1766788653.160034,927560,18692,1,BI,1,100,400
1766788654.000034,928400,18826,1,BI,1,100,840
1766788654.453034,928853,18911,1,BI,1,100,440
1766788654.933034,929333,18978,1,BI,1,100,480
1766788659.306034,933706,19707,1,BI,1,100,4360
1766788662.793034,937193,20271,1,BI,1,100,3480
1766788664.152034,938552,20485,1,BI,1,100,1360
1766788664.799034,939199,20601,1,BI,1,100,640
1766788665.479034,939879,20702,1,BI,1,100,680
1766788666.119034,940519,20817,1,BI,1,100,640
1766788667.212034,941612,20985,1,BI,1,100,1080
1766788667.812034,942212,21086,1,BI,1,100,600
1766788668.772034,943172,21252,1,BI,1,100,960
1766788670.132034,944532,21453,1,BI,1,100,1360
1766788670.732034,945132,21551,1,BI,1,100,600
1766788671.332034,945732,21652,1,BI,1,100,600
1766788672.387034,946787,21822,1,BI,1,100,1040
1766788672.978034,947378,21925,1,BI,1,100,600
1766788673.458034,947858,22009,1,BI,1,100,480
1766788674.231034,948631,22141,1,BI,1,100,760
1766788675.425034,949825,22322,1,BI,1,100,1200
1766788676.598034,950998,22523,1,BI,1,100,1160
1766788677.838034,952238,22726,1,BI,1,100,1240
1766788678.518034,952918,22841,1,BI,1,100,680
1766788680.211034,954611,23104,1,BI,1,100,1680
1766788681.291034,955691,23287,1,BI,1,100,1080
1766788682.011034,956411,23402,1,BI,1,100,720
1766788683.730034,958130,23686,1,BI,1,100,1720
1766788685.224034,959624,23932,1,BI,1,100,1480
1766788686.344034,960744,24115,1,BI,1,100,1120
1766788687.343034,961743,24279,1,BI,1,100,1000
1766788687.743034,962143,24349,1,BI,1,100,400
1766788688.303034,962703,24432,1,BI,1,100,560
1766788690.470034,964870,24780,1,BI,1,100,2160
1766788690.963034,965363,24865,1,BI,1,100,480
1766788693.123034,967523,25214,1,BI,1,100,2160
1766788695.096034,969496,25545,1,BI,1,100,1960
1766788697.456034,971856,25927,1,BI,1,100,2360
1766788697.656034,972056,25960,1,BI,1,100,200
1766788698.376034,972776,26080,1,BI,1,100,720
1766788702.469034,976869,26742,1,BI,1,100,4080
1766788702.909034,977309,26826,1,BI,1,100,440
1766788703.189034,977589,26877,1,BI,1,100,280
1766788704.362034,978762,27057,1,BI,1,100,1160
1766788706.042034,980442,27341,1,BI,1,100,1680
1766788707.321034,981721,27539,1,BI,1,100,1280
1766788707.641034,982041,27593,1,BI,1,100,320
1766788709.615034,984015,27909,1,BI,1,100,1960
1766788711.134034,985534,28155,1,BI,1,100,1520
1766788711.734034,986134,28255,1,BI,1,100,600
1766788712.388034,986788,28356,1,BI,1,100,640
1766788713.781034,988181,28590,1,BI,1,100,1400
1766788715.234034,989634,28825,1,BI,1,100,1440
1766788716.074034,990474,28957,1,BI,1,100,840
1766788718.714034,993114,29388,1,BI,1,100,2640
1766788719.527034,993927,29525,1,BI,1,100,800
1766788723.060034,997460,30099,1,BI,1,100,3520
1766788723.460034,997860,30166,1,BI,1,100,400
1766788725.260034,999660,30465,1,BI,1,100,1800
1766788726.140034,1000540,30616,1,BI,1,100,880
1766788727.059034,1001459,30765,1,BI,1,100,920
1766788728.193034,1002593,30950,1,BI,1,100,1120
1766788729.633034,1004033,31181,1,BI,1,100,1440
1766788730.999034,1005399,31398,1,BI,1,100,1360
1766788731.999034,1006399,31564,1,BI,1,100,1000
1766788737.972034,1012372,32531,1,BI,1,100,5960
1766788739.665034,1014065,32813,1,BI,1,100,1680
1766788741.785034,1016185,33160,1,BI,1,100,2120
1766788742.385034,1016785,33246,1,BI,1,100,600
1766788744.638034,1019038,33628,1,BI,1,100,2240
1766788746.118034,1020518,33857,1,BI,1,100,1480
1766788747.811034,1022211,34144,1,BI,1,100,1680
1766788748.811034,1023211,34310,1,BI,1,100,1000
1766788750.897034,1025297,34642,1,BI,1,100,2080
1766788751.217034,1025617,34694,1,BI,1,100,320
1766788753.097034,1027497,35007,1,BI,1,100,1880
1766788754.070034,1028470,35156,1,BI,1,100,960
1766788754.510034,1028910,35243,1,BI,1,100,440
1766788755.517034,1029917,35392,1,BI,1,100,1000
1766788755.877034,1030277,35461,1,BI,1,100,360
1766788756.677034,1031077,35593,1,BI,1,100,800
1766788760.369034,1034769,36184,1,BI,1,100,3680
1766788761.329034,1035729,36350,1,BI,1,100,960
1766788761.729034,1036129,36417,1,BI,1,100,400
1766788763.256034,1037656,36666,1,BI,1,100,1520
1766788764.216034,1038616,36817,1,BI,1,100,960
1766788766.709034,1041109,37227,1,BI,1,100,2480
1766788767.749034,1042149,37395,1,BI,1,100,1040
1766788767.869034,1042269,37412,1,BI,1,100,120
1766788768.309034,1042709,37496,1,BI,1,100,440
1766788768.949034,1043349,37597,1,BI,1,100,640
1766788769.589034,1043989,37696,1,BI,1,100,640
1766788770.428034,1044828,37828,1,BI,1,100,840
1766788770.915034,1045315,37912,1,BI,1,100,480
1766788772.888034,1047288,38228,1,BI,1,100,1960
1766788774.728034,1049128,38522,1,BI,1,100,1840
1766788775.448034,1049848,38655,1,BI,1,100,720
1766788776.448034,1050848,38805,1,BI,1,100,1000
1766788777.181034,1051581,38938,1,BI,1,100,720
1766788778.821034,1053221,39207,1,BI,1,100,1640
1766788780.667034,1055067,39501,1,BI,1,100,1840
1766788780.907034,1055307,39537,1,BI,1,100,240
1766788781.507034,1055907,39635,1,BI,1,100,600
1766788782.107034,1056507,39736,1,BI,1,100,600
1766788783.027034,1057427,39888,1,BI,1,100,920
1766788783.801034,1058201,40020,1,BI,1,100,760
1766788784.200034,1058600,40088,1,BI,1,100,400
1766788787.487034,1061887,40611,1,BI,1,100,3280
1766788788.447034,1062847,40779,1,BI,1,100,960
1766788788.927034,1063327,40847,1,BI,1,100,480
1766788790.500034,1064900,41112,1,BI,1,100,1560
1766788791.853034,1066253,41327,1,BI,1,100,1360
1766788792.293034,1066693,41394,1,BI,1,100,440
1766788792.866034,1067266,41497,1,BI,1,100,560
1766788793.586034,1067986,41612,1,BI,1,100,720
1766788794.706034,1069106,41796,1,BI,1,100,1120
1766788795.746034,1070146,41961,1,BI,1,100,1040
1766788799.646034,1074046,42602,1,BI,1,100,3880
1766788800.525034,1074925,42736,1,BI,1,100,880
1766788801.005034,1075405,42821,1,BI,1,100,480
1766788802.765034,1077165,43102,1,BI,1,100,1760
1766788803.645034,1078045,43250,1,BI,1,100,880
1766788804.298034,1078698,43351,1,BI,1,100,640
1766788804.578034,1078978,43401,1,BI,1,100,280
1766788806.738034,1081138,43762,1,BI,1,100,2160
1766788807.698034,1082098,43914,1,BI,1,100,960
1766788808.298034,1082698,44013,1,BI,1,100,600
1766788808.711034,1083111,44081,1,BI,1,100,400
1766788809.391034,1083791,44197,1,BI,1,100,680
1766788809.791034,1084191,44264,1,BI,1,100,400
1766788810.431034,1084831,44363,1,BI,1,100,640
1766788811.431034,1085831,44514,1,BI,1,100,1000
1766788812.471034,1086871,44699,1,BI,1,100,1040
1766788813.206034,1087606,44816,1,BI,1,100,720
1766788813.524034,1087924,44866,1,BI,1,100,320
1766788815.164034,1089564,45130,1,BI,1,100,1640
1766788816.131034,1090531,45294,1,BI,1,100,960
1766788816.811034,1091211,45395,1,BI,1,100,680
1766788818.250034,1092650,45627,1,BI,1,100,1440
1766788819.890034,1094290,45909,1,BI,1,100,1640
1766788821.337034,1095737,46140,1,BI,1,100,1440
1766788822.470034,1096870,46322,1,BI,1,100,1120
1766788824.150034,1098550,46604,1,BI,1,100,1680
1766788825.430034,1099830,46802,1,BI,1,100,1280
1766788826.150034,1100550,46919,1,BI,1,100,720
1766788826.710034,1101110,47018,1,BI,1,100,560
1766788833.289034,1107689,48070,1,BI,1,100,6560
1766788834.142034,1108542,48219,1,BI,1,100,840
1766788838.875034,1113275,48974,1,BI,1,100,4720
1766788841.475034,1115875,49403,1,BI,1,100,2600
1766788841.755034,1116155,49453,1,BI,1,100,280
1766788842.155034,1116555,49520,1,BI,1,100,400
1766788842.595034,1116995,49590,1,BI,1,100,440
1766788845.041034,1119441,49984,1,BI,1,100,2440
1766788845.694034,1120094,50101,1,BI,1,100,640
1766788846.374034,1120774,50200,1,BI,1,100,680
1766788847.054034,1121454,50317,1,BI,1,100,680
1766788847.934034,1122334,50469,1,BI,1,100,880
1766788848.294034,1122694,50519,1,BI,1,100,360
1766788849.294034,1123694,50685,1,BI,1,100,1000
1766788851.147034,1125547,50981,1,BI,1,100,1840
1766788853.107034,1127507,51297,1,BI,1,100,1960
1766788856.233034,1130633,51803,1,BI,1,100,3120
1766788857.326034,1131726,51987,1,BI,1,100,1080
1766788861.299034,1135699,52626,1,BI,1,100,3960
1766788863.859034,1138259,53043,1,BI,1,100,2560
1766788864.459034,1138859,53143,1,BI,1,100,600
1766788866.832034,1141232,53538,1,BI,1,100,2360
1766788869.312034,1143712,53937,1,BI,1,100,2480
1766788874.645034,1149045,54792,1,BI,1,100,5320
1766788884.524034,1158924,56381,1,BI,1,100,9840
1766788886.277034,1160677,56678,1,BI,1,100,1760
1766788890.050034,1164450,57288,1,BI,1,100,3760
1766788890.410034,1164810,57338,1,BI,1,100,360
1766788893.296034,1167696,57817,1,BI,1,100,2880
1766788893.870034,1168270,57899,1,BI,1,100,560
1766788894.390034,1168790,57984,1,BI,1,100,520
1766788894.829034,1169229,58067,1,BI,1,100,440
1766788897.149034,1171549,58444,1,BI,1,100,2320
1766788898.282034,1172682,58629,1,BI,1,100,1120
1766788901.442034,1175842,59136,1,BI,1,100,3160
1766788901.962034,1176362,59220,1,BI,1,100,520
1766788902.482034,1176882,59304,1,BI,1,100,520
1766788903.415034,1177815,59457,1,BI,1,100,920
1766788905.015034,1179415,59722,1,BI,1,100,1600
1766788910.228034,1184628,60576,1,BI,1,100,5200
1766788910.628034,1185028,60644,1,BI,1,100,400
1766788911.908034,1186308,60843,1,BI,1,100,1280
1766788913.801034,1188201,61142,1,BI,1,100,1880
1766788915.481034,1189881,61421,1,BI,1,100,1680
1766788916.161034,1190561,61537,1,BI,1,100,680
1766788917.174034,1191574,61703,1,BI,1,100,1000
1766788918.736034,1193136,61951,1,BI,1,100,1560
1766788919.374034,1193774,62052,1,BI,1,100,640
1766788921.547034,1195947,62413,1,BI,1,100,2160
1766788922.147034,1196547,62514,1,BI,1,100,600
1766788924.467034,1198867,62882,1,BI,1,100,2320
1766788926.080034,1200480,63147,1,BI,1,100,1600
1766788927.193034,1201593,63328,1,BI,1,100,1120
1766788927.953034,1202353,63463,1,BI,1,100,760
1766788928.926034,1203326,63611,1,BI,1,100,960
1766788929.686034,1204086,63744,1,BI,1,100,760
1766788930.006034,1204406,63796,1,BI,1,100,320
1766788932.092034,1206492,64125,1,BI,1,100,2080
1766788933.132034,1207532,64292,1,BI,1,100,1040
1766788933.452034,1207852,64362,1,BI,1,100,320
1766788934.412034,1208812,64509,1,BI,1,100,960
1766788935.185034,1209585,64643,1,BI,1,100,760
1766788937.625034,1212025,65049,1,BI,1,100,2440
1766788938.065034,1212465,65118,1,BI,1,100,440
1766788938.505034,1212905,65185,1,BI,1,100,440
1766788939.152034,1213552,65301,1,BI,1,100,640
1766788939.792034,1214192,65402,1,BI,1,100,640
1766788940.631034,1215031,65534,1,BI,1,100,840
1766788942.965034,1217365,376,1,BI,1,100,2320
1766788948.577034,1222977,1295,1,BI,1,100,5600
1766788949.377034,1223777,1428,1,BI,1,100,800
1766788956.763034,1231163,2626,1,BI,1,100,7360
1766788957.603034,1232003,2760,1,BI,1,100,840
1766788958.403034,1232803,2895,1,BI,1,100,800
1766788959.243034,1233643,3048,1,BI,1,100,840
1766788960.136034,1234536,3183,1,BI,1,100,880
1766788960.976034,1235376,3334,1,BI,1,100,840
1766788964.829034,1239229,3974,1,BI,1,100,3840
1766788965.629034,1240029,4092,1,BI,1,100,800
1766788966.389034,1240789,4225,1,BI,1,100,760
1766788967.229034,1241629,4359,1,BI,1,100,840
1766788968.069034,1242469,4500,1,BI,1,100,840
1766788969.002034,1243402,4666,1,BI,1,100,920
1766788970.522034,1244922,4917,1,BI,1,100,1520
1766788971.282034,1245682,5035,1,BI,1,100,760
1766788972.088034,1246488,5172,1,BI,1,100,800
1766788972.968034,1247368,5310,1,BI,1,100,880
1766788974.528034,1248928,5579,1,BI,1,100,1560
1766788975.421034,1249821,5735,1,BI,1,100,880
1766788976.301034,1250701,5869,1,BI,1,100,880
1766788977.141034,1251541,6005,1,BI,1,100,840
1766788977.941034,1252341,6144,1,BI,1,100,800
1766788978.701034,1253101,6279,1,BI,1,100,760
1766788979.501034,1253901,6415,1,BI,1,100,800
1766788980.394034,1254794,6564,1,BI,1,100,880
1766788982.194034,1256594,6848,1,BI,1,100,1800
1766788983.074034,1257474,7001,1,BI,1,100,880
1766788983.955034,1258355,7155,1,BI,1,100,880
1766788984.887034,1259287,7309,1,BI,1,100,920
1766788986.520034,1260920,7576,1,BI,1,100,1640
1766788987.293034,1261693,7696,1,BI,1,100,760
1766788987.573034,1261973,7748,1,BI,1,100,280
1766788988.173034,1262573,7852,1,BI,1,100,600
1766788989.007034,1263407,7988,1,BI,1,100,840
1766788990.020034,1264420,8154,1,BI,1,100,1000
1766788991.020034,1265420,8324,1,BI,1,100,1000
1766788991.860034,1266260,8458,1,BI,1,100,840
1766788992.740034,1267140,8612,1,BI,1,100,880
1766788993.500034,1267900,8729,1,BI,1,100,760
1766788994.353034,1268753,8881,1,BI,1,100,840
1766788995.313034,1269713,9031,1,BI,1,100,960
1766788996.033034,1270433,9150,1,BI,1,100,720
1766788996.633034,1271033,9250,1,BI,1,100,600
1766788997.433034,1271833,9385,1,BI,1,100,800
1766788998.326034,1272726,9540,1,BI,1,100,880
1766789000.725034,1275125,9921,1,BI,1,100,2400
1766789001.925034,1276325,10120,1,BI,1,100,1200
1766789003.099034,1277499,10322,1,BI,1,100,1160
1766789003.539034,1277939,10389,1,BI,1,100,440
1766789004.138034,1278538,10488,1,BI,1,100,600
1766789004.658034,1279058,10573,1,BI,1,100,520
1766789005.418034,1279818,10706,1,BI,1,100,760
1766789006.938034,1281338,10952,1,BI,1,100,1520
1766789011.398034,1285798,11676,1,BI,1,100,4440
1766789012.438034,1286838,11841,1,BI,1,100,1040
1766789013.078034,1287478,11942,1,BI,1,100,640
1766789013.837034,1288237,12060,1,BI,1,100,760
1766789014.604034,1289004,12194,1,BI,1,100,760
1766789015.324034,1289724,12309,1,BI,1,100,720
1766789016.164034,1290564,12442,1,BI,1,100,840
1766789017.017034,1291417,12592,1,BI,1,100,840
1766789017.857034,1292257,12726,1,BI,1,100,840
1766789018.737034,1293137,12875,1,BI,1,100,880
1766789019.537034,1293937,13007,1,BI,1,100,800
1766789020.257034,1294657,13123,1,BI,1,100,720
1766789021.070034,1295470,13256,1,BI,1,100,800
1766789021.670034,1296070,13359,1,BI,1,100,600
1766789022.390034,1296790,13474,1,BI,1,100,720
1766789023.030034,1297430,13579,1,BI,1,100,640
1766789023.750034,1298150,13699,1,BI,1,100,720
1766789024.590034,1298990,13833,1,BI,1,100,840
1766789025.563034,1299963,14003,1,BI,1,100,960
1766789026.523034,1300923,14156,1,BI,1,100,960
1766789027.523034,1301923,14322,1,BI,1,100,1000
1766789028.403034,1302803,14474,1,BI,1,100,880
1766789029.243034,1303643,14608,1,BI,1,100,840
1766789030.336034,1304736,14797,1,BI,1,100,1080
1766789031.136034,1305536,14931,1,BI,1,100,800
1766789032.138034,1306538,15098,1,BI,1,100,1000
1766789032.936034,1307336,15217,1,BI,1,100,800
1766789033.856034,1308256,15371,1,BI,1,100,920
1766789034.789034,1309189,15537,1,BI,1,100,920
1766789035.789034,1310189,15690,1,BI,1,100,1000
1766789036.749034,1311149,15856,1,BI,1,100,960
1766789037.589034,1311989,15988,1,BI,1,100,840
1766789038.468034,1312868,16142,1,BI,1,100,880
1766789039.402034,1313802,16294,1,BI,1,100,920
1766789040.362034,1314762,16442,1,BI,1,100,960
1766789041.201034,1315601,16591,1,BI,1,100,840
1766789042.121034,1316521,16743,1,BI,1,100,920
1766789043.001034,1317401,16896,1,BI,1,100,880
1766789043.854034,1318254,17030,1,BI,1,100,840
1766789044.648034,1319048,17163,1,BI,1,100,800
1766789045.488034,1319888,17297,1,BI,1,100,840
1766789046.421034,1320821,17447,1,BI,1,100,920
1766789047.381034,1321781,17615,1,BI,1,100,960
1766789048.261034,1322661,17753,1,BI,1,100,880
1766789049.141034,1323541,17901,1,BI,1,100,880
1766789050.067034,1324467,18052,1,BI,1,100,920
1766789050.947034,1325347,18200,1,BI,1,100,880
1766789051.787034,1326187,18333,1,BI,1,100,840
1766789052.634034,1327034,18466,1,BI,1,100,840
1766789053.553034,1327953,18617,1,BI,1,100,920
1766789054.447034,1328847,18766,1,BI,1,100,880
1766789055.400034,1329800,18917,1,BI,1,100,960
1766789056.320034,1330720,19084,1,BI,1,100,920
1766789057.246034,1331646,19234,1,BI,1,100,920
1766789058.046034,1332446,19371,1,BI,1,100,800
1766789058.886034,1333286,19507,1,BI,1,100,840
1766789059.933034,1334333,19673,1,BI,1,100,1040
1766789060.533034,1334933,19776,1,BI,1,100,600
1766789061.466034,1335866,19929,1,BI,1,100,920
1766789062.346034,1336746,20080,1,BI,1,100,880
1766789063.266034,1337666,20232,1,BI,1,100,920
1766789063.866034,1338266,20333,1,BI,1,100,600
1766789064.706034,1339106,20465,1,BI,1,100,840
1766789065.466034,1339866,20600,1,BI,1,100,760
1766789066.239034,1340639,20717,1,BI,1,100,760
1766789067.119034,1341519,20871,1,BI,1,100,880
1766789067.879034,1342279,20990,1,BI,1,100,760
1766789068.679034,1343079,21122,1,BI,1,100,800
1766789069.479034,1343879,21261,1,BI,1,100,800
1766789070.279034,1344679,21395,1,BI,1,100,800
1766789071.292034,1345692,21559,1,BI,1,100,1000
1766789071.965034,1346365,21677,1,BI,1,100,680
1766789072.778034,1347178,21799,1,BI,1,100,800
1766789073.658034,1348058,21952,1,BI,1,100,880
1766789074.578034,1348978,22105,1,BI,1,100,920
1766789074.658034,1349058,22124,1,BI,1,100,80
1766789075.418034,1349818,22239,1,BI,1,100,760
1766789076.258034,1350658,22389,1,BI,1,100,840
1766789077.058034,1351458,22522,1,BI,1,100,800
1766789077.951034,1352351,22656,1,BI,1,100,880
1766789078.951034,1353351,22824,1,BI,1,100,1000
1766789079.951034,1354351,22988,1,BI,1,100,1000
1766789080.591034,1354991,23089,1,BI,1,100,640
1766789081.471034,1355871,23244,1,BI,1,100,880
1766789082.324034,1356724,23376,1,BI,1,100,840
1766789083.204034,1357604,23529,1,BI,1,100,880
1766789084.004034,1358404,23662,1,BI,1,100,800
1766789084.924034,1359324,23810,1,BI,1,100,920
1766789085.764034,1360164,23944,1,BI,1,100,840
1766789086.537034,1360937,24076,1,BI,1,100,760
1766789087.250034,1361650,24192,1,BI,1,100,720
1766789088.050034,1362450,24326,1,BI,1,100,800
1766789088.943034,1363343,24475,1,BI,1,100,880
1766789089.663034,1364063,24591,1,BI,1,100,720
1766789090.463034,1364863,24724,1,BI,1,100,800
1766789091.223034,1365623,24843,1,BI,1,100,760
1766789092.070034,1366470,24991,1,BI,1,100,840
1766789092.910034,1367310,25131,1,BI,1,100,840
1766789093.710034,1368110,25247,1,BI,1,100,800
1766789094.549034,1368949,25396,1,BI,1,100,840
1766789095.316034,1369716,25516,1,BI,1,100,760
1766789096.036034,1370436,25632,1,BI,1,100,720
1766789096.756034,1371156,25749,1,BI,1,100,720
1766789097.556034,1371956,25886,1,BI,1,100,800
1766789098.409034,1372809,26039,1,BI,1,100,840
1766789099.209034,1373609,26171,1,BI,1,100,800
1766789100.129034,1374529,26323,1,BI,1,100,920
1766789100.969034,1375369,26455,1,BI,1,100,840
1766789101.849034,1376249,26606,1,BI,1,100,880
1766789102.569034,1376969,26722,1,BI,1,100,720
1766789103.422034,1377822,26858,1,BI,1,100,840
1766789104.302034,1378702,27007,1,BI,1,100,880
1766789105.228034,1379628,27157,1,BI,1,100,920
1766789106.188034,1380588,27309,1,BI,1,100,960
1766789107.228034,1381628,27495,1,BI,1,100,1040
1766789108.068034,1382468,27629,1,BI,1,100,840
1766789109.028034,1383428,27780,1,BI,1,100,960
1766789110.001034,1384401,27944,1,BI,1,100,960
1766789111.041034,1385441,28114,1,BI,1,100,1040
1766789111.801034,1386201,28247,1,BI,1,100,760
1766789112.841034,1387241,28418,1,BI,1,100,1040
1766789113.841034,1388241,28567,1,BI,1,100,1000
1766789114.774034,1389174,28731,1,BI,1,100,920
1766789115.647034,1390047,28865,1,BI,1,100,880
1766789116.661034,1391061,29035,1,BI,1,100,1000
1766789117.502034,1391902,29189,1,BI,1,100,840
1766789118.460034,1392860,29344,1,BI,1,100,960
1766789119.420034,1393820,29492,1,BI,1,100,960
1766789120.347034,1394747,29657,1,BI,1,100,920
1766789121.227034,1395627,29790,1,BI,1,100,880
1766789122.107034,1396507,29938,1,BI,1,100,880
1766789122.947034,1397347,30073,1,BI,1,100,840
1766789123.880034,1398280,30225,1,BI,1,100,920
1766789124.720034,1399120,30377,1,BI,1,100,840
1766789125.600034,1400000,30510,1,BI,1,100,880
1766789126.440034,1400840,30662,1,BI,1,100,840
1766789127.446034,1401846,30814,1,BI,1,100,1000
1766789128.406034,1402806,30986,1,BI,1,100,960
1766789129.366034,1403766,31138,1,BI,1,100,960
1766789130.286034,1404686,31287,1,BI,1,100,920
1766789131.379034,1405779,31468,1,BI,1,100,1080
1766789132.221034,1406621,31601,1,BI,1,100,840
1766789133.266034,1407666,31769,1,BI,1,100,1040
1766789134.066034,1408466,31901,1,BI,1,100,800
1766789135.026034,1409426,32067,1,BI,1,100,960
1766789135.945034,1410345,32218,1,BI,1,100,920
1766789136.905034,1411305,32369,1,BI,1,100,960
1766789137.838034,1412238,32518,1,BI,1,100,920
1766789138.678034,1413078,32668,1,BI,1,100,840
1766789139.678034,1414078,32836,1,BI,1,100,1000
1766789140.558034,1414958,32971,1,BI,1,100,880
1766789141.478034,1415878,33121,1,BI,1,100,920
1766789142.211034,1416611,33254,1,BI,1,100,720
1766789143.091034,1417491,33388,1,BI,1,100,880
1766789143.931034,1418331,33540,1,BI,1,100,840
1766789144.651034,1419051,33659,1,BI,1,100,720
1766789145.571034,1419971,33811,1,BI,1,100,920
1766789146.464034,1420864,33962,1,BI,1,100,880
1766789147.466034,1421866,34113,1,BI,1,100,1000
1766789148.337034,1422737,34264,1,BI,1,100,880
1766789149.231034,1423631,34418,1,BI,1,100,880
1766789150.144034,1424544,34571,1,BI,1,100,920
1766789150.877034,1425277,34687,1,BI,1,100,720
1766789151.837034,1426237,34855,1,BI,1,100,960
1766789152.717034,1427117,34989,1,BI,1,100,880
1766789153.477034,1427877,35110,1,BI,1,100,760
1766789154.317034,1428717,35261,1,BI,1,100,840
1766789155.197034,1429597,35397,1,BI,1,100,880
1766789156.050034,1430450,35543,1,BI,1,100,840
1766789156.890034,1431290,35678,1,BI,1,100,840
1766789157.770034,1432170,35829,1,BI,1,100,880
1766789158.610034,1433010,35964,1,BI,1,100,840
1766789159.410034,1433810,36100,1,BI,1,100,800
1766789160.264034,1434664,36235,1,BI,1,100,840
1766789161.063034,1435463,36367,1,BI,1,100,800
1766789161.783034,1436183,36484,1,BI,1,100,720
1766789162.543034,1436943,36621,1,BI,1,100,760
1766789164.269034,1438669,36905,1,BI,1,100,1720
1766789164.829034,1439229,36988,1,BI,1,100,560
1766789165.469034,1439869,37105,1,BI,1,100,640
1766789166.429034,1440829,37255,1,BI,1,100,960
1766789167.322034,1441722,37405,1,BI,1,100,880
1766789168.122034,1442522,37539,1,BI,1,100,800
1766789168.922034,1443322,37674,1,BI,1,100,800
1766789169.722034,1444122,37789,1,BI,1,100,800
1766789170.522034,1444922,37926,1,BI,1,100,800
1766789171.242034,1445642,38048,1,BI,1,100,720
1766789172.015034,1446415,38180,1,BI,1,100,760
1766789172.775034,1447175,38297,1,BI,1,100,760
1766789173.568034,1447968,38425,1,BI,1,100,800
1766789174.301034,1448701,38544,1,BI,1,100,720
1766789175.061034,1449461,38680,1,BI,1,100,760
1766789176.061034,1450461,38847,1,BI,1,100,1000
1766789176.781034,1451181,38963,1,BI,1,100,720
1766789177.581034,1451981,39096,1,BI,1,100,800
1766789178.541034,1452941,39248,1,BI,1,100,960
1766789179.154034,1453554,39348,1,BI,1,100,600
1766789179.874034,1454274,39468,1,BI,1,100,720
1766789180.794034,1455194,39616,1,BI,1,100,920
1766789181.674034,1456074,39764,1,BI,1,100,880
1766789182.554034,1456954,39914,1,BI,1,100,880
1766789183.447034,1457847,40066,1,BI,1,100,880
1766789184.247034,1458647,40185,1,BI,1,100,800
1766789184.927034,1459327,40304,1,BI,1,100,680
1766789185.807034,1460207,40458,1,BI,1,100,880
1766789186.567034,1460967,40575,1,BI,1,100,760
1766789187.567034,1461967,40743,1,BI,1,100,1000
1766789188.460034,1462860,40900,1,BI,1,100,880
1766789189.140034,1463540,41022,1,BI,1,100,680
1766789189.860034,1464260,41140,1,BI,1,100,720
1766789190.700034,1465100,41274,1,BI,1,100,840
1766789191.540034,1465940,41409,1,BI,1,100,840
1766789193.195034,1467595,41673,1,BI,1,100,1640
1766789194.153034,1468553,41840,1,BI,1,100,960
1766789194.793034,1469193,41940,1,BI,1,100,640
1766789195.513034,1469913,42057,1,BI,1,100,720
1766789198.366034,1472766,42519,1,BI,1,100,2840
1766789200.046034,1474446,42800,1,BI,1,100,1680
1766789200.566034,1474966,42887,1,BI,1,100,520
1766789202.859034,1477259,43252,1,BI,1,100,2280
1766789204.818034,1479218,43583,1,BI,1,100,1960
1766789207.552034,1481952,44028,1,BI,1,100,2720
1766789208.838034,1483238,44227,1,BI,1,100,1280
1766789209.878034,1484278,44411,1,BI,1,100,1040
1766789210.438034,1484838,44494,1,BI,1,100,560
1766789211.038034,1485438,44595,1,BI,1,100,600
1766789211.998034,1486398,44763,1,BI,1,100,960
1766789214.331034,1488731,45132,1,BI,1,100,2320
1766789214.691034,1489091,45199,1,BI,1,100,360
1766789215.331034,1489731,45300,1,BI,1,100,640
1766789215.611034,1490011,45350,1,BI,1,100,280
1766789216.291034,1490691,45466,1,BI,1,100,680
1766789216.651034,1491051,45517,1,BI,1,100,360
1766789217.904034,1492304,45718,1,BI,1,100,1240
1766789220.632034,1495032,46168,1,BI,1,100,2720
1766789221.230034,1495630,46269,1,BI,1,100,600
1766789221.590034,1495990,46336,1,BI,1,100,360
1766789222.310034,1496710,46451,1,BI,1,100,720
1766789222.950034,1497350,46556,1,BI,1,100,640
1766789224.116034,1498516,46753,1,BI,1,100,1160
1766789226.770034,1501170,47180,1,BI,1,100,2640
1766789228.736034,1503136,47500,1,BI,1,100,1960
1766789229.136034,1503536,47567,1,BI,1,100,400
1766789230.616034,1505016,47815,1,BI,1,100,1480
1766789231.336034,1505736,47933,1,BI,1,100,720
1766789232.176034,1506576,48065,1,BI,1,100,840
1766789233.382034,1507782,48265,1,BI,1,100,1200
1766789233.782034,1508182,48315,1,BI,1,100,400
1766789235.022034,1509422,48532,1,BI,1,100,1240
1766789236.195034,1510595,48716,1,BI,1,100,1160
1766789237.435034,1511835,48931,1,BI,1,100,1240
1766789238.675034,1513075,49131,1,BI,1,100,1240
1766789239.595034,1513995,49282,1,BI,1,100,920
1766789240.648034,1515048,49446,1,BI,1,100,1040
1766789242.335034,1516735,49726,1,BI,1,100,1680
1766789243.574034,1517974,49926,1,BI,1,100,1240
1766789245.654034,1520054,50270,1,BI,1,100,2080
1766789247.667034,1522067,50586,1,BI,1,100,2000
1766789249.867034,1524267,50947,1,BI,1,100,2200
1766789250.747034,1525147,51096,1,BI,1,100,880
1766789251.760034,1526160,51262,1,BI,1,100,1000
1766789252.240034,1526640,51329,1,BI,1,100,480
1766789253.320034,1527720,51513,1,BI,1,100,1080
1766789253.847034,1528247,51596,1,BI,1,100,520
1766789254.447034,1528847,51697,1,BI,1,100,600
1766789255.727034,1530127,51899,1,BI,1,100,1280
1766789257.646034,1532046,52212,1,BI,1,100,1920
1766789258.900034,1533300,52427,1,BI,1,100,1240
1766789259.500034,1533900,52527,1,BI,1,100,600
1766789260.659034,1535059,52709,1,BI,1,100,1160
1766789261.866034,1536266,52906,1,BI,1,100,1200
1766789262.626034,1537026,53024,1,BI,1,100,760
1766789263.786034,1538186,53225,1,BI,1,100,1160
1766789266.159034,1540559,53602,1,BI,1,100,2360
1766789266.959034,1541359,53736,1,BI,1,100,800
1766789267.639034,1542039,53852,1,BI,1,100,680
1766789268.279034,1542679,53953,1,BI,1,100,640
1766789270.052034,1544452,54249,1,BI,1,100,1760
1766789271.012034,1545412,54401,1,BI,1,100,960
1766789272.532034,1546932,54646,1,BI,1,100,1520
1766789273.532034,1547932,54814,1,BI,1,100,1000
1766789274.338034,1548738,54933,1,BI,1,100,800
1766789275.298034,1549698,55097,1,BI,1,100,960
1766789275.778034,1550178,55180,1,BI,1,100,480
1766789277.351034,1551751,55427,1,BI,1,100,1560
1766789279.438034,1553838,55775,1,BI,1,100,2080
1766789280.877034,1555277,56006,1,BI,1,100,1440
1766789282.557034,1556957,56271,1,BI,1,100,1680
1766789282.997034,1557397,56358,1,BI,1,100,440
1766789283.479034,1557879,56425,1,BI,1,100,480
1766789284.451034,1558851,56591,1,BI,1,100,960
1766789287.410034,1561810,57068,1,BI,1,100,2960
1766789288.663034,1563063,57284,1,BI,1,100,1240
1766789289.463034,1563863,57419,1,BI,1,100,800
1766789291.183034,1565583,57699,1,BI,1,100,1720
1766789292.183034,1566583,57848,1,BI,1,100,1000
1766789293.270034,1567670,58033,1,BI,1,100,1080
1766789293.996034,1568396,58148,1,BI,1,100,720
1766789294.916034,1569316,58300,1,BI,1,100,920
1766789295.956034,1570356,58466,1,BI,1,100,1040
1766789297.402034,1571802,58695,1,BI,1,100,1440
1766789298.122034,1572522,58814,1,BI,1,100,720
1766789298.922034,1573322,58946,1,BI,1,100,800
1766789300.695034,1575095,59241,1,BI,1,100,1760
1766789301.295034,1575695,59342,1,BI,1,100,600
1766789301.935034,1576335,59443,1,BI,1,100,640
1766789302.255034,1576655,59493,1,BI,1,100,320
1766789303.535034,1577935,59711,1,BI,1,100,1280
1766789305.228034,1579628,59992,1,BI,1,100,1680
1766789307.475034,1581875,60353,1,BI,1,100,2240
1766789308.435034,1582835,60504,1,BI,1,100,960
1766789309.121034,1583521,60620,1,BI,1,100,680
1766789310.521034,1584921,60853,1,BI,1,100,1400
1766789312.241034,1586641,61135,1,BI,1,100,1720
1766789314.174034,1588574,61436,1,BI,1,100,1920
1766789317.054034,1591454,61911,1,BI,1,100,2880
1766789317.787034,1592187,62027,1,BI,1,100,720
1766789318.427034,1592827,62130,1,BI,1,100,640
1766789319.220034,1593620,62262,1,BI,1,100,800
1766789319.954034,1594354,62377,1,BI,1,100,720
1766789321.033034,1595433,62561,1,BI,1,100,1080
1766789321.627034,1596027,62660,1,BI,1,100,600
1766789323.120034,1597520,62895,1,BI,1,100,1480
1766789324.280034,1598680,63092,1,BI,1,100,1160
1766789324.600034,1599000,63142,1,BI,1,100,320
1766789325.920034,1600320,63359,1,BI,1,100,1320
1766789327.533034,1601933,63622,1,BI,1,100,1600
1766789329.773034,1604173,63986,1,BI,1,100,2240
1766789332.266034,1606666,64396,1,BI,1,100,2480
1766789333.625034,1608025,64615,1,BI,1,100,1360
1766789334.905034,1609305,64796,1,BI,1,100,1280
1766789336.521034,1610921,65059,1,BI,1,100,1600
1766789337.878034,1612278,65292,1,BI,1,100,1360
1766789339.038034,1613438,65475,1,BI,1,100,1160
1766789340.531034,1614931,189,1,BI,1,100,1480
1766789342.291034,1616691,468,1,BI,1,100,1760
1766789343.491034,1617891,668,1,BI,1,100,1200
1766789343.811034,1618211,719,1,BI,1,100,320
1766789345.504034,1619904,998,1,BI,1,100,1680
1766789345.904034,1620304,1065,1,BI,1,100,400
1766789346.704034,1621104,1198,1,BI,1,100,800
1766789348.224034,1622624,1448,1,BI,1,100,1520
1766789349.671034,1624071,1678,1,BI,1,100,1440
1766789352.644034,1627044,2156,1,BI,1,100,2960
1766789353.524034,1627924,2308,1,BI,1,100,880
1766789353.970034,1628370,2375,1,BI,1,100,440
1766789355.443034,1629843,2609,1,BI,1,100,1480
1766789356.777034,1631177,2842,1,BI,1,100,1320
1766789357.976034,1632376,3022,1,BI,1,100,1200
1766789359.176034,1633576,3222,1,BI,1,100,1200
1766789360.389034,1634789,3422,1,BI,1,100,1200
1766789361.789034,1636189,3653,1,BI,1,100,1400
1766789362.829034,1637229,3821,1,BI,1,100,1040
1766789364.629034,1639029,4117,1,BI,1,100,1800
1766789365.442034,1639842,4250,1,BI,1,100,800
1766789366.162034,1640562,4368,1,BI,1,100,720
1766789366.602034,1641002,4452,1,BI,1,100,440
1766789367.442034,1641842,4584,1,BI,1,100,840
1766789368.082034,1642482,4685,1,BI,1,100,640
1766789368.722034,1643122,4786,1,BI,1,100,640
1766789370.568034,1644968,5097,1,BI,1,100,1840
1766789371.862034,1646262,5297,1,BI,1,100,1280
1766789372.182034,1646582,5364,1,BI,1,100,320
1766789372.822034,1647222,5465,1,BI,1,100,640
1766789373.582034,1647982,5582,1,BI,1,100,760
1766789375.268034,1649668,5862,1,BI,1,100,1680
1766789377.714034,1652114,6260,1,BI,1,100,2440
1766789378.914034,1653314,6459,1,BI,1,100,1200
1766789379.881034,1654281,6608,1,BI,1,100,960
1766789381.961034,1656361,6954,1,BI,1,100,2080
1766789383.214034,1657614,7155,1,BI,1,100,1240
1766789384.174034,1658574,7304,1,BI,1,100,960
1766789388.027034,1662427,7927,1,BI,1,100,3840
1766789388.467034,1662867,8011,1,BI,1,100,440
1766789389.147034,1663547,8112,1,BI,1,100,680
1766789389.787034,1664187,8228,1,BI,1,100,640
1766789394.079034,1668479,8918,1,BI,1,100,4280
1766789394.839034,1669239,9036,1,BI,1,100,760
1766789396.319034,1670719,9284,1,BI,1,100,1480
1766789397.172034,1671572,9416,1,BI,1,100,840
1766789397.812034,1672212,9517,1,BI,1,100,640
1766789399.293034,1673693,9765,1,BI,1,100,1480
1766789399.692034,1674092,9833,1,BI,1,100,400
1766789400.652034,1675052,9981,1,BI,1,100,960
1766789401.105034,1675505,10066,1,BI,1,100,440
1766789401.785034,1676185,10181,1,BI,1,100,680
1766789402.505034,1676905,10297,1,BI,1,100,720
1766789403.225034,1677625,10416,1,BI,1,100,720
1766789403.825034,1678225,10515,1,BI,1,100,600
1766789404.505034,1678905,10616,1,BI,1,100,680
1766789405.185034,1679585,10732,1,BI,1,100,680
1766789406.638034,1681038,10980,1,BI,1,100,1440
1766789407.478034,1681878,11112,1,BI,1,100,840
1766789408.158034,1682558,11230,1,BI,1,100,680
1766789409.198034,1683598,11396,1,BI,1,100,1040
1766789410.251034,1684651,11560,1,BI,1,100,1040
1766789411.171034,1685571,11709,1,BI,1,100,920
1766789411.691034,1686091,11793,1,BI,1,100,520
1766789412.411034,1686811,11909,1,BI,1,100,720
1766789413.331034,1687731,12060,1,BI,1,100,920
1766789413.691034,1688091,12128,1,BI,1,100,360
1766789414.531034,1688931,12260,1,BI,1,100,840
1766789415.304034,1689704,12395,1,BI,1,100,760
1766789415.944034,1690344,12493,1,BI,1,100,640
1766789416.544034,1690944,12594,1,BI,1,100,600
1766789417.144034,1691544,12693,1,BI,1,100,600
1766789418.144034,1692544,12861,1,BI,1,100,1000
1766789419.470034,1693870,13075,1,BI,1,100,1320
1766789419.910034,1694310,13142,1,BI,1,100,440
1766789422.563034,1696963,13569,1,BI,1,100,2640
1766789423.483034,1697883,13719,1,BI,1,100,920
1766789424.043034,1698443,13820,1,BI,1,100,560
1766789424.890034,1699290,13954,1,BI,1,100,840
1766789425.330034,1699730,14023,1,BI,1,100,440
1766789426.130034,1700530,14156,1,BI,1,100,800
1766789427.009034,1701409,14304,1,BI,1,100,880
1766789428.303034,1702703,14521,1,BI,1,100,1280
1766789431.742034,1706142,15079,1,BI,1,100,3440
1766789432.996034,1707396,15280,1,BI,1,100,1240
1766789433.875034,1708275,15429,1,BI,1,100,880
1766789436.162034,1710562,15790,1,BI,1,100,2280
1766789437.402034,1711802,15989,1,BI,1,100,1240
1766789439.122034,1713522,16271,1,BI,1,100,1720
1766789439.775034,1714175,16388,1,BI,1,100,640
1766789440.815034,1715215,16553,1,BI,1,100,1040
1766789443.061034,1717461,16918,1,BI,1,100,2240
1766789444.021034,1718421,17067,1,BI,1,100,960
1766789445.261034,1719661,17283,1,BI,1,100,1240
1766789446.554034,1720954,17481,1,BI,1,100,1280
1766789447.147034,1721547,17582,1,BI,1,100,600
1766789448.161034,1722561,17748,1,BI,1,100,1000
1766789449.514034,1723914,17963,1,BI,1,100,1360
1766789450.767034,1725167,18181,1,BI,1,100,1240
1766789452.120034,1726520,18396,1,BI,1,100,1360
1766789453.294034,1727694,18595,1,BI,1,100,1160
1766789454.053034,1728453,18710,1,BI,1,100,760
1766789454.773034,1729173,18831,1,BI,1,100,720
1766789456.213034,1730613,19062,1,BI,1,100,1440
1766789457.986034,1732386,19356,1,BI,1,100,1760
1766789459.026034,1733426,19526,1,BI,1,100,1040
1766789459.746034,1734146,19642,1,BI,1,100,720
1766789460.946034,1735346,19841,1,BI,1,100,1200
1766789462.393034,1736793,20072,1,BI,1,100,1440
1766789463.513034,1737913,20256,1,BI,1,100,1120
1766789464.406034,1738806,20407,1,BI,1,100,880
1766789464.919034,1739319,20491,1,BI,1,100,520
1766789466.492034,1740892,20756,1,BI,1,100,1560
1766789466.892034,1741292,20806,1,BI,1,100,400
1766789468.132034,1742532,21023,1,BI,1,100,1240
1766789468.612034,1743012,21090,1,BI,1,100,480
1766789469.772034,1744172,21288,1,BI,1,100,1160
1766789471.065034,1745465,21502,1,BI,1,100,1280
1766789472.025034,1746425,21651,1,BI,1,100,960
1766789472.745034,1747145,21768,1,BI,1,100,720
1766789473.225034,1747625,21855,1,BI,1,100,480
1766789473.945034,1748345,21972,1,BI,1,100,720
1766789475.238034,1749638,22170,1,BI,1,100,1280
1766789479.404034,1753804,22842,1,BI,1,100,4160
1766789480.691034,1755091,23057,1,BI,1,100,1280
1766789481.451034,1755851,23190,1,BI,1,100,760
1766789481.971034,1756371,23273,1,BI,1,100,520
1766789482.691034,1757091,23389,1,BI,1,100,720
1766789483.331034,1757731,23492,1,BI,1,100,640
1766789484.010034,1758410,23607,1,BI,1,100,680
1766789484.864034,1759264,23740,1,BI,1,100,840
1766789484.984034,1759384,23759,1,BI,1,100,120
1766789485.784034,1760184,23892,1,BI,1,100,800
1766789486.424034,1760824,24007,1,BI,1,100,640
1766789487.063034,1761463,24107,1,BI,1,100,640
1766789487.863034,1762263,24240,1,BI,1,100,800
1766789489.277034,1763677,24473,1,BI,1,100,1400
1766789490.637034,1765037,24688,1,BI,1,100,1360
1766789491.276034,1765676,24787,1,BI,1,100,640
1766789491.998034,1766398,24903,1,BI,1,100,720
1766789492.836034,1767236,25052,1,BI,1,100,840
1766789493.489034,1767889,25155,1,BI,1,100,640
1766789494.209034,1768609,25270,1,BI,1,100,720
1766789495.209034,1769609,25436,1,BI,1,100,1000
1766789495.649034,1770049,25503,1,BI,1,100,440
1766789496.369034,1770769,25619,1,BI,1,100,720
1766789497.049034,1771449,25736,1,BI,1,100,680
1766789497.862034,1772262,25869,1,BI,1,100,800
1766789498.462034,1772862,25970,1,BI,1,100,600
1766789499.222034,1773622,26088,1,BI,1,100,760
1766789499.989034,1774389,26220,1,BI,1,100,760
1766789500.509034,1774909,26303,1,BI,1,100,520
1766789501.429034,1775829,26451,1,BI,1,100,920
1766789502.029034,1776429,26552,1,BI,1,100,600
1766789502.909034,1777309,26701,1,BI,1,100,880
1766789503.668034,1778068,26819,1,BI,1,100,760
1766789504.642034,1779042,26985,1,BI,1,100,960
1766789505.075034,1779475,27052,1,BI,1,100,440
1766789505.835034,1780235,27185,1,BI,1,100,760
1766789506.275034,1780675,27252,1,BI,1,100,440
1766789508.655034,1783055,27632,1,BI,1,100,2360
1766789509.415034,1783815,27766,1,BI,1,100,760
1766789509.855034,1784255,27834,1,BI,1,100,440
1766789510.654034,1785054,27966,1,BI,1,100,800
1766789511.134034,1785534,28051,1,BI,1,100,480
1766789511.774034,1786174,28153,1,BI,1,100,640
1766789512.454034,1786854,28269,1,BI,1,100,680
1766789513.428034,1787828,28437,1,BI,1,100,960
1766789514.147034,1788547,28553,1,BI,1,100,720
1766789515.067034,1789467,28704,1,BI,1,100,920
1766789516.627034,1791027,28952,1,BI,1,100,1560
1766789517.563034,1791963,29102,1,BI,1,100,920
1766789518.274034,1792674,29221,1,BI,1,100,720
1766789521.800034,1796200,29796,1,BI,1,100,3520
1766789525.660034,1800060,30422,1,BI,1,100,3840
1766789526.300034,1800700,30523,1,BI,1,100,640
1766789530.193034,1804593,31150,1,BI,1,100,3880
1766789530.713034,1805113,31248,1,BI,1,100,520
1766789531.313034,1805713,31349,1,BI,1,100,600
1766789531.912034,1806312,31434,1,BI,1,100,600
1766789534.645034,1809045,31881,1,BI,1,100,2720
1766789536.125034,1810525,32129,1,BI,1,100,1480
1766789540.265034,1814665,32787,1,BI,1,100,4120
1766789541.185034,1815585,32936,1,BI,1,100,920
1766789542.305034,1816705,33117,1,BI,1,100,1120
1766789546.558034,1820958,33807,1,BI,1,100,4240
1766789549.491034,1823891,34288,1,BI,1,100,2920
1766789549.811034,1824211,34339,1,BI,1,100,320
1766789550.684034,1825084,34488,1,BI,1,100,880
1766789551.204034,1825604,34572,1,BI,1,100,520
1766789552.217034,1826617,34740,1,BI,1,100,1000
1766789552.937034,1827337,34856,1,BI,1,100,720
1766789553.257034,1827657,34908,1,BI,1,100,320
1766789553.577034,1827977,34975,1,BI,1,100,320
1766789555.937034,1830337,35341,1,BI,1,100,2360
1766789556.630034,1831030,35459,1,BI,1,100,680
1766789561.923034,1836323,36311,1,BI,1,100,5280
1766789563.009034,1837409,36493,1,BI,1,100,1080
1766789563.769034,1838169,36627,1,BI,1,100,760
1766789564.569034,1838969,36760,1,BI,1,100,800
1766789565.569034,1839969,36912,1,BI,1,100,1000
1766789568.495034,1842895,37388,1,BI,1,100,2920
1766789568.855034,1843255,37456,1,BI,1,100,360
1766789570.029034,1844429,37637,1,BI,1,100,1160
1766789572.548034,1846948,38049,1,BI,1,100,2520
1766789574.321034,1848721,38347,1,BI,1,100,1760
1766789575.161034,1849561,38479,1,BI,1,100,840
1766789576.808034,1851208,38742,1,BI,1,100,1640
1766789580.527034,1854927,39353,1,BI,1,100,3720
1766789581.581034,1855981,39519,1,BI,1,100,1040
1766789584.900034,1859300,40063,1,BI,1,100,3320
1766789585.954034,1860354,40229,1,BI,1,100,1040
1766789586.354034,1860754,40296,1,BI,1,100,400
