LocalTimestamp,EmotiBitTimestamp,PacketNumber,DataLength,TypeTag,ProtocolVersion,DataReliability,PI
1766633906.622678,44492.000,5151,3,PI,1,100,149065
1766633906.622678,44492.000,5151,3,PI,1,100,148935
1766633906.622678,44492.000,5151,3,PI,1,100,148887
1766633906.662674,44532.000,5168,2,PI,1,100,149075
1766633906.702671,44572.000,5168,2,PI,1,100,149253
1766633906.742668,44612.000,5184,3,PI,1,100,149447
1766633906.782665,44652.000,5184,3,PI,1,100,149411
1766633906.822661,44692.000,5184,3,PI,1,100,149287
1766633906.862658,44732.000,5202,2,PI,1,100,149287
1766633906.902655,44772.000,5202,2,PI,1,100,149382
1766633906.942652,44812.000,5216,3,PI,1,100,149548
1766633906.982649,44852.000,5216,3,PI,1,100,149700
1766633907.022645,44892.000,5216,3,PI,1,100,150066
1766633907.062642,44932.000,5233,2,PI,1,100,150480
1766633907.102639,44972.000,5233,2,PI,1,100,150810
1766633907.142636,45012.000,5250,3,PI,1,100,150916
1766633907.182632,45052.000,5250,3,PI,1,100,151039
1766633907.222629,45092.000,5250,3,PI,1,100,151099
1766633907.262626,45132.000,5267,2,PI,1,100,151202
1766633907.302623,45172.000,5267,2,PI,1,100,151473
1766633907.342619,45212.000,5281,3,PI,1,100,151639
1766633907.382616,45252.000,5281,3,PI,1,100,151937
1766633907.422613,45292.000,5281,3,PI,1,100,152259
1766633907.462610,45332.000,5298,3,PI,1,100,152575
1766633907.502606,45372.000,5298,3,PI,1,100,152722
1766633907.542603,45412.000,5298,3,PI,1,100,152809
1766633907.582600,45452.000,5315,2,PI,1,100,153302
1766633907.622597,45492.000,5315,2,PI,1,100,153921
1766633907.662594,45532.000,5332,3,PI,1,100,154350
1766633907.702590,45572.000,5332,3,PI,1,100,154717
1766633907.742587,45612.000,5332,3,PI,1,100,155052
1766633907.782584,45652.000,5346,2,PI,1,100,155507
1766633907.822581,45692.000,5346,2,PI,1,100,156002
1766633907.862577,45732.000,5364,3,PI,1,100,156346
1766633907.902574,45772.000,5364,3,PI,1,100,156636
1766633907.942571,45812.000,5364,3,PI,1,100,156954
1766633907.982568,45852.000,5380,2,PI,1,100,157234
1766633908.022564,45892.000,5380,2,PI,1,100,157472
1766633908.062895,45932.333,5397,3,PI,1,100,157726
1766633908.103225,45972.667,5397,3,PI,1,100,157971
1766633908.143555,46013.000,5397,3,PI,1,100,158392
1766633908.183052,46052.500,5413,2,PI,1,100,158831
1766633908.222548,46092.000,5413,2,PI,1,100,158990
1766633908.262545,46132.000,5429,3,PI,1,100,158943
1766633908.302542,46172.000,5429,3,PI,1,100,158845
1766633908.342539,46212.000,5429,3,PI,1,100,158867
1766633908.382535,46252.000,5445,2,PI,1,100,159137
1766633908.422532,46292.000,5445,2,PI,1,100,159537
1766633908.462529,46332.000,5463,3,PI,1,100,159911
1766633908.502526,46372.000,5463,3,PI,1,100,160209
1766633908.542522,46412.000,5463,3,PI,1,100,160462
1766633908.582519,46452.000,5479,2,PI,1,100,160733
1766633908.622516,46492.000,5479,2,PI,1,100,160952
1766633908.662513,46532.000,5494,3,PI,1,100,161088
1766633908.702509,46572.000,5494,3,PI,1,100,161262
1766633908.742506,46612.000,5494,3,PI,1,100,161444
1766633908.782503,46652.000,5510,3,PI,1,100,161625
1766633908.822500,46692.000,5510,3,PI,1,100,161713
1766633908.862497,46732.000,5510,3,PI,1,100,161898
1766633908.902493,46772.000,5530,2,PI,1,100,162049
1766633908.942490,46812.000,5530,2,PI,1,100,162133
1766633908.982487,46852.000,5546,3,PI,1,100,162155
1766633909.022484,46892.000,5546,3,PI,1,100,162113
1766633909.062480,46932.000,5546,3,PI,1,100,162101
1766633909.102477,46972.000,5561,2,PI,1,100,162217
1766633909.142474,47012.000,5561,2,PI,1,100,162310
1766633909.188970,47058.500,5578,2,PI,1,100,162370
1766633909.235466,47105.000,5578,2,PI,1,100,162445
1766633909.275463,47145.000,5595,3,PI,1,100,162553
1766633909.315460,47185.000,5595,3,PI,1,100,162586
1766633909.355457,47225.000,5595,3,PI,1,100,162616
1766633909.395453,47265.000,5611,2,PI,1,100,162699
1766633909.435450,47305.000,5611,2,PI,1,100,162715
1766633909.475447,47345.000,5627,3,PI,1,100,162763
1766633909.515444,47385.000,5627,3,PI,1,100,162658
1766633909.555440,47425.000,5627,3,PI,1,100,162394
1766633909.595937,47465.500,5643,2,PI,1,100,162341
1766633909.636434,47506.000,5643,2,PI,1,100,162543
1766633909.676097,47545.667,5660,3,PI,1,100,162893
1766633909.715761,47585.333,5660,3,PI,1,100,163117
1766633909.755424,47625.000,5660,3,PI,1,100,163248
1766633909.795421,47665.000,5676,3,PI,1,100,163448
1766633909.835418,47705.000,5676,3,PI,1,100,163542
1766633909.875415,47745.000,5676,3,PI,1,100,163254
1766633909.915411,47785.000,5692,2,PI,1,100,162948
1766633909.955408,47825.000,5692,2,PI,1,100,162571
1766633909.995405,47865.000,5708,3,PI,1,100,162516
1766633910.035402,47905.000,5708,3,PI,1,100,162661
1766633910.075398,47945.000,5708,3,PI,1,100,163003
1766633910.115395,47985.000,5725,2,PI,1,100,163287
1766633910.155392,48025.000,5725,2,PI,1,100,163558
1766633910.195389,48065.000,5742,3,PI,1,100,163649
1766633910.235385,48105.000,5742,3,PI,1,100,163736
1766633910.275382,48145.000,5742,3,PI,1,100,164160
1766633910.315379,48185.000,5758,2,PI,1,100,164589
1766633910.355376,48225.000,5758,2,PI,1,100,164724
1766633910.395373,48265.000,5773,3,PI,1,100,164883
1766633910.435369,48305.000,5773,3,PI,1,100,165054
1766633910.475366,48345.000,5773,3,PI,1,100,164947
1766633910.515363,48385.000,5791,2,PI,1,100,164649
1766633910.555360,48425.000,5791,2,PI,1,100,164547
1766633910.595356,48465.000,5807,3,PI,1,100,164883
1766633910.635353,48505.000,5807,3,PI,1,100,165325
1766633910.675350,48545.000,5807,3,PI,1,100,165616
1766633910.715347,48585.000,5824,2,PI,1,100,165699
1766633910.755343,48625.000,5824,2,PI,1,100,165804
1766633910.795340,48665.000,5839,3,PI,1,100,166105
1766633910.835337,48705.000,5839,3,PI,1,100,166458
1766633910.875334,48745.000,5839,3,PI,1,100,166709
1766633910.915330,48785.000,5856,2,PI,1,100,166887
1766633910.955327,48825.000,5856,2,PI,1,100,166979
1766633910.995324,48865.000,5872,3,PI,1,100,166752
1766633911.035321,48905.000,5872,3,PI,1,100,166418
1766633911.075318,48945.000,5872,3,PI,1,100,166356
1766633911.115314,48985.000,5889,2,PI,1,100,166474
1766633911.155311,49025.000,5889,2,PI,1,100,166523
1766633911.195308,49065.000,5904,3,PI,1,100,166612
1766633911.235305,49105.000,5904,3,PI,1,100,166637
1766633911.275301,49145.000,5904,3,PI,1,100,166685
1766633911.315298,49185.000,5921,3,PI,1,100,166737
1766633911.355295,49225.000,5921,3,PI,1,100,166876
1766633911.395292,49265.000,5921,3,PI,1,100,167049
1766633911.435288,49305.000,5937,2,PI,1,100,167214
1766633911.475285,49345.000,5937,2,PI,1,100,167220
1766633911.515282,49385.000,5955,3,PI,1,100,167237
1766633911.555279,49425.000,5955,3,PI,1,100,167293
1766633911.595276,49465.000,5955,3,PI,1,100,167382
1766633911.635272,49505.000,5969,2,PI,1,100,167438
1766633911.675269,49545.000,5969,2,PI,1,100,167564
1766633911.715266,49585.000,5991,3,PI,1,100,167589
1766633911.755263,49625.000,5991,3,PI,1,100,167511
1766633911.795259,49665.000,5991,3,PI,1,100,167192
1766633911.835256,49705.000,6008,2,PI,1,100,166822
1766633911.875253,49745.000,6008,2,PI,1,100,166706
1766633911.915250,49785.000,6025,3,PI,1,100,166802
1766633911.955246,49825.000,6025,3,PI,1,100,166841
1766633911.995243,49865.000,6025,3,PI,1,100,166811
1766633912.035240,49905.000,6039,2,PI,1,100,166901
1766633912.075237,49945.000,6039,2,PI,1,100,167051
1766633912.115233,49985.000,6056,3,PI,1,100,167083
1766633912.155230,50025.000,6056,3,PI,1,100,167063
1766633912.195227,50065.000,6056,3,PI,1,100,167068
1766633912.235224,50105.000,6073,2,PI,1,100,167138
1766633912.275221,50145.000,6073,2,PI,1,100,167170
1766633912.315217,50185.000,6090,3,PI,1,100,167222
1766633912.355214,50225.000,6090,3,PI,1,100,167326
1766633912.395211,50265.000,6090,3,PI,1,100,167319
1766633912.435208,50305.000,6104,2,PI,1,100,167365
1766633912.475204,50345.000,6104,2,PI,1,100,167445
1766633912.515201,50385.000,6122,3,PI,1,100,167539
1766633912.555198,50425.000,6122,3,PI,1,100,167682
1766633912.595195,50465.000,6122,3,PI,1,100,167850
1766633912.635191,50505.000,6138,2,PI,1,100,168016
1766633912.675188,50545.000,6138,2,PI,1,100,168103
1766633912.715185,50585.000,6155,3,PI,1,100,168195
1766633912.755182,50625.000,6155,3,PI,1,100,168250
1766633912.795178,50665.000,6155,3,PI,1,100,168193
1766633912.835175,50705.000,6171,3,PI,1,100,167980
1766633912.875172,50745.000,6171,3,PI,1,100,167707
1766633912.915169,50785.000,6171,3,PI,1,100,167484
1766633912.955166,50825.000,6187,2,PI,1,100,167323
1766633912.995162,50865.000,6187,2,PI,1,100,167408
1766633913.035159,50905.000,6203,3,PI,1,100,167561
1766633913.075156,50945.000,6203,3,PI,1,100,167667
1766633913.115153,50985.000,6203,3,PI,1,100,167679
1766633913.155149,51025.000,6220,2,PI,1,100,167563
1766633913.195146,51065.000,6220,2,PI,1,100,167568
1766633913.235143,51105.000,6236,3,PI,1,100,167742
1766633913.275140,51145.000,6236,3,PI,1,100,168016
1766633913.315136,51185.000,6236,3,PI,1,100,168339
1766633913.355133,51225.000,6252,2,PI,1,100,168448
1766633913.395130,51265.000,6252,2,PI,1,100,168445
1766633913.435127,51305.000,6268,3,PI,1,100,168420
1766633913.475123,51345.000,6268,3,PI,1,100,168329
1766633913.515120,51385.000,6268,3,PI,1,100,168259
1766633913.555117,51425.000,6286,2,PI,1,100,168416
1766633913.595114,51465.000,6286,2,PI,1,100,168658
1766633913.635111,51505.000,6302,3,PI,1,100,168767
1766633913.675107,51545.000,6302,3,PI,1,100,168839
1766633913.715104,51585.000,6302,3,PI,1,100,168838
1766633913.755101,51625.000,6317,2,PI,1,100,168796
1766633913.795098,51665.000,6317,2,PI,1,100,168834
1766633913.835094,51705.000,6334,3,PI,1,100,168816
1766633913.875091,51745.000,6334,3,PI,1,100,168867
1766633913.915088,51785.000,6334,3,PI,1,100,169066
1766633913.955085,51825.000,6353,2,PI,1,100,169250
1766633913.995081,51865.000,6353,2,PI,1,100,169367
1766633914.035078,51905.000,6369,3,PI,1,100,169450
1766633914.075075,51945.000,6369,3,PI,1,100,169531
1766633914.115072,51985.000,6369,3,PI,1,100,169582
1766633914.161568,52031.500,6385,2,PI,1,100,169584
1766633914.208064,52078.000,6385,2,PI,1,100,169685
1766633914.248061,52118.000,6401,3,PI,1,100,169837
1766633914.288058,52158.000,6401,3,PI,1,100,170003
1766633914.328055,52198.000,6401,3,PI,1,100,170111
1766633914.368051,52238.000,6418,2,PI,1,100,170162
1766633914.408048,52278.000,6418,2,PI,1,100,170194
1766633914.448045,52318.000,6434,3,PI,1,100,170318
1766633914.488042,52358.000,6434,3,PI,1,100,170405
1766633914.528038,52398.000,6434,3,PI,1,100,170524
1766633914.568035,52438.000,6450,2,PI,1,100,170603
1766633914.608032,52478.000,6450,2,PI,1,100,170669
1766633914.648029,52518.000,6466,3,PI,1,100,170726
1766633914.688025,52558.000,6466,3,PI,1,100,170715
1766633914.728022,52598.000,6466,3,PI,1,100,170716
1766633914.768019,52638.000,6483,2,PI,1,100,170656
1766633914.808016,52678.000,6483,2,PI,1,100,170548
1766633914.848012,52718.000,6500,3,PI,1,100,170418
1766633914.888009,52758.000,6500,3,PI,1,100,170399
1766633914.928006,52798.000,6500,3,PI,1,100,170471
1766633914.968003,52838.000,6515,2,PI,1,100,170542
1766633915.008000,52878.000,6515,2,PI,1,100,170589
1766633915.047996,52918.000,6531,3,PI,1,100,170635
1766633915.087993,52958.000,6531,3,PI,1,100,170739
1766633915.127990,52998.000,6531,3,PI,1,100,170832
1766633915.167987,53038.000,6549,3,PI,1,100,170814
1766633915.207983,53078.000,6549,3,PI,1,100,170841
1766633915.247980,53118.000,6549,3,PI,1,100,170933
1766633915.287977,53158.000,6565,2,PI,1,100,170959
1766633915.327974,53198.000,6565,2,PI,1,100,170982
1766633915.367970,53238.000,6581,3,PI,1,100,171000
1766633915.407967,53278.000,6581,3,PI,1,100,171077
1766633915.447964,53318.000,6581,3,PI,1,100,171175
1766633915.487961,53358.000,6597,2,PI,1,100,171190
1766633915.527957,53398.000,6597,2,PI,1,100,171147
1766633915.567954,53438.000,6614,3,PI,1,100,171158
1766633915.607951,53478.000,6614,3,PI,1,100,171269
1766633915.647948,53518.000,6614,3,PI,1,100,171328
1766633915.687945,53558.000,6630,2,PI,1,100,171343
1766633915.727941,53598.000,6630,2,PI,1,100,171324
1766633915.767938,53638.000,6647,3,PI,1,100,171237
1766633915.807935,53678.000,6647,3,PI,1,100,171306
1766633915.847932,53718.000,6647,3,PI,1,100,171376
1766633915.887928,53758.000,6662,2,PI,1,100,171615
1766633915.927925,53798.000,6662,2,PI,1,100,171837
1766633915.967922,53838.000,6679,3,PI,1,100,171985
1766633916.007919,53878.000,6679,3,PI,1,100,172152
1766633916.047915,53918.000,6679,3,PI,1,100,172217
1766633916.087912,53958.000,6695,2,PI,1,100,172032
1766633916.127909,53998.000,6695,2,PI,1,100,171687
1766633916.167906,54038.000,6713,3,PI,1,100,171248
1766633916.207902,54078.000,6713,3,PI,1,100,171014
1766633916.247899,54118.000,6713,3,PI,1,100,171066
1766633916.287896,54158.000,6727,2,PI,1,100,171297
1766633916.327893,54198.000,6727,2,PI,1,100,171501
1766633916.367890,54238.000,6746,3,PI,1,100,171680
1766633916.407886,54278.000,6746,3,PI,1,100,171784
1766633916.447883,54318.000,6746,3,PI,1,100,171857
1766633916.487880,54358.000,6763,3,PI,1,100,171935
1766633916.527877,54398.000,6763,3,PI,1,100,171868
1766633916.567873,54438.000,6763,3,PI,1,100,171581
1766633916.607870,54478.000,6780,2,PI,1,100,171322
1766633916.647867,54518.000,6780,2,PI,1,100,171339
1766633916.687864,54558.000,6794,3,PI,1,100,171499
1766633916.727860,54598.000,6794,3,PI,1,100,171664
1766633916.767857,54638.000,6794,3,PI,1,100,171802
1766633916.807854,54678.000,6818,2,PI,1,100,171831
1766633916.847851,54718.000,6818,2,PI,1,100,171949
1766633916.887848,54758.000,6835,3,PI,1,100,171855
1766633916.927844,54798.000,6835,3,PI,1,100,171761
1766633916.967841,54838.000,6835,3,PI,1,100,171704
1766633917.007838,54878.000,6854,3,PI,1,100,171705
1766633917.047835,54918.000,6854,3,PI,1,100,171803
1766633917.087831,54958.000,6854,3,PI,1,100,171924
1766633917.127828,54998.000,6870,2,PI,1,100,171937
1766633917.167825,55038.000,6870,2,PI,1,100,171891
1766633917.207822,55078.000,6886,3,PI,1,100,171867
1766633917.247818,55118.000,6886,3,PI,1,100,171861
1766633917.287815,55158.000,6886,3,PI,1,100,171888
1766633917.327812,55198.000,6902,2,PI,1,100,171979
1766633917.367809,55238.000,6902,2,PI,1,100,172051
1766633917.407805,55278.000,6919,3,PI,1,100,172101
1766633917.447802,55318.000,6919,3,PI,1,100,172213
1766633917.487799,55358.000,6919,3,PI,1,100,172396
1766633917.527796,55398.000,6936,2,PI,1,100,172524
1766633917.567793,55438.000,6936,2,PI,1,100,172630
1766633917.607789,55478.000,6951,3,PI,1,100,172699
1766633917.647786,55518.000,6951,3,PI,1,100,172776
1766633917.687783,55558.000,6951,3,PI,1,100,172862
1766633917.727780,55598.000,6967,2,PI,1,100,172896
1766633917.767776,55638.000,6967,2,PI,1,100,172879
1766633917.807773,55678.000,6985,3,PI,1,100,172890
1766633917.847770,55718.000,6985,3,PI,1,100,173002
1766633917.887767,55758.000,6985,3,PI,1,100,173189
1766633917.927763,55798.000,7001,2,PI,1,100,173316
1766633917.967760,55838.000,7001,2,PI,1,100,173433
1766633918.007757,55878.000,7016,3,PI,1,100,173495
1766633918.047754,55918.000,7016,3,PI,1,100,173614
1766633918.087750,55958.000,7016,3,PI,1,100,173658
1766633918.127747,55998.000,7032,2,PI,1,100,173681
1766633918.167744,56038.000,7032,2,PI,1,100,173704
1766633918.207741,56078.000,7050,3,PI,1,100,173699
1766633918.247738,56118.000,7050,3,PI,1,100,173679
1766633918.287734,56158.000,7050,3,PI,1,100,173713
1766633918.327731,56198.000,7066,3,PI,1,100,173787
1766633918.367728,56238.000,7066,3,PI,1,100,173859
1766633918.407725,56278.000,7066,3,PI,1,100,173999
1766633918.447721,56318.000,7081,2,PI,1,100,174153
1766633918.487718,56358.000,7081,2,PI,1,100,174310
1766633918.527715,56398.000,7098,3,PI,1,100,174411
1766633918.567712,56438.000,7098,3,PI,1,100,174462
1766633918.607708,56478.000,7098,3,PI,1,100,174457
1766633918.647705,56518.000,7115,2,PI,1,100,174462
1766633918.687702,56558.000,7115,2,PI,1,100,174467
1766633918.727699,56598.000,7131,3,PI,1,100,174521
1766633918.767695,56638.000,7131,3,PI,1,100,174605
1766633918.807692,56678.000,7131,3,PI,1,100,174716
1766633918.854188,56724.500,7148,2,PI,1,100,174794
1766633918.900685,56771.000,7148,2,PI,1,100,174869
1766633918.940681,56811.000,7165,2,PI,1,100,174942
1766633918.980678,56851.000,7165,2,PI,1,100,175033
1766633919.020675,56891.000,7182,3,PI,1,100,175074
1766633919.060672,56931.000,7182,3,PI,1,100,175060
1766633919.100669,56971.000,7182,3,PI,1,100,175044
1766633919.140665,57011.000,7199,3,PI,1,100,175000
1766633919.180662,57051.000,7199,3,PI,1,100,175065
1766633919.220659,57091.000,7199,3,PI,1,100,175171
1766633919.260656,57131.000,7216,2,PI,1,100,175205
1766633919.300653,57171.000,7216,2,PI,1,100,175304
1766633919.340649,57211.000,7230,3,PI,1,100,175369
1766633919.380646,57251.000,7230,3,PI,1,100,175459
1766633919.420643,57291.000,7230,3,PI,1,100,175552
1766633919.460639,57331.000,7247,2,PI,1,100,175726
1766633919.500636,57371.000,7247,2,PI,1,100,175947
1766633919.540633,57411.000,7264,3,PI,1,100,176241
1766633919.580630,57451.000,7264,3,PI,1,100,176522
1766633919.620626,57491.000,7264,3,PI,1,100,176641
1766633919.660623,57531.000,7281,2,PI,1,100,176665
1766633919.700620,57571.000,7281,2,PI,1,100,176657
1766633919.740617,57611.000,7295,3,PI,1,100,176668
1766633919.780614,57651.000,7295,3,PI,1,100,176727
1766633919.820610,57691.000,7295,3,PI,1,100,176789
1766633919.860607,57731.000,7313,2,PI,1,100,176834
1766633919.900604,57771.000,7313,2,PI,1,100,176926
1766633919.940601,57811.000,7329,3,PI,1,100,176914
1766633919.980597,57851.000,7329,3,PI,1,100,176897
1766633920.020594,57891.000,7329,3,PI,1,100,176923
1766633920.060591,57931.000,7346,2,PI,1,100,176967
1766633920.100588,57971.000,7346,2,PI,1,100,177070
1766633920.140584,58011.000,7361,3,PI,1,100,177193
1766633920.180581,58051.000,7361,3,PI,1,100,177243
1766633920.220578,58091.000,7361,3,PI,1,100,177332
1766633920.260575,58131.000,7378,3,PI,1,100,177416
1766633920.300572,58171.000,7378,3,PI,1,100,177472
1766633920.340568,58211.000,7378,3,PI,1,100,177512
1766633920.380565,58251.000,7394,2,PI,1,100,177583
1766633920.420562,58291.000,7394,2,PI,1,100,177677
1766633920.460559,58331.000,7411,3,PI,1,100,177713
1766633920.500556,58371.000,7411,3,PI,1,100,177746
1766633920.540552,58411.000,7411,3,PI,1,100,177794
1766633920.580549,58451.000,7427,2,PI,1,100,177787
1766633920.620546,58491.000,7427,2,PI,1,100,177774
1766633920.660542,58531.000,7443,3,PI,1,100,177770
1766633920.700539,58571.000,7443,3,PI,1,100,177800
1766633920.740536,58611.000,7443,3,PI,1,100,177882
1766633920.780533,58651.000,7459,2,PI,1,100,177969
1766633920.820529,58691.000,7459,2,PI,1,100,178003
1766633920.860526,58731.000,7477,3,PI,1,100,178000
1766633920.900523,58771.000,7477,3,PI,1,100,178000
1766633920.940520,58811.000,7477,3,PI,1,100,178049
1766633920.980517,58851.000,7492,2,PI,1,100,178098
1766633921.020513,58891.000,7492,2,PI,1,100,178109
1766633921.060510,58931.000,7508,3,PI,1,100,178121
1766633921.100507,58971.000,7508,3,PI,1,100,178123
1766633921.140504,59011.000,7508,3,PI,1,100,178096
1766633921.180501,59051.000,7525,2,PI,1,100,178087
1766633921.220497,59091.000,7525,2,PI,1,100,178143
1766633921.260494,59131.000,7542,3,PI,1,100,178169
1766633921.300491,59171.000,7542,3,PI,1,100,178194
1766633921.340487,59211.000,7542,3,PI,1,100,178200
1766633921.380484,59251.000,7558,3,PI,1,100,178233
1766633921.420481,59291.000,7558,3,PI,1,100,178259
1766633921.460478,59331.000,7558,3,PI,1,100,178274
1766633921.500474,59371.000,7574,2,PI,1,100,178315
1766633921.540471,59411.000,7574,2,PI,1,100,178346
1766633921.580468,59451.000,7590,3,PI,1,100,178388
1766633921.620465,59491.000,7590,3,PI,1,100,178405
1766633921.660462,59531.000,7590,3,PI,1,100,178403
1766633921.700458,59571.000,7607,2,PI,1,100,178392
1766633921.740455,59611.000,7607,2,PI,1,100,178442
1766633921.780452,59651.000,7623,3,PI,1,100,178537
1766633921.820449,59691.000,7623,3,PI,1,100,178609
1766633921.860445,59731.000,7623,3,PI,1,100,178672
1766633921.900442,59771.000,7644,2,PI,1,100,178717
1766633921.940439,59811.000,7644,2,PI,1,100,178725
1766633921.980436,59851.000,7660,3,PI,1,100,178698
1766633922.020432,59891.000,7660,3,PI,1,100,178707
1766633922.060429,59931.000,7660,3,PI,1,100,178663
1766633922.100426,59971.000,7677,2,PI,1,100,178718
1766633922.140423,60011.000,7677,2,PI,1,100,178758
1766633922.180419,60051.000,7694,3,PI,1,100,178816
1766633922.220416,60091.000,7694,3,PI,1,100,178828
1766633922.260413,60131.000,7694,3,PI,1,100,178843
1766633922.300410,60171.000,7709,2,PI,1,100,178797
1766633922.340407,60211.000,7709,2,PI,1,100,178854
1766633922.380403,60251.000,7725,3,PI,1,100,178987
1766633922.420400,60291.000,7725,3,PI,1,100,179006
1766633922.460397,60331.000,7725,3,PI,1,100,178977
1766633922.500394,60371.000,7743,3,PI,1,100,178938
1766633922.540390,60411.000,7743,3,PI,1,100,178773
1766633922.580387,60451.000,7743,3,PI,1,100,178792
1766633922.620384,60491.000,7759,2,PI,1,100,179023
1766633922.660381,60531.000,7759,2,PI,1,100,178885
1766633922.700377,60571.000,7777,3,PI,1,100,179169
1766633922.740374,60611.000,7777,3,PI,1,100,180145
1766633922.780371,60651.000,7777,3,PI,1,100,180279
1766633922.820368,60691.000,7793,2,PI,1,100,180867
1766633922.860365,60731.000,7793,2,PI,1,100,181138
1766633922.900361,60771.000,7810,3,PI,1,100,181045
1766633922.940358,60811.000,7810,3,PI,1,100,180954
1766633922.980355,60851.000,7810,3,PI,1,100,180650
1766633923.020352,60891.000,7826,2,PI,1,100,180097
1766633923.060349,60931.000,7826,2,PI,1,100,180268
1766633923.100345,60971.000,7843,3,PI,1,100,180564
1766633923.140342,61011.000,7843,3,PI,1,100,180830
1766633923.180339,61051.000,7843,3,PI,1,100,181026
1766633923.220335,61091.000,7858,2,PI,1,100,181357
1766633923.260332,61131.000,7858,2,PI,1,100,181685
1766633923.300329,61171.000,7875,3,PI,1,100,181370
1766633923.340326,61211.000,7875,3,PI,1,100,180964
1766633923.380322,61251.000,7875,3,PI,1,100,180175
1766633923.420319,61291.000,7891,2,PI,1,100,179347
1766633923.460316,61331.000,7891,2,PI,1,100,179142
1766633923.500313,61371.000,7909,3,PI,1,100,179987
1766633923.540310,61411.000,7909,3,PI,1,100,180923
1766633923.580306,61451.000,7909,3,PI,1,100,181691
1766633923.620303,61491.000,7925,2,PI,1,100,181786
1766633923.660300,61531.000,7925,2,PI,1,100,181784
1766633923.700297,61571.000,7942,3,PI,1,100,181631
1766633923.740294,61611.000,7942,3,PI,1,100,181119
1766633923.780290,61651.000,7942,3,PI,1,100,181164
1766633923.826787,61697.500,7959,2,PI,1,100,181684
1766633923.873283,61744.000,7959,2,PI,1,100,182459
1766633923.913280,61784.000,7978,3,PI,1,100,182932
1766633923.953276,61824.000,7978,3,PI,1,100,182957
1766633923.993273,61864.000,7978,3,PI,1,100,182413
1766633924.033270,61904.000,7992,2,PI,1,100,181971
1766633924.073267,61944.000,7992,2,PI,1,100,182838
1766633924.113263,61984.000,8009,3,PI,1,100,183546
1766633924.153260,62024.000,8009,3,PI,1,100,183801
1766633924.193257,62064.000,8009,3,PI,1,100,183574
1766633924.233253,62104.000,8026,2,PI,1,100,183520
1766633924.273250,62144.000,8026,2,PI,1,100,183300
1766633924.313247,62184.000,8043,3,PI,1,100,182992
1766633924.353244,62224.000,8043,3,PI,1,100,181640
1766633924.393241,62264.000,8043,3,PI,1,100,179831
1766633924.433237,62304.000,8057,2,PI,1,100,180545
1766633924.473234,62344.000,8057,2,PI,1,100,182138
1766633924.513231,62384.000,8077,3,PI,1,100,183255
1766633924.553228,62424.000,8077,3,PI,1,100,183739
1766633924.593225,62464.000,8077,3,PI,1,100,184275
1766633924.633221,62504.000,8094,2,PI,1,100,184703
1766633924.673218,62544.000,8094,2,PI,1,100,183146
1766633924.713215,62584.000,8111,3,PI,1,100,179592
1766633924.753211,62624.000,8111,3,PI,1,100,179629
1766633924.793208,62664.000,8111,3,PI,1,100,181624
1766633924.833205,62704.000,8129,3,PI,1,100,183068
1766633924.873202,62744.000,8129,3,PI,1,100,184030
1766633924.913198,62784.000,8129,3,PI,1,100,184635
1766633924.953195,62824.000,8145,2,PI,1,100,184525
1766633924.993192,62864.000,8145,2,PI,1,100,182360
1766633925.033189,62904.000,8161,3,PI,1,100,180195
1766633925.073186,62944.000,8161,3,PI,1,100,182016
1766633925.113182,62984.000,8161,3,PI,1,100,183379
1766633925.153179,63024.000,8181,2,PI,1,100,183982
1766633925.193176,63064.000,8181,2,PI,1,100,184389
1766633925.233173,63104.000,8197,3,PI,1,100,184750
1766633925.273170,63144.000,8197,3,PI,1,100,184845
1766633925.313166,63184.000,8197,3,PI,1,100,183307
1766633925.353163,63224.000,8212,2,PI,1,100,182209
1766633925.393160,63264.000,8212,2,PI,1,100,183057
1766633925.433156,63304.000,8230,3,PI,1,100,184340
1766633925.473153,63344.000,8230,3,PI,1,100,185131
1766633925.513150,63384.000,8230,3,PI,1,100,185153
1766633925.553147,63424.000,8248,2,PI,1,100,184011
1766633925.593143,63464.000,8248,2,PI,1,100,180864
1766633925.633140,63504.000,8264,3,PI,1,100,179034
1766633925.673137,63544.000,8264,3,PI,1,100,180211
1766633925.713134,63584.000,8264,3,PI,1,100,181900
1766633925.753131,63624.000,8281,3,PI,1,100,183514
1766633925.793127,63664.000,8281,3,PI,1,100,183645
1766633925.833124,63704.000,8281,3,PI,1,100,183485
1766633925.873121,63744.000,8298,2,PI,1,100,180955
1766633925.913118,63784.000,8298,2,PI,1,100,177710
1766633925.953115,63824.000,8315,3,PI,1,100,178031
1766633925.993111,63864.000,8315,3,PI,1,100,179245
1766633926.033108,63904.000,8315,3,PI,1,100,180966
1766633926.073105,63944.000,8333,2,PI,1,100,182234
1766633926.113101,63984.000,8333,2,PI,1,100,182205
1766633926.153098,64024.000,8351,3,PI,1,100,181468
1766633926.193095,64064.000,8351,3,PI,1,100,178251
1766633926.233092,64104.000,8351,3,PI,1,100,173744
1766633926.273089,64144.000,8367,2,PI,1,100,174743
1766633926.313085,64184.000,8367,2,PI,1,100,177522
1766633926.353082,64224.000,8384,3,PI,1,100,178413
1766633926.393079,64264.000,8384,3,PI,1,100,178469
1766633926.433076,64304.000,8384,3,PI,1,100,177806
1766633926.473073,64344.000,8402,2,PI,1,100,177125
1766633926.513069,64384.000,8402,2,PI,1,100,177415
1766633926.553066,64424.000,8420,3,PI,1,100,177956
1766633926.593063,64464.000,8420,3,PI,1,100,178661
1766633926.633060,64504.000,8420,3,PI,1,100,179269
1766633926.673056,64544.000,8436,2,PI,1,100,179854
1766633926.713053,64584.000,8436,2,PI,1,100,180224
1766633926.753050,64624.000,8453,3,PI,1,100,180355
1766633926.793046,64664.000,8453,3,PI,1,100,180475
1766633926.833043,64704.000,8453,3,PI,1,100,180616
1766633926.873040,64744.000,8470,2,PI,1,100,180687
1766633926.913037,64784.000,8470,2,PI,1,100,180639
1766633926.953034,64824.000,8486,3,PI,1,100,180674
1766633926.993030,64864.000,8486,3,PI,1,100,180614
1766633927.033027,64904.000,8486,3,PI,1,100,180535
1766633927.073024,64944.000,8506,3,PI,1,100,180503
1766633927.113021,64984.000,8506,3,PI,1,100,180469
1766633927.153018,65024.000,8506,3,PI,1,100,180533
1766633927.193014,65064.000,8524,2,PI,1,100,180521
1766633927.233011,65104.000,8524,2,PI,1,100,180524
1766633927.273008,65144.000,8540,3,PI,1,100,180570
1766633927.313004,65184.000,8540,3,PI,1,100,180525
1766633927.353001,65224.000,8540,3,PI,1,100,180521
1766633927.392998,65264.000,8557,2,PI,1,100,180702
1766633927.432995,65304.000,8557,2,PI,1,100,180861
1766633927.472991,65344.000,8572,3,PI,1,100,180934
1766633927.512988,65384.000,8572,3,PI,1,100,180957
1766633927.552985,65424.000,8572,3,PI,1,100,180967
1766633927.592982,65464.000,8589,2,PI,1,100,180914
1766633927.632979,65504.000,8589,2,PI,1,100,180862
1766633927.672975,65544.000,8605,3,PI,1,100,180915
1766633927.712972,65584.000,8605,3,PI,1,100,180994
1766633927.752969,65624.000,8605,3,PI,1,100,181096
1766633927.792966,65664.000,8622,2,PI,1,100,181228
1766633927.832963,65704.000,8622,2,PI,1,100,181344
1766633927.872959,65744.000,8637,3,PI,1,100,181560
1766633927.912956,65784.000,8637,3,PI,1,100,181851
1766633927.952953,65824.000,8637,3,PI,1,100,182164
1766633927.992450,65863.500,8654,2,PI,1,100,182288
1766633928.031946,65903.000,8654,2,PI,1,100,182267
1766633928.071943,65943.000,8670,3,PI,1,100,182266
1766633928.111940,65983.000,8670,3,PI,1,100,182306
1766633928.151937,66023.000,8670,3,PI,1,100,182321
1766633928.191933,66063.000,8688,2,PI,1,100,182147
1766633928.231930,66103.000,8688,2,PI,1,100,182128
1766633928.272260,66143.333,8702,3,PI,1,100,182435
1766633928.312590,66183.667,8702,3,PI,1,100,182298
1766633928.352920,66224.000,8702,3,PI,1,100,182617
1766633928.392917,66264.000,8719,3,PI,1,100,182644
1766633928.432914,66304.000,8719,3,PI,1,100,182432
1766633928.472911,66344.000,8719,3,PI,1,100,182175
1766633928.512908,66384.000,8736,2,PI,1,100,182001
1766633928.552904,66424.000,8736,2,PI,1,100,181799
1766633928.599401,66470.500,8753,2,PI,1,100,181655
1766633928.645897,66517.000,8753,2,PI,1,100,181730
1766633928.685894,66557.000,8767,3,PI,1,100,181908
1766633928.725890,66597.000,8767,3,PI,1,100,182055
1766633928.765887,66637.000,8767,3,PI,1,100,182167
1766633928.805884,66677.000,8786,2,PI,1,100,182295
1766633928.845881,66717.000,8786,2,PI,1,100,182354
1766633928.885877,66757.000,8805,3,PI,1,100,182484
1766633928.925874,66797.000,8805,3,PI,1,100,182645
1766633928.965871,66837.000,8805,3,PI,1,100,182776
1766633929.005868,66877.000,8822,2,PI,1,100,182923
1766633929.045864,66917.000,8822,2,PI,1,100,183060
1766633929.085861,66957.000,8837,3,PI,1,100,183094
1766633929.125858,66997.000,8837,3,PI,1,100,182999
1766633929.165855,67037.000,8837,3,PI,1,100,182797
1766633929.205851,67077.000,8854,3,PI,1,100,182480
1766633929.245848,67117.000,8854,3,PI,1,100,182301
1766633929.285845,67157.000,8854,3,PI,1,100,182446
1766633929.325842,67197.000,8870,2,PI,1,100,182506
1766633929.365839,67237.000,8870,2,PI,1,100,182394
1766633929.405835,67277.000,8887,3,PI,1,100,182141
1766633929.445832,67317.000,8887,3,PI,1,100,181834
1766633929.485829,67357.000,8887,3,PI,1,100,181771
1766633929.525826,67397.000,8904,2,PI,1,100,181849
1766633929.565822,67437.000,8904,2,PI,1,100,181965
1766633929.605819,67477.000,8919,3,PI,1,100,182023
1766633929.645816,67517.000,8919,3,PI,1,100,182118
1766633929.685813,67557.000,8919,3,PI,1,100,182175
1766633929.725809,67597.000,8937,2,PI,1,100,182144
1766633929.765806,67637.000,8937,2,PI,1,100,182193
1766633929.805803,67677.000,8955,3,PI,1,100,182343
1766633929.845800,67717.000,8955,3,PI,1,100,182584
1766633929.885797,67757.000,8955,3,PI,1,100,182712
1766633929.925793,67797.000,8971,2,PI,1,100,182461
1766633929.965790,67837.000,8971,2,PI,1,100,182059
1766633930.005787,67877.000,8986,3,PI,1,100,181968
1766633930.045784,67917.000,8986,3,PI,1,100,182004
1766633930.085780,67957.000,8986,3,PI,1,100,182186
1766633930.125777,67997.000,9002,2,PI,1,100,182302
1766633930.165774,68037.000,9002,2,PI,1,100,182498
1766633930.205770,68077.000,9022,3,PI,1,100,182543
1766633930.245767,68117.000,9022,3,PI,1,100,182642
1766633930.285764,68157.000,9022,3,PI,1,100,182645
1766633930.325761,68197.000,9038,2,PI,1,100,182673
1766633930.365758,68237.000,9038,2,PI,1,100,182652
1766633930.405754,68277.000,9053,3,PI,1,100,182714
1766633930.445751,68317.000,9053,3,PI,1,100,182724
1766633930.485748,68357.000,9053,3,PI,1,100,182747
1766633930.525745,68397.000,9070,3,PI,1,100,182842
1766633930.565742,68437.000,9070,3,PI,1,100,182990
1766633930.605738,68477.000,9070,3,PI,1,100,183146
1766633930.645735,68517.000,9087,2,PI,1,100,183280
1766633930.685732,68557.000,9087,2,PI,1,100,183419
1766633930.725729,68597.000,9103,3,PI,1,100,183474
1766633930.765725,68637.000,9103,3,PI,1,100,183288
1766633930.805722,68677.000,9103,3,PI,1,100,182748
1766633930.845719,68717.000,9119,2,PI,1,100,182789
1766633930.885715,68757.000,9119,2,PI,1,100,182843
1766633930.925712,68797.000,9135,3,PI,1,100,182918
1766633930.965709,68837.000,9135,3,PI,1,100,183171
1766633931.005706,68877.000,9135,3,PI,1,100,183366
1766633931.045703,68917.000,9154,2,PI,1,100,183408
1766633931.085699,68957.000,9154,2,PI,1,100,183258
1766633931.125696,68997.000,9170,3,PI,1,100,182884
1766633931.165693,69037.000,9170,3,PI,1,100,182679
1766633931.205690,69077.000,9170,3,PI,1,100,182811
1766633931.245687,69117.000,9187,2,PI,1,100,182865
1766633931.285683,69157.000,9187,2,PI,1,100,182819
1766633931.325347,69196.667,9202,3,PI,1,100,182913
1766633931.365010,69236.333,9202,3,PI,1,100,182970
1766633931.404674,69276.000,9202,3,PI,1,100,182976
1766633931.444670,69316.000,9221,2,PI,1,100,182918
1766633931.484667,69356.000,9221,2,PI,1,100,182811
1766633931.524664,69396.000,9238,3,PI,1,100,182754
1766633931.564661,69436.000,9238,3,PI,1,100,182804
1766633931.604657,69476.000,9238,3,PI,1,100,183008
1766633931.645154,69516.500,9255,2,PI,1,100,183098
1766633931.685651,69557.000,9255,2,PI,1,100,183018
1766633931.725648,69597.000,9269,3,PI,1,100,182897
1766633931.765644,69637.000,9269,3,PI,1,100,182804
1766633931.805641,69677.000,9269,3,PI,1,100,182751
1766633931.845638,69717.000,9287,2,PI,1,100,182774
1766633931.885635,69757.000,9287,2,PI,1,100,182857
1766633931.925298,69796.667,9303,3,PI,1,100,182857
1766633931.964962,69836.333,9303,3,PI,1,100,182788
1766633932.004625,69876.000,9303,3,PI,1,100,182815
1766633932.044622,69916.000,9322,3,PI,1,100,182887
1766633932.084619,69956.000,9322,3,PI,1,100,182906
1766633932.124615,69996.000,9322,3,PI,1,100,182955
1766633932.164612,70036.000,9341,4,PI,1,100,182934
1766633932.204609,70076.000,9341,4,PI,1,100,182795
1766633932.244606,70116.000,9341,4,PI,1,100,182765
1766633932.284602,70156.000,9341,4,PI,1,100,182727
1766633932.324599,70196.000,9357,3,PI,1,100,182695
1766633932.364596,70236.000,9357,3,PI,1,100,182695
1766633932.404593,70276.000,9357,3,PI,1,100,182675
1766633932.444590,70316.000,9372,2,PI,1,100,182610
1766633932.484586,70356.000,9372,2,PI,1,100,182584
1766633932.524583,70396.000,9389,3,PI,1,100,182626
1766633932.564580,70436.000,9389,3,PI,1,100,182675
1766633932.604577,70476.000,9389,3,PI,1,100,182746
1766633932.644573,70516.000,9408,2,PI,1,100,182742
1766633932.684570,70556.000,9408,2,PI,1,100,182745
1766633932.724567,70596.000,9424,3,PI,1,100,182740
1766633932.764564,70636.000,9424,3,PI,1,100,182689
1766633932.804560,70676.000,9424,3,PI,1,100,182660
1766633932.844557,70716.000,9442,2,PI,1,100,182662
1766633932.884554,70756.000,9442,2,PI,1,100,182665
1766633932.924551,70796.000,9458,3,PI,1,100,182698
1766633932.964547,70836.000,9458,3,PI,1,100,182792
1766633933.004544,70876.000,9458,3,PI,1,100,182879
1766633933.044541,70916.000,9475,2,PI,1,100,182941
1766633933.084538,70956.000,9475,2,PI,1,100,182891
1766633933.124535,70996.000,9492,3,PI,1,100,182726
1766633933.164531,71036.000,9492,3,PI,1,100,182686
1766633933.204528,71076.000,9492,3,PI,1,100,182601
1766633933.244525,71116.000,9509,3,PI,1,100,182512
1766633933.284522,71156.000,9509,3,PI,1,100,182485
1766633933.324518,71196.000,9509,3,PI,1,100,182494
1766633933.364515,71236.000,9523,2,PI,1,100,182544
1766633933.404512,71276.000,9523,2,PI,1,100,182574
1766633933.451508,71323.000,9540,2,PI,1,100,182589
1766633933.498504,71370.000,9540,2,PI,1,100,182546
1766633933.538501,71410.000,9557,3,PI,1,100,182442
1766633933.578498,71450.000,9557,3,PI,1,100,182426
1766633933.618495,71490.000,9557,3,PI,1,100,182557
1766633933.658491,71530.000,9574,2,PI,1,100,182596
1766633933.698488,71570.000,9574,2,PI,1,100,182617
1766633933.738485,71610.000,9590,3,PI,1,100,182562
1766633933.778482,71650.000,9590,3,PI,1,100,182553
1766633933.818478,71690.000,9590,3,PI,1,100,182601
1766633933.858475,71730.000,9608,2,PI,1,100,182657
1766633933.898472,71770.000,9608,2,PI,1,100,182654
1766633933.938469,71810.000,9626,3,PI,1,100,182520
1766633933.978466,71850.000,9626,3,PI,1,100,182365
1766633934.018462,71890.000,9626,3,PI,1,100,182234
1766633934.058459,71930.000,9643,2,PI,1,100,182219
1766633934.098456,71970.000,9643,2,PI,1,100,182280
1766633934.138453,72010.000,9658,3,PI,1,100,182292
1766633934.178449,72050.000,9658,3,PI,1,100,182304
1766633934.218446,72090.000,9658,3,PI,1,100,182645
1766633934.258443,72130.000,9677,3,PI,1,100,182203
1766633934.298440,72170.000,9677,3,PI,1,100,180988
1766633934.338436,72210.000,9677,3,PI,1,100,180399
1766633934.377933,72249.500,9693,2,PI,1,100,180283
1766633934.417430,72289.000,9693,2,PI,1,100,180667
1766633934.457427,72329.000,9711,3,PI,1,100,180843
1766633934.497423,72369.000,9711,3,PI,1,100,179793
1766633934.537420,72409.000,9711,3,PI,1,100,177981
1766633934.577917,72449.500,9728,2,PI,1,100,174730
1766633934.618414,72490.000,9728,2,PI,1,100,173917
1766633934.658077,72529.667,9745,3,PI,1,100,175198
1766633934.697741,72569.333,9745,3,PI,1,100,177058
1766633934.737404,72609.000,9745,3,PI,1,100,177974
1766633934.777401,72649.000,9762,2,PI,1,100,177529
1766633934.817398,72689.000,9762,2,PI,1,100,176659
1766633934.857394,72729.000,9782,3,PI,1,100,177192
1766633934.897391,72769.000,9782,3,PI,1,100,178742
1766633934.937388,72809.000,9782,3,PI,1,100,180158
1766633934.977885,72849.500,9797,2,PI,1,100,180902
1766633935.018381,72890.000,9797,2,PI,1,100,180423
1766633935.058378,72930.000,9814,3,PI,1,100,180079
1766633935.098375,72970.000,9814,3,PI,1,100,178822
1766633935.138372,73010.000,9814,3,PI,1,100,177732
1766633935.178369,73050.000,9831,2,PI,1,100,178332
1766633935.218365,73090.000,9831,2,PI,1,100,179474
1766633935.258029,73129.667,9852,3,PI,1,100,180632
1766633935.297692,73169.333,9852,3,PI,1,100,180641
1766633935.337356,73209.000,9852,3,PI,1,100,179818
1766633935.377352,73249.000,9868,3,PI,1,100,178486
1766633935.417349,73289.000,9868,3,PI,1,100,177376
1766633935.457346,73329.000,9868,3,PI,1,100,177455
1766633935.497343,73369.000,9886,2,PI,1,100,178433
1766633935.537339,73409.000,9886,2,PI,1,100,179220
1766633935.577336,73449.000,9905,3,PI,1,100,179478
1766633935.617333,73489.000,9905,3,PI,1,100,178543
1766633935.657330,73529.000,9905,3,PI,1,100,176773
1766633935.697326,73569.000,9924,2,PI,1,100,176289
1766633935.737323,73609.000,9924,2,PI,1,100,176935
1766633935.777320,73649.000,9940,3,PI,1,100,177773
1766633935.817317,73689.000,9940,3,PI,1,100,178618
1766633935.857314,73729.000,9940,3,PI,1,100,178666
1766633935.897310,73769.000,9958,2,PI,1,100,178564
1766633935.937307,73809.000,9958,2,PI,1,100,176939
1766633935.977304,73849.000,9974,3,PI,1,100,175415
1766633936.017301,73889.000,9974,3,PI,1,100,176466
1766633936.057297,73929.000,9974,3,PI,1,100,177721
1766633936.097294,73969.000,9993,2,PI,1,100,179027
1766633936.137291,74009.000,9993,2,PI,1,100,179175
1766633936.177288,74049.000,10011,3,PI,1,100,179168
1766633936.217284,74089.000,10011,3,PI,1,100,177495
1766633936.257281,74129.000,10011,3,PI,1,100,175745
1766633936.297278,74169.000,10026,2,PI,1,100,176342
1766633936.337275,74209.000,10026,2,PI,1,100,177840
1766633936.377271,74249.000,10044,3,PI,1,100,179629
1766633936.417268,74289.000,10044,3,PI,1,100,180187
1766633936.457265,74329.000,10044,3,PI,1,100,180268
1766633936.497262,74369.000,10062,2,PI,1,100,179221
1766633936.537259,74409.000,10062,2,PI,1,100,177621
1766633936.577255,74449.000,10080,3,PI,1,100,177367
1766633936.617252,74489.000,10080,3,PI,1,100,177542
1766633936.657249,74529.000,10080,3,PI,1,100,178217
1766633936.697579,74569.333,10096,3,PI,1,100,178328
1766633936.737909,74609.667,10096,3,PI,1,100,178167
1766633936.778239,74650.000,10096,3,PI,1,100,176887
1766633936.817736,74689.500,10111,2,PI,1,100,174449
1766633936.857233,74729.000,10111,2,PI,1,100,173721
1766633936.897229,74769.000,10129,3,PI,1,100,174635
1766633936.937226,74809.000,10129,3,PI,1,100,175850
1766633936.977223,74849.000,10129,3,PI,1,100,176472
1766633937.017220,74889.000,10146,2,PI,1,100,176149
1766633937.057216,74929.000,10146,2,PI,1,100,174542
1766633937.097213,74969.000,10162,3,PI,1,100,172582
1766633937.137210,75009.000,10162,3,PI,1,100,172873
1766633937.177207,75049.000,10162,3,PI,1,100,173945
1766633937.217204,75089.000,10180,2,PI,1,100,175437
1766633937.257200,75129.000,10180,2,PI,1,100,175816
1766633937.297197,75169.000,10206,3,PI,1,100,174912
1766633937.337194,75209.000,10206,3,PI,1,100,173533
1766633937.377191,75249.000,10206,3,PI,1,100,172740
1766633937.417187,75289.000,10222,3,PI,1,100,173836
1766633937.457184,75329.000,10222,3,PI,1,100,175169
1766633937.497181,75369.000,10222,3,PI,1,100,176599
1766633937.537178,75409.000,10242,2,PI,1,100,176238
1766633937.577174,75449.000,10242,2,PI,1,100,174733
1766633937.617171,75489.000,10256,3,PI,1,100,173073
1766633937.657168,75529.000,10256,3,PI,1,100,173127
1766633937.697165,75569.000,10256,3,PI,1,100,173602
1766633937.737162,75609.000,10273,2,PI,1,100,174076
1766633937.777158,75649.000,10273,2,PI,1,100,174952
1766633937.817155,75689.000,10292,3,PI,1,100,175613
1766633937.857152,75729.000,10292,3,PI,1,100,175314
1766633937.897149,75769.000,10292,3,PI,1,100,173743
1766633937.937145,75809.000,10309,2,PI,1,100,173007
1766633937.977142,75849.000,10309,2,PI,1,100,174108
1766633938.017139,75889.000,10328,3,PI,1,100,175980
1766633938.057136,75929.000,10328,3,PI,1,100,176334
1766633938.097132,75969.000,10328,3,PI,1,100,174908
1766633938.137129,76009.000,10344,2,PI,1,100,173159
1766633938.177126,76049.000,10344,2,PI,1,100,172473
1766633938.217123,76089.000,10361,3,PI,1,100,172792
1766633938.257119,76129.000,10361,3,PI,1,100,173248
1766633938.297116,76169.000,10361,3,PI,1,100,173458
1766633938.343612,76215.500,10378,2,PI,1,100,170255
1766633938.390109,76262.000,10378,2,PI,1,100,168751
1766633938.430105,76302.000,10393,3,PI,1,100,167825
1766633938.470102,76342.000,10393,3,PI,1,100,172560
1766633938.510099,76382.000,10393,3,PI,1,100,172562
1766633938.550596,76422.500,10412,2,PI,1,100,171926
1766633938.591093,76463.000,10412,2,PI,1,100,172048
1766633938.631089,76503.000,10428,3,PI,1,100,172028
1766633938.671086,76543.000,10428,3,PI,1,100,171043
1766633938.711083,76583.000,10428,3,PI,1,100,169400
1766633938.750580,76622.500,10445,2,PI,1,100,170541
1766633938.790076,76662.000,10445,2,PI,1,100,172002
1766633938.830406,76702.333,10464,3,PI,1,100,173324
1766633938.870737,76742.667,10464,3,PI,1,100,172835
1766633938.911067,76783.000,10464,3,PI,1,100,172328
1766633938.951063,76823.000,10481,2,PI,1,100,171330
1766633938.991060,76863.000,10481,2,PI,1,100,171154
1766633939.030724,76902.667,10500,3,PI,1,100,171587
1766633939.070387,76942.333,10500,3,PI,1,100,171864
1766633939.110050,76982.000,10500,3,PI,1,100,171018
1766633939.150047,77022.000,10518,2,PI,1,100,169950
1766633939.190044,77062.000,10518,2,PI,1,100,169118
1766633939.230041,77102.000,10534,3,PI,1,100,169919
1766633939.270038,77142.000,10534,3,PI,1,100,171446
1766633939.310034,77182.000,10534,3,PI,1,100,173545
1766633939.350031,77222.000,10553,3,PI,1,100,173743
1766633939.390028,77262.000,10553,3,PI,1,100,173044
1766633939.430025,77302.000,10553,3,PI,1,100,171175
1766633939.470021,77342.000,10569,2,PI,1,100,169959
1766633939.510018,77382.000,10569,2,PI,1,100,171803
1766633939.550015,77422.000,10589,3,PI,1,100,174464
1766633939.590012,77462.000,10589,3,PI,1,100,176295
1766633939.630008,77502.000,10589,3,PI,1,100,176838
1766633939.670005,77542.000,10606,2,PI,1,100,176130
1766633939.710002,77582.000,10606,2,PI,1,100,173033
1766633939.749999,77622.000,10621,3,PI,1,100,171166
1766633939.789995,77662.000,10621,3,PI,1,100,170929
1766633939.829992,77702.000,10621,3,PI,1,100,170511
1766633939.869989,77742.000,10638,2,PI,1,100,169814
1766633939.909986,77782.000,10638,2,PI,1,100,168411
1766633939.949983,77822.000,10655,3,PI,1,100,168219
1766633939.989979,77862.000,10655,3,PI,1,100,166878
1766633940.029976,77902.000,10655,3,PI,1,100,164426
1766633940.069973,77942.000,10671,2,PI,1,100,164820
1766633940.109970,77982.000,10671,2,PI,1,100,166188
1766633940.150300,78022.333,10687,3,PI,1,100,166785
1766633940.190630,78062.667,10687,3,PI,1,100,166244
1766633940.230960,78103.000,10687,3,PI,1,100,165519
1766633940.270457,78142.500,10705,2,PI,1,100,163844
1766633940.309953,78182.000,10705,2,PI,1,100,164573
1766633940.349950,78222.000,10722,3,PI,1,100,164827
1766633940.389947,78262.000,10722,3,PI,1,100,165702
1766633940.429944,78302.000,10722,3,PI,1,100,168168
1766633940.469940,78342.000,10740,2,PI,1,100,169553
1766633940.509937,78382.000,10740,2,PI,1,100,168759
1766633940.549934,78422.000,10757,3,PI,1,100,167998
1766633940.589931,78462.000,10757,3,PI,1,100,168588
1766633940.629928,78502.000,10757,3,PI,1,100,169430
1766633940.669924,78542.000,10772,2,PI,1,100,170528
1766633940.709921,78582.000,10772,2,PI,1,100,172303
1766633940.749918,78622.000,10789,3,PI,1,100,173223
1766633940.789915,78662.000,10789,3,PI,1,100,173332
1766633940.829911,78702.000,10789,3,PI,1,100,172973
1766633940.869908,78742.000,10806,3,PI,1,100,172497
1766633940.909905,78782.000,10806,3,PI,1,100,172089
1766633940.949902,78822.000,10806,3,PI,1,100,171712
1766633940.989898,78862.000,10823,2,PI,1,100,171431
1766633941.029895,78902.000,10823,2,PI,1,100,171085
1766633941.069892,78942.000,10837,3,PI,1,100,170857
1766633941.109889,78982.000,10837,3,PI,1,100,170792
1766633941.149886,79022.000,10837,3,PI,1,100,170855
1766633941.190382,79062.500,10855,2,PI,1,100,170834
1766633941.230879,79103.000,10855,2,PI,1,100,170673
1766633941.270542,79142.667,10871,3,PI,1,100,170226
1766633941.310206,79182.333,10871,3,PI,1,100,169900
1766633941.349869,79222.000,10871,3,PI,1,100,169748
1766633941.389866,79262.000,10888,2,PI,1,100,169527
1766633941.429863,79302.000,10888,2,PI,1,100,169328
1766633941.469860,79342.000,10903,3,PI,1,100,169223
1766633941.509856,79382.000,10903,3,PI,1,100,169258
1766633941.549853,79422.000,10903,3,PI,1,100,169182
1766633941.589850,79462.000,10920,2,PI,1,100,169012
1766633941.629847,79502.000,10920,2,PI,1,100,168797
1766633941.669843,79542.000,10936,3,PI,1,100,168902
1766633941.709840,79582.000,10936,3,PI,1,100,169261
1766633941.749837,79622.000,10936,3,PI,1,100,169492
1766633941.789834,79662.000,10955,2,PI,1,100,169549
1766633941.829831,79702.000,10955,2,PI,1,100,169460
1766633941.869827,79742.000,10970,3,PI,1,100,169389
1766633941.909824,79782.000,10970,3,PI,1,100,169412
1766633941.949821,79822.000,10970,3,PI,1,100,169393
1766633941.989818,79862.000,10987,3,PI,1,100,169368
1766633942.029814,79902.000,10987,3,PI,1,100,169230
1766633942.069811,79942.000,10987,3,PI,1,100,169040
1766633942.109808,79982.000,11003,2,PI,1,100,168927
1766633942.149805,80022.000,11003,2,PI,1,100,169221
1766633942.189801,80062.000,11021,3,PI,1,100,167255
1766633942.229798,80102.000,11021,3,PI,1,100,162835
1766633942.269795,80142.000,11021,3,PI,1,100,162394
1766633942.309792,80182.000,11035,2,PI,1,100,164358
1766633942.349788,80222.000,11035,2,PI,1,100,163233
1766633942.389785,80262.000,11057,3,PI,1,100,159515
1766633942.429782,80302.000,11057,3,PI,1,100,156421
1766633942.469779,80342.000,11057,3,PI,1,100,154802
1766633942.509776,80382.000,11074,3,PI,1,100,157927
1766633942.549772,80422.000,11074,3,PI,1,100,156520
1766633942.589769,80462.000,11074,3,PI,1,100,153757
1766633942.629766,80502.000,11091,2,PI,1,100,151928
1766633942.669763,80542.000,11091,2,PI,1,100,151722
1766633942.709759,80582.000,11109,3,PI,1,100,153855
1766633942.749756,80622.000,11109,3,PI,1,100,153450
1766633942.789753,80662.000,11109,3,PI,1,100,153363
1766633942.829750,80702.000,11125,2,PI,1,100,152990
1766633942.869746,80742.000,11125,2,PI,1,100,152491
1766633942.909743,80782.000,11141,3,PI,1,100,152373
1766633942.949740,80822.000,11141,3,PI,1,100,152310
1766633942.989737,80862.000,11141,3,PI,1,100,152141
1766633943.029733,80902.000,11158,2,PI,1,100,152161
1766633943.069730,80942.000,11158,2,PI,1,100,151915
1766633943.109727,80982.000,11174,3,PI,1,100,151442
1766633943.149724,81022.000,11174,3,PI,1,100,151693
1766633943.189721,81062.000,11174,3,PI,1,100,152359
1766633943.236217,81108.500,11192,2,PI,1,100,153223
1766633943.282713,81155.000,11192,2,PI,1,100,153857
1766633943.322710,81195.000,11208,3,PI,1,100,154178
1766633943.362707,81235.000,11208,3,PI,1,100,154518
1766633943.402703,81275.000,11208,3,PI,1,100,154842
1766633943.442700,81315.000,11225,2,PI,1,100,155256
1766633943.482697,81355.000,11225,2,PI,1,100,155761
1766633943.522694,81395.000,11242,3,PI,1,100,156223
1766633943.562690,81435.000,11242,3,PI,1,100,156653
1766633943.602687,81475.000,11242,3,PI,1,100,156987
1766633943.642684,81515.000,11257,2,PI,1,100,157416
1766633943.682681,81555.000,11257,2,PI,1,100,157701
1766633943.722677,81595.000,11273,3,PI,1,100,158013
1766633943.762674,81635.000,11273,3,PI,1,100,158084
1766633943.802671,81675.000,11273,3,PI,1,100,158113
1766633943.842668,81715.000,11291,2,PI,1,100,158197
1766633943.882665,81755.000,11291,2,PI,1,100,158435
1766633943.922661,81795.000,11309,3,PI,1,100,158486
1766633943.962658,81835.000,11309,3,PI,1,100,158767
1766633944.002655,81875.000,11309,3,PI,1,100,159087
1766633944.042652,81915.000,11325,2,PI,1,100,159355
1766633944.082648,81955.000,11325,2,PI,1,100,159579
1766633944.122645,81995.000,11341,3,PI,1,100,159743
1766633944.162642,82035.000,11341,3,PI,1,100,159972
1766633944.202639,82075.000,11341,3,PI,1,100,160156
1766633944.242635,82115.000,11358,2,PI,1,100,160306
1766633944.282632,82155.000,11358,2,PI,1,100,160481
1766633944.322629,82195.000,11374,3,PI,1,100,160681
1766633944.362626,82235.000,11374,3,PI,1,100,161151
1766633944.402622,82275.000,11374,3,PI,1,100,161723
1766633944.442619,82315.000,11391,2,PI,1,100,162167
1766633944.482616,82355.000,11391,2,PI,1,100,162562
1766633944.522613,82395.000,11406,3,PI,1,100,162603
1766633944.562610,82435.000,11406,3,PI,1,100,162187
1766633944.602606,82475.000,11406,3,PI,1,100,161852
1766633944.642603,82515.000,11423,3,PI,1,100,161856
1766633944.682600,82555.000,11423,3,PI,1,100,162042
1766633944.722597,82595.000,11423,3,PI,1,100,162497
1766633944.762594,82635.000,11439,2,PI,1,100,163350
1766633944.802590,82675.000,11439,2,PI,1,100,164494
1766633944.842587,82715.000,11457,3,PI,1,100,165592
1766633944.882584,82755.000,11457,3,PI,1,100,166261
1766633944.922580,82795.000,11457,3,PI,1,100,166778
1766633944.962577,82835.000,11471,2,PI,1,100,167238
1766633945.002574,82875.000,11471,2,PI,1,100,167473
1766633945.042571,82915.000,11488,3,PI,1,100,167452
1766633945.082567,82955.000,11488,3,PI,1,100,167472
1766633945.122564,82995.000,11488,3,PI,1,100,167533
1766633945.162561,83035.000,11505,2,PI,1,100,167623
1766633945.202558,83075.000,11505,2,PI,1,100,167797
1766633945.242555,83115.000,11522,3,PI,1,100,167831
1766633945.282551,83155.000,11522,3,PI,1,100,167847
1766633945.322548,83195.000,11522,3,PI,1,100,168009
1766633945.362545,83235.000,11536,2,PI,1,100,168154
1766633945.402542,83275.000,11536,2,PI,1,100,168309
1766633945.442538,83315.000,11553,3,PI,1,100,168581
1766633945.482535,83355.000,11553,3,PI,1,100,168825
1766633945.522532,83395.000,11553,3,PI,1,100,168892
1766633945.562529,83435.000,11570,2,PI,1,100,168941
1766633945.602525,83475.000,11570,2,PI,1,100,169052
1766633945.642522,83515.000,11587,3,PI,1,100,169108
1766633945.682519,83555.000,11587,3,PI,1,100,169257
1766633945.722516,83595.000,11587,3,PI,1,100,169476
1766633945.762512,83635.000,11601,2,PI,1,100,169529
1766633945.802509,83675.000,11601,2,PI,1,100,169554
1766633945.842506,83715.000,11619,3,PI,1,100,169722
1766633945.882503,83755.000,11619,3,PI,1,100,169843
1766633945.922500,83795.000,11619,3,PI,1,100,170010
1766633945.962496,83835.000,11635,3,PI,1,100,170241
1766633946.002493,83875.000,11635,3,PI,1,100,170475
1766633946.042490,83915.000,11635,3,PI,1,100,170694
1766633946.082487,83955.000,11652,2,PI,1,100,170826
1766633946.122483,83995.000,11652,2,PI,1,100,170933
1766633946.162480,84035.000,11668,3,PI,1,100,171033
1766633946.202477,84075.000,11668,3,PI,1,100,171050
1766633946.242474,84115.000,11668,3,PI,1,100,171067
1766633946.282470,84155.000,11684,2,PI,1,100,171151
1766633946.322467,84195.000,11684,2,PI,1,100,171176
1766633946.362464,84235.000,11700,3,PI,1,100,171294
1766633946.402461,84275.000,11700,3,PI,1,100,171390
1766633946.442458,84315.000,11700,3,PI,1,100,171477
1766633946.482454,84355.000,11718,2,PI,1,100,171610
1766633946.522451,84395.000,11718,2,PI,1,100,171759
1766633946.562448,84435.000,11734,3,PI,1,100,171834
1766633946.602445,84475.000,11734,3,PI,1,100,171900
1766633946.642441,84515.000,11734,3,PI,1,100,171950
1766633946.682438,84555.000,11749,2,PI,1,100,171993
1766633946.722435,84595.000,11749,2,PI,1,100,172074
1766633946.762432,84635.000,11765,3,PI,1,100,172075
1766633946.802428,84675.000,11765,3,PI,1,100,172070
1766633946.842425,84715.000,11765,3,PI,1,100,172088
1766633946.882422,84755.000,11783,2,PI,1,100,172077
1766633946.922419,84795.000,11783,2,PI,1,100,172136
1766633946.962415,84835.000,11799,3,PI,1,100,172201
1766633947.002412,84875.000,11799,3,PI,1,100,172303
1766633947.042409,84915.000,11799,3,PI,1,100,172339
1766633947.082406,84955.000,11814,2,PI,1,100,172315
1766633947.122403,84995.000,11814,2,PI,1,100,172276
1766633947.162399,85035.000,11831,3,PI,1,100,172327
1766633947.202396,85075.000,11831,3,PI,1,100,172333
1766633947.242393,85115.000,11831,3,PI,1,100,172334
1766633947.282390,85155.000,11848,3,PI,1,100,172341
1766633947.322387,85195.000,11848,3,PI,1,100,172384
1766633947.362383,85235.000,11848,3,PI,1,100,172418
1766633947.402380,85275.000,11864,2,PI,1,100,172394
1766633947.442377,85315.000,11864,2,PI,1,100,172388
1766633947.482373,85355.000,11885,3,PI,1,100,172400
1766633947.522370,85395.000,11885,3,PI,1,100,172464
1766633947.562367,85435.000,11885,3,PI,1,100,172496
1766633947.602364,85475.000,11901,3,PI,1,100,172487
1766633947.642360,85515.000,11901,3,PI,1,100,172485
1766633947.682357,85555.000,11901,3,PI,1,100,172473
1766633947.722354,85595.000,11918,2,PI,1,100,172458
1766633947.762351,85635.000,11918,2,PI,1,100,172466
1766633947.802348,85675.000,11935,3,PI,1,100,172492
1766633947.842344,85715.000,11935,3,PI,1,100,172509
1766633947.882341,85755.000,11935,3,PI,1,100,172592
1766633947.922338,85795.000,11952,2,PI,1,100,172650
1766633947.962335,85835.000,11952,2,PI,1,100,172634
1766633948.002331,85875.000,11966,3,PI,1,100,172626
1766633948.042328,85915.000,11966,3,PI,1,100,172620
1766633948.082325,85955.000,11966,3,PI,1,100,172666
1766633948.128821,86001.500,11983,2,PI,1,100,172681
1766633948.175318,86048.000,11983,2,PI,1,100,172684
1766633948.215314,86088.000,12000,3,PI,1,100,172657
1766633948.255311,86128.000,12000,3,PI,1,100,172706
1766633948.295308,86168.000,12000,3,PI,1,100,172765
1766633948.335304,86208.000,12017,2,PI,1,100,172773
1766633948.375301,86248.000,12017,2,PI,1,100,172787
1766633948.415298,86288.000,12031,3,PI,1,100,172814
1766633948.455295,86328.000,12031,3,PI,1,100,172763
1766633948.495291,86368.000,12031,3,PI,1,100,172770
1766633948.535288,86408.000,12049,2,PI,1,100,172808
1766633948.575285,86448.000,12049,2,PI,1,100,172804
1766633948.615282,86488.000,12065,3,PI,1,100,172780
1766633948.655279,86528.000,12065,3,PI,1,100,172706
1766633948.695275,86568.000,12065,3,PI,1,100,172712
1766633948.735272,86608.000,12082,2,PI,1,100,172752
1766633948.775269,86648.000,12082,2,PI,1,100,172742
1766633948.815266,86688.000,12097,3,PI,1,100,172742
1766633948.855263,86728.000,12097,3,PI,1,100,172796
1766633948.895259,86768.000,12097,3,PI,1,100,172803
1766633948.935256,86808.000,12116,2,PI,1,100,172780
1766633948.975253,86848.000,12116,2,PI,1,100,172809
1766633949.015249,86888.000,12132,3,PI,1,100,172828
1766633949.055246,86928.000,12132,3,PI,1,100,172912
1766633949.095243,86968.000,12132,3,PI,1,100,172969
1766633949.135240,87008.000,12149,2,PI,1,100,173102
1766633949.175236,87048.000,12149,2,PI,1,100,173204
1766633949.215233,87088.000,12165,3,PI,1,100,173176
1766633949.255230,87128.000,12165,3,PI,1,100,173109
1766633949.295227,87168.000,12165,3,PI,1,100,173114
1766633949.335224,87208.000,12181,2,PI,1,100,173201
1766633949.375220,87248.000,12181,2,PI,1,100,173188
1766633949.415217,87288.000,12197,3,PI,1,100,173140
1766633949.455214,87328.000,12197,3,PI,1,100,173152
1766633949.495211,87368.000,12197,3,PI,1,100,173110
1766633949.535208,87408.000,12215,3,PI,1,100,173001
1766633949.575204,87448.000,12215,3,PI,1,100,173004
1766633949.615201,87488.000,12215,3,PI,1,100,173029
1766633949.655198,87528.000,12231,2,PI,1,100,173047
1766633949.695194,87568.000,12231,2,PI,1,100,173094
1766633949.735191,87608.000,12246,3,PI,1,100,173166
1766633949.775188,87648.000,12246,3,PI,1,100,173183
1766633949.815185,87688.000,12246,3,PI,1,100,173129
1766633949.855182,87728.000,12263,2,PI,1,100,173086
1766633949.895178,87768.000,12263,2,PI,1,100,173135
1766633949.935175,87808.000,12280,3,PI,1,100,173163
1766633949.975172,87848.000,12280,3,PI,1,100,173197
1766633950.015169,87888.000,12280,3,PI,1,100,173240
1766633950.055166,87928.000,12296,2,PI,1,100,173254
1766633950.095162,87968.000,12296,2,PI,1,100,173265
1766633950.135159,88008.000,12312,3,PI,1,100,173274
1766633950.175156,88048.000,12312,3,PI,1,100,173276
1766633950.215153,88088.000,12312,3,PI,1,100,173283
1766633950.255149,88128.000,12328,2,PI,1,100,173329
1766633950.295146,88168.000,12328,2,PI,1,100,173370
1766633950.335143,88208.000,12345,3,PI,1,100,173365
1766633950.375139,88248.000,12345,3,PI,1,100,173358
1766633950.415136,88288.000,12345,3,PI,1,100,173354
1766633950.455133,88328.000,12361,2,PI,1,100,173371
1766633950.495130,88368.000,12361,2,PI,1,100,173378
1766633950.535127,88408.000,12377,3,PI,1,100,173395
1766633950.575123,88448.000,12377,3,PI,1,100,173447
1766633950.615120,88488.000,12377,3,PI,1,100,173475
1766633950.655117,88528.000,12393,3,PI,1,100,173493
1766633950.695114,88568.000,12393,3,PI,1,100,173557
1766633950.735111,88608.000,12393,3,PI,1,100,173621
1766633950.775107,88648.000,12410,2,PI,1,100,173716
1766633950.815104,88688.000,12410,2,PI,1,100,173805
1766633950.855101,88728.000,12427,3,PI,1,100,173835
1766633950.895097,88768.000,12427,3,PI,1,100,173878
1766633950.935094,88808.000,12427,3,PI,1,100,173881
1766633950.975091,88848.000,12442,2,PI,1,100,173911
1766633951.015088,88888.000,12442,2,PI,1,100,173916
1766633951.055084,88928.000,12458,3,PI,1,100,173932
1766633951.095081,88968.000,12458,3,PI,1,100,173896
1766633951.135078,89008.000,12458,3,PI,1,100,173900
1766633951.175075,89048.000,12476,2,PI,1,100,173956
1766633951.215072,89088.000,12476,2,PI,1,100,173909
1766633951.255068,89128.000,12492,3,PI,1,100,173852
1766633951.295065,89168.000,12492,3,PI,1,100,173808
1766633951.335062,89208.000,12492,3,PI,1,100,173814
1766633951.375059,89248.000,12508,2,PI,1,100,173800
1766633951.415056,89288.000,12508,2,PI,1,100,173788
1766633951.455052,89328.000,12524,3,PI,1,100,173782
1766633951.495049,89368.000,12524,3,PI,1,100,173762
1766633951.535046,89408.000,12524,3,PI,1,100,173794
1766633951.575042,89448.000,12541,2,PI,1,100,173783
1766633951.615039,89488.000,12541,2,PI,1,100,173781
1766633951.655036,89528.000,12557,3,PI,1,100,173799
1766633951.695033,89568.000,12557,3,PI,1,100,173805
1766633951.735029,89608.000,12557,3,PI,1,100,173839
1766633951.775026,89648.000,12574,2,PI,1,100,173852
1766633951.815023,89688.000,12574,2,PI,1,100,173862
1766633951.855020,89728.000,12589,3,PI,1,100,173873
1766633951.895017,89768.000,12589,3,PI,1,100,173926
1766633951.935013,89808.000,12589,3,PI,1,100,173944
1766633951.975010,89848.000,12606,3,PI,1,100,174002
1766633952.015007,89888.000,12606,3,PI,1,100,173961
1766633952.055004,89928.000,12606,3,PI,1,100,173935
1766633952.095001,89968.000,12622,2,PI,1,100,173930
1766633952.134997,90008.000,12622,2,PI,1,100,173961
1766633952.174994,90048.000,12640,3,PI,1,100,173943
1766633952.214991,90088.000,12640,3,PI,1,100,173943
1766633952.254987,90128.000,12640,3,PI,1,100,174003
1766633952.294984,90168.000,12654,2,PI,1,100,174057
1766633952.334981,90208.000,12654,2,PI,1,100,174102
1766633952.374978,90248.000,12671,3,PI,1,100,174147
1766633952.414975,90288.000,12671,3,PI,1,100,174226
1766633952.454971,90328.000,12671,3,PI,1,100,174224
1766633952.494968,90368.000,12688,2,PI,1,100,174251
1766633952.534965,90408.000,12688,2,PI,1,100,174270
1766633952.574962,90448.000,12710,3,PI,1,100,174326
1766633952.614959,90488.000,12710,3,PI,1,100,174371
1766633952.654955,90528.000,12710,3,PI,1,100,174390
1766633952.694952,90568.000,12724,2,PI,1,100,174441
1766633952.734949,90608.000,12724,2,PI,1,100,174458
1766633952.774945,90648.000,12741,3,PI,1,100,174494
1766633952.814942,90688.000,12741,3,PI,1,100,174557
1766633952.854939,90728.000,12741,3,PI,1,100,174587
1766633952.894936,90768.000,12758,2,PI,1,100,174592
1766633952.934932,90808.000,12758,2,PI,1,100,174619
1766633952.979262,90852.333,12775,3,PI,1,100,174655
1766633953.023592,90896.667,12775,3,PI,1,100,174628
1766633953.067922,90941.000,12775,3,PI,1,100,174625
1766633953.107919,90981.000,12789,2,PI,1,100,174643
1766633953.147915,91021.000,12789,2,PI,1,100,174669
1766633953.187912,91061.000,12807,3,PI,1,100,174708
1766633953.227909,91101.000,12807,3,PI,1,100,174727
1766633953.267906,91141.000,12807,3,PI,1,100,174785
1766633953.307902,91181.000,12823,2,PI,1,100,174771
1766633953.347899,91221.000,12823,2,PI,1,100,174764
1766633953.387896,91261.000,12840,3,PI,1,100,174790
1766633953.427893,91301.000,12840,3,PI,1,100,174812
1766633953.467890,91341.000,12840,3,PI,1,100,174836
1766633953.507886,91381.000,12856,2,PI,1,100,174832
1766633953.547883,91421.000,12856,2,PI,1,100,174839
1766633953.587880,91461.000,12872,3,PI,1,100,174844
1766633953.627877,91501.000,12872,3,PI,1,100,174885
1766633953.667873,91541.000,12872,3,PI,1,100,174881
1766633953.707870,91581.000,12888,2,PI,1,100,174822
1766633953.747867,91621.000,12888,2,PI,1,100,174819
1766633953.787863,91661.000,12906,3,PI,1,100,174826
1766633953.827860,91701.000,12906,3,PI,1,100,174789
1766633953.867857,91741.000,12906,3,PI,1,100,174760
1766633953.907854,91781.000,12924,2,PI,1,100,174722
1766633953.947851,91821.000,12924,2,PI,1,100,174674
1766633953.987847,91861.000,12939,3,PI,1,100,174647
1766633954.027844,91901.000,12939,3,PI,1,100,174639
1766633954.067841,91941.000,12939,3,PI,1,100,174602
1766633954.107838,91981.000,12955,3,PI,1,100,174612
1766633954.147835,92021.000,12955,3,PI,1,100,174639
1766633954.187831,92061.000,12955,3,PI,1,100,174709
1766633954.227828,92101.000,12973,2,PI,1,100,174781
1766633954.267825,92141.000,12973,2,PI,1,100,174802
1766633954.307822,92181.000,12989,3,PI,1,100,174801
1766633954.347818,92221.000,12989,3,PI,1,100,174782
1766633954.387815,92261.000,12989,3,PI,1,100,174813
1766633954.427812,92301.000,13004,2,PI,1,100,174818
1766633954.467808,92341.000,13004,2,PI,1,100,174785
1766633954.507805,92381.000,13021,3,PI,1,100,174782
1766633954.547802,92421.000,13021,3,PI,1,100,174792
1766633954.587799,92461.000,13021,3,PI,1,100,174770
1766633954.627796,92501.000,13038,2,PI,1,100,174750
1766633954.667792,92541.000,13038,2,PI,1,100,174779
1766633954.707789,92581.000,13054,3,PI,1,100,174765
1766633954.747786,92621.000,13054,3,PI,1,100,174770
1766633954.787783,92661.000,13054,3,PI,1,100,174765
1766633954.827780,92701.000,13070,2,PI,1,100,174768
1766633954.867776,92741.000,13070,2,PI,1,100,174811
1766633954.907773,92781.000,13086,3,PI,1,100,174878
1766633954.947770,92821.000,13086,3,PI,1,100,174929
1766633954.987767,92861.000,13086,3,PI,1,100,174955
1766633955.027763,92901.000,13103,2,PI,1,100,174950
1766633955.067760,92941.000,13103,2,PI,1,100,174910
1766633955.107757,92981.000,13119,3,PI,1,100,174893
1766633955.147753,93021.000,13119,3,PI,1,100,174890
1766633955.187750,93061.000,13119,3,PI,1,100,174882
1766633955.227747,93101.000,13135,3,PI,1,100,174918
1766633955.267744,93141.000,13135,3,PI,1,100,174963
1766633955.307741,93181.000,13135,3,PI,1,100,175003
1766633955.347737,93221.000,13151,2,PI,1,100,174989
1766633955.387734,93261.000,13151,2,PI,1,100,174999
1766633955.427731,93301.000,13168,3,PI,1,100,175017
1766633955.467728,93341.000,13168,3,PI,1,100,175018
1766633955.507725,93381.000,13168,3,PI,1,100,175025
1766633955.547721,93421.000,13185,2,PI,1,100,175031
1766633955.587718,93461.000,13185,2,PI,1,100,175065
1766633955.627715,93501.000,13202,3,PI,1,100,175117
1766633955.667711,93541.000,13202,3,PI,1,100,175135
1766633955.707708,93581.000,13202,3,PI,1,100,175153
1766633955.747705,93621.000,13216,2,PI,1,100,175139
1766633955.787702,93661.000,13216,2,PI,1,100,175241
1766633955.827699,93701.000,13234,3,PI,1,100,175619
1766633955.867695,93741.000,13234,3,PI,1,100,175539
1766633955.907692,93781.000,13234,3,PI,1,100,174817
1766633955.947689,93821.000,13250,2,PI,1,100,174295
1766633955.987686,93861.000,13250,2,PI,1,100,174187
1766633956.027683,93901.000,13267,3,PI,1,100,174504
1766633956.067679,93941.000,13267,3,PI,1,100,174694
1766633956.107676,93981.000,13267,3,PI,1,100,174907
1766633956.147673,94021.000,13284,2,PI,1,100,174994
1766633956.187670,94061.000,13284,2,PI,1,100,174363
1766633956.227666,94101.000,13301,3,PI,1,100,173268
1766633956.267663,94141.000,13301,3,PI,1,100,172593
1766633956.307660,94181.000,13301,3,PI,1,100,172635
1766633956.347656,94221.000,13317,3,PI,1,100,172836
1766633956.387653,94261.000,13317,3,PI,1,100,172946
1766633956.427650,94301.000,13317,3,PI,1,100,172279
1766633956.467647,94341.000,13334,2,PI,1,100,171137
1766633956.507644,94381.000,13334,2,PI,1,100,171413
1766633956.547640,94421.000,13349,3,PI,1,100,171392
1766633956.587637,94461.000,13349,3,PI,1,100,169663
1766633956.627634,94501.000,13349,3,PI,1,100,167256
1766633956.667631,94541.000,13366,2,PI,1,100,167174
1766633956.707628,94581.000,13366,2,PI,1,100,168478
1766633956.747624,94621.000,13382,3,PI,1,100,168427
1766633956.787621,94661.000,13382,3,PI,1,100,168544
1766633956.827618,94701.000,13382,3,PI,1,100,168080
1766633956.867615,94741.000,13402,2,PI,1,100,167738
1766633956.907611,94781.000,13402,2,PI,1,100,167979
1766633956.947608,94821.000,13416,3,PI,1,100,166399
1766633956.987605,94861.000,13416,3,PI,1,100,164919
1766633957.027601,94901.000,13416,3,PI,1,100,166424
1766633957.067598,94941.000,13433,2,PI,1,100,166737
1766633957.107595,94981.000,13433,2,PI,1,100,166747
1766633957.147592,95021.000,13452,3,PI,1,100,166747
1766633957.187589,95061.000,13452,3,PI,1,100,166737
1766633957.227585,95101.000,13452,3,PI,1,100,166703
1766633957.267582,95141.000,13469,2,PI,1,100,166841
1766633957.307579,95181.000,13469,2,PI,1,100,167173
1766633957.347576,95221.000,13486,3,PI,1,100,167355
1766633957.387573,95261.000,13486,3,PI,1,100,167458
1766633957.427569,95301.000,13486,3,PI,1,100,167303
1766633957.467566,95341.000,13502,2,PI,1,100,167329
1766633957.507563,95381.000,13502,2,PI,1,100,167400
1766633957.547226,95420.667,13519,3,PI,1,100,167451
1766633957.586890,95460.333,13519,3,PI,1,100,167498
1766633957.626553,95500.000,13519,3,PI,1,100,167549
1766633957.667050,95540.500,13536,2,PI,1,100,167622
1766633957.707546,95581.000,13536,2,PI,1,100,167666
1766633957.747210,95620.667,13557,3,PI,1,100,167729
1766633957.786874,95660.333,13557,3,PI,1,100,167806
1766633957.826537,95700.000,13557,3,PI,1,100,167754
1766633957.873533,95747.000,13573,2,PI,1,100,167783
1766633957.920529,95794.000,13573,2,PI,1,100,167901
1766633957.960526,95834.000,13589,3,PI,1,100,168085
1766633958.000523,95874.000,13589,3,PI,1,100,168147
1766633958.040520,95914.000,13589,3,PI,1,100,168271
1766633958.080516,95954.000,13606,2,PI,1,100,168359
1766633958.120513,95994.000,13606,2,PI,1,100,168410
1766633958.160510,96034.000,13623,3,PI,1,100,168533
1766633958.200507,96074.000,13623,3,PI,1,100,168534
1766633958.240504,96114.000,13623,3,PI,1,100,168455
1766633958.280500,96154.000,13638,2,PI,1,100,168398
1766633958.320497,96194.000,13638,2,PI,1,100,168311
1766633958.360494,96234.000,13654,3,PI,1,100,168314
1766633958.400491,96274.000,13654,3,PI,1,100,168381
1766633958.440487,96314.000,13654,3,PI,1,100,168376
1766633958.480484,96354.000,13674,2,PI,1,100,168388
1766633958.520481,96394.000,13674,2,PI,1,100,168481
1766633958.560477,96434.000,13690,3,PI,1,100,168495
1766633958.600474,96474.000,13690,3,PI,1,100,168584
1766633958.640471,96514.000,13690,3,PI,1,100,168648
1766633958.680468,96554.000,13705,3,PI,1,100,168642
1766633958.720465,96594.000,13705,3,PI,1,100,168633
1766633958.760461,96634.000,13705,3,PI,1,100,168736
1766633958.800458,96674.000,13721,2,PI,1,100,168794
1766633958.840455,96714.000,13721,2,PI,1,100,168855
1766633958.880452,96754.000,13741,3,PI,1,100,168927
1766633958.920449,96794.000,13741,3,PI,1,100,168954
1766633958.960445,96834.000,13741,3,PI,1,100,168971
1766633959.000442,96874.000,13757,2,PI,1,100,168975
1766633959.040439,96914.000,13757,2,PI,1,100,169012
1766633959.080436,96954.000,13772,3,PI,1,100,169075
1766633959.120432,96994.000,13772,3,PI,1,100,169133
1766633959.160429,97034.000,13772,3,PI,1,100,169130
1766633959.200426,97074.000,13789,2,PI,1,100,169115
1766633959.240423,97114.000,13789,2,PI,1,100,169058
1766633959.280419,97154.000,13806,3,PI,1,100,169078
1766633959.320416,97194.000,13806,3,PI,1,100,169120
1766633959.360413,97234.000,13806,3,PI,1,100,169184
1766633959.400410,97274.000,13822,2,PI,1,100,169273
1766633959.440407,97314.000,13822,2,PI,1,100,169429
1766633959.480403,97354.000,13838,3,PI,1,100,169572
1766633959.520400,97394.000,13838,3,PI,1,100,169570
1766633959.560397,97434.000,13838,3,PI,1,100,169496
1766633959.600394,97474.000,13854,2,PI,1,100,169396
1766633959.640390,97514.000,13854,2,PI,1,100,169051
1766633959.680387,97554.000,13871,3,PI,1,100,168793
1766633959.720384,97594.000,13871,3,PI,1,100,169139
1766633959.760381,97634.000,13871,3,PI,1,100,169924
1766633959.800377,97674.000,13889,2,PI,1,100,170432
1766633959.840374,97714.000,13889,2,PI,1,100,169990
1766633959.880371,97754.000,13906,3,PI,1,100,168973
1766633959.920368,97794.000,13906,3,PI,1,100,168774
1766633959.960364,97834.000,13906,3,PI,1,100,169151
1766633960.000361,97874.000,13921,2,PI,1,100,168301
1766633960.040358,97914.000,13921,2,PI,1,100,168125
1766633960.080355,97954.000,13938,3,PI,1,100,168016
1766633960.120352,97994.000,13938,3,PI,1,100,168355
1766633960.160348,98034.000,13938,3,PI,1,100,167896
1766633960.200345,98074.000,13955,3,PI,1,100,167377
1766633960.240342,98114.000,13955,3,PI,1,100,167179
1766633960.280339,98154.000,13955,3,PI,1,100,167020
1766633960.320335,98194.000,13972,2,PI,1,100,166953
1766633960.360332,98234.000,13972,2,PI,1,100,167047
1766633960.400329,98274.000,13986,3,PI,1,100,167177
1766633960.440325,98314.000,13986,3,PI,1,100,167221
1766633960.480322,98354.000,13986,3,PI,1,100,167184
1766633960.520319,98394.000,14004,2,PI,1,100,167198
1766633960.560316,98434.000,14004,2,PI,1,100,167272
1766633960.600313,98474.000,14022,3,PI,1,100,167339
1766633960.640309,98514.000,14022,3,PI,1,100,167404
1766633960.680306,98554.000,14022,3,PI,1,100,167376
1766633960.720303,98594.000,14039,2,PI,1,100,167533
1766633960.760300,98634.000,14039,2,PI,1,100,167689
1766633960.800297,98674.000,14054,3,PI,1,100,167899
1766633960.840293,98714.000,14054,3,PI,1,100,168040
1766633960.880290,98754.000,14054,3,PI,1,100,168110
1766633960.920287,98794.000,14071,2,PI,1,100,168247
1766633960.960284,98834.000,14071,2,PI,1,100,168315
1766633961.000280,98874.000,14087,3,PI,1,100,168476
1766633961.040277,98914.000,14087,3,PI,1,100,168597
1766633961.080274,98954.000,14087,3,PI,1,100,168589
1766633961.120271,98994.000,14104,2,PI,1,100,168557
1766633961.160267,99034.000,14104,2,PI,1,100,168553
1766633961.200264,99074.000,14119,3,PI,1,100,168524
1766633961.240261,99114.000,14119,3,PI,1,100,168504
1766633961.280258,99154.000,14119,3,PI,1,100,168488
1766633961.319754,99193.500,14136,2,PI,1,100,168558
1766633961.359251,99233.000,14136,2,PI,1,100,168624
1766633961.399581,99273.333,14152,3,PI,1,100,168671
1766633961.439911,99313.667,14152,3,PI,1,100,168720
1766633961.480242,99354.000,14152,3,PI,1,100,168721
1766633961.520238,99394.000,14170,3,PI,1,100,168805
1766633961.560235,99434.000,14170,3,PI,1,100,169003
1766633961.600232,99474.000,14170,3,PI,1,100,169116
1766633961.640229,99514.000,14184,2,PI,1,100,169198
1766633961.680225,99554.000,14184,2,PI,1,100,169273
1766633961.719889,99593.667,14201,3,PI,1,100,169338
1766633961.759552,99633.333,14201,3,PI,1,100,169346
1766633961.799216,99673.000,14201,3,PI,1,100,169349
1766633961.839212,99713.000,14218,2,PI,1,100,169408
1766633961.879209,99753.000,14218,2,PI,1,100,169477
1766633961.919206,99793.000,14235,3,PI,1,100,169487
1766633961.959203,99833.000,14235,3,PI,1,100,169552
1766633961.999200,99873.000,14235,3,PI,1,100,169537
1766633962.039196,99913.000,14250,2,PI,1,100,169426
1766633962.079193,99953.000,14250,2,PI,1,100,169299
1766633962.119190,99993.000,14266,3,PI,1,100,169299
1766633962.159187,100033.000,14266,3,PI,1,100,169334
1766633962.199183,100073.000,14266,3,PI,1,100,169354
1766633962.239680,100113.500,14283,2,PI,1,100,169419
1766633962.280177,100154.000,14283,2,PI,1,100,169444
1766633962.319840,100193.667,14302,3,PI,1,100,169436
1766633962.359504,100233.333,14302,3,PI,1,100,169430
1766633962.399167,100273.000,14302,3,PI,1,100,169443
1766633962.439664,100313.500,14318,2,PI,1,100,169477
1766633962.480161,100354.000,14318,2,PI,1,100,169567
1766633962.519824,100393.667,14334,3,PI,1,100,169589
1766633962.559488,100433.333,14334,3,PI,1,100,169644
1766633962.599151,100473.000,14334,3,PI,1,100,169703
1766633962.639148,100513.000,14350,2,PI,1,100,169753
1766633962.679145,100553.000,14350,2,PI,1,100,169780
1766633962.723808,100597.667,14367,3,PI,1,100,169765
1766633962.768471,100642.333,14367,3,PI,1,100,169779
1766633962.813134,100687.000,14367,3,PI,1,100,169797
1766633962.853131,100727.000,14389,2,PI,1,100,169813
1766633962.893127,100767.000,14389,2,PI,1,100,169811
1766633962.933124,100807.000,14404,3,PI,1,100,169744
1766633962.973121,100847.000,14404,3,PI,1,100,169668
1766633963.013118,100887.000,14404,3,PI,1,100,169636
1766633963.053114,100927.000,14420,2,PI,1,100,169657
1766633963.093111,100967.000,14420,2,PI,1,100,169697
1766633963.133108,101007.000,14440,3,PI,1,100,169731
1766633963.173105,101047.000,14440,3,PI,1,100,169794
1766633963.213101,101087.000,14440,3,PI,1,100,169834
1766633963.253098,101127.000,14456,2,PI,1,100,169895
1766633963.293095,101167.000,14456,2,PI,1,100,169930
1766633963.333092,101207.000,14471,3,PI,1,100,169953
1766633963.373088,101247.000,14471,3,PI,1,100,169950
1766633963.413085,101287.000,14471,3,PI,1,100,169934
1766633963.453082,101327.000,14487,2,PI,1,100,169921
1766633963.493079,101367.000,14487,2,PI,1,100,169886
1766633963.533076,101407.000,14505,3,PI,1,100,169836
1766633963.573072,101447.000,14505,3,PI,1,100,169878
1766633963.613069,101487.000,14505,3,PI,1,100,169932
1766633963.653066,101527.000,14523,3,PI,1,100,169988
1766633963.693063,101567.000,14523,3,PI,1,100,170056
1766633963.733059,101607.000,14523,3,PI,1,100,170073
1766633963.773056,101647.000,14538,2,PI,1,100,170007
1766633963.813053,101687.000,14538,2,PI,1,100,169982
1766633963.853050,101727.000,14555,3,PI,1,100,169987
1766633963.893046,101767.000,14555,3,PI,1,100,169958
1766633963.933043,101807.000,14555,3,PI,1,100,169986
1766633963.973040,101847.000,14576,2,PI,1,100,170025
1766633964.013037,101887.000,14576,2,PI,1,100,170051
1766633964.053033,101927.000,14592,3,PI,1,100,170048
1766633964.093030,101967.000,14592,3,PI,1,100,170028
1766633964.133027,102007.000,14592,3,PI,1,100,170072
1766633964.173024,102047.000,14609,2,PI,1,100,170076
1766633964.213021,102087.000,14609,2,PI,1,100,170067
1766633964.253017,102127.000,14624,3,PI,1,100,170026
1766633964.293014,102167.000,14624,3,PI,1,100,170007
1766633964.333011,102207.000,14624,3,PI,1,100,170055
1766633964.373008,102247.000,14641,2,PI,1,100,170121
1766633964.413004,102287.000,14641,2,PI,1,100,170227
1766633964.452668,102326.667,14658,3,PI,1,100,170229
1766633964.492331,102366.333,14658,3,PI,1,100,170223
1766633964.531995,102406.000,14658,3,PI,1,100,170246
1766633964.572491,102446.500,14675,2,PI,1,100,170188
1766633964.612988,102487.000,14675,2,PI,1,100,170135
1766633964.652652,102526.667,14689,3,PI,1,100,170105
1766633964.692315,102566.333,14689,3,PI,1,100,170149
1766633964.731979,102606.000,14689,3,PI,1,100,170154
1766633964.771975,102646.000,14706,2,PI,1,100,170168
1766633964.811972,102686.000,14706,2,PI,1,100,170172
1766633964.852302,102726.333,14725,3,PI,1,100,170142
1766633964.892632,102766.667,14725,3,PI,1,100,170149
1766633964.932962,102807.000,14725,3,PI,1,100,170194
1766633964.972626,102846.667,14742,3,PI,1,100,170218
1766633965.012289,102886.333,14742,3,PI,1,100,170254
1766633965.051953,102926.000,14742,3,PI,1,100,170289
1766633965.092449,102966.500,14756,2,PI,1,100,170281
1766633965.132946,103007.000,14756,2,PI,1,100,170271
1766633965.172943,103047.000,14774,3,PI,1,100,170308
1766633965.212940,103087.000,14774,3,PI,1,100,170337
1766633965.252936,103127.000,14774,3,PI,1,100,170301
1766633965.292433,103166.500,14790,2,PI,1,100,170345
1766633965.331930,103206.000,14790,2,PI,1,100,170370
1766633965.371927,103246.000,14807,3,PI,1,100,170274
1766633965.411924,103286.000,14807,3,PI,1,100,170221
1766633965.451920,103326.000,14807,3,PI,1,100,170237
1766633965.491917,103366.000,14822,2,PI,1,100,170268
1766633965.531914,103406.000,14822,2,PI,1,100,170332
1766633965.571911,103446.000,14841,3,PI,1,100,170310
1766633965.611907,103486.000,14841,3,PI,1,100,170310
1766633965.651904,103526.000,14841,3,PI,1,100,170292
1766633965.691901,103566.000,14857,2,PI,1,100,170232
1766633965.731898,103606.000,14857,2,PI,1,100,170308
1766633965.772228,103646.333,14874,3,PI,1,100,170363
1766633965.812558,103686.667,14874,3,PI,1,100,170370
1766633965.852888,103727.000,14874,3,PI,1,100,170437
1766633965.892385,103766.500,14889,2,PI,1,100,170486
1766633965.931881,103806.000,14889,2,PI,1,100,170452
1766633965.971878,103846.000,14906,3,PI,1,100,170492
1766633966.011875,103886.000,14906,3,PI,1,100,170569
1766633966.051872,103926.000,14906,3,PI,1,100,170601
1766633966.091869,103966.000,14922,3,PI,1,100,170637
1766633966.131865,104006.000,14922,3,PI,1,100,170658
1766633966.171862,104046.000,14922,3,PI,1,100,170567
1766633966.211859,104086.000,14940,2,PI,1,100,170444
1766633966.251856,104126.000,14940,2,PI,1,100,170440
1766633966.291852,104166.000,14955,3,PI,1,100,170473
1766633966.331849,104206.000,14955,3,PI,1,100,170596
1766633966.371846,104246.000,14955,3,PI,1,100,170649
1766633966.411843,104286.000,14973,2,PI,1,100,170661
1766633966.451839,104326.000,14973,2,PI,1,100,170684
1766633966.491836,104366.000,14990,3,PI,1,100,170695
1766633966.531833,104406.000,14990,3,PI,1,100,170709
1766633966.571830,104446.000,14990,3,PI,1,100,170710
1766633966.611826,104486.000,15007,2,PI,1,100,170745
1766633966.651823,104526.000,15007,2,PI,1,100,170767
