LocalTimestamp,EmotiBitTimestamp,PacketNumber,DataLength,TypeTag,ProtocolVersion,DataReliability,AX
1766633906.608679,44478.000,5158,3,AX,1,100,0.024
1766633906.608679,44478.000,5158,3,AX,1,100,0.016
1766633906.608679,44478.000,5158,3,AX,1,100,0.019
1766633906.648675,44518.000,5175,2,AX,1,100,0.017
1766633906.688672,44558.000,5175,2,AX,1,100,0.009
1766633906.728669,44598.000,5191,3,AX,1,100,0.016
1766633906.768666,44638.000,5191,3,AX,1,100,0.014
1766633906.808663,44678.000,5191,3,AX,1,100,0.007
1766633906.848659,44718.000,5207,2,AX,1,100,0.028
1766633906.888656,44758.000,5207,2,AX,1,100,0.026
1766633906.924320,44793.667,5223,3,AX,1,100,0.011
1766633906.959984,44829.333,5223,3,AX,1,100,0.015
1766633906.995647,44865.000,5223,3,AX,1,100,0.016
1766633907.035644,44905.000,5240,3,AX,1,100,0.013
1766633907.075641,44945.000,5240,3,AX,1,100,0.008
1766633907.115638,44985.000,5240,3,AX,1,100,0.016
1766633907.155635,45025.000,5257,3,AX,1,100,0.010
1766633907.195631,45065.000,5257,3,AX,1,100,0.017
1766633907.235628,45105.000,5257,3,AX,1,100,0.013
1766633907.275625,45145.000,5272,2,AX,1,100,0.016
1766633907.315622,45185.000,5272,2,AX,1,100,0.013
1766633907.355618,45225.000,5288,3,AX,1,100,0.014
1766633907.395615,45265.000,5288,3,AX,1,100,0.013
1766633907.435612,45305.000,5288,3,AX,1,100,0.021
1766633907.475609,45345.000,5305,2,AX,1,100,0.001
1766633907.515605,45385.000,5305,2,AX,1,100,0.025
1766633907.555602,45425.000,5322,3,AX,1,100,0.030
1766633907.595599,45465.000,5322,3,AX,1,100,0.012
1766633907.635596,45505.000,5322,3,AX,1,100,0.029
1766633907.675592,45545.000,5337,2,AX,1,100,0.038
1766633907.715589,45585.000,5337,2,AX,1,100,0.024
1766633907.751253,45620.667,5353,3,AX,1,100,0.026
1766633907.786917,45656.333,5353,3,AX,1,100,0.016
1766633907.822581,45692.000,5353,3,AX,1,100,0.016
1766633907.862577,45732.000,5371,3,AX,1,100,0.017
1766633907.902574,45772.000,5371,3,AX,1,100,0.014
1766633907.942571,45812.000,5371,3,AX,1,100,0.019
1766633907.982568,45852.000,5387,2,AX,1,100,0.021
1766633908.022564,45892.000,5387,2,AX,1,100,0.021
1766633908.062895,45932.333,5403,3,AX,1,100,0.022
1766633908.103225,45972.667,5403,3,AX,1,100,0.020
1766633908.143555,46013.000,5403,3,AX,1,100,0.017
1766633908.183052,46052.500,5419,2,AX,1,100,0.031
1766633908.222548,46092.000,5419,2,AX,1,100,0.008
1766633908.262545,46132.000,5436,3,AX,1,100,0.003
1766633908.302542,46172.000,5436,3,AX,1,100,0.017
1766633908.342539,46212.000,5436,3,AX,1,100,0.011
1766633908.382535,46252.000,5452,2,AX,1,100,0.019
1766633908.422532,46292.000,5452,2,AX,1,100,0.018
1766633908.462529,46332.000,5470,3,AX,1,100,0.015
1766633908.502526,46372.000,5470,3,AX,1,100,0.008
1766633908.542522,46412.000,5470,3,AX,1,100,0.014
1766633908.582519,46452.000,5484,2,AX,1,100,0.017
1766633908.622516,46492.000,5484,2,AX,1,100,0.010
1766633908.657846,46527.333,5501,3,AX,1,100,0.017
1766633908.693177,46562.667,5501,3,AX,1,100,0.014
1766633908.728507,46598.000,5501,3,AX,1,100,0.011
1766633908.768504,46638.000,5517,3,AX,1,100,0.019
1766633908.808501,46678.000,5517,3,AX,1,100,0.013
1766633908.848498,46718.000,5517,3,AX,1,100,0.014
1766633908.888494,46758.000,5537,2,AX,1,100,0.005
1766633908.928491,46798.000,5537,2,AX,1,100,0.009
1766633908.968488,46838.000,5551,3,AX,1,100,0.014
1766633909.008485,46878.000,5551,3,AX,1,100,0.012
1766633909.048481,46918.000,5551,3,AX,1,100,0.011
1766633909.088478,46958.000,5568,3,AX,1,100,0.005
1766633909.128475,46998.000,5568,3,AX,1,100,0.002
1766633909.168472,47038.000,5568,3,AX,1,100,0.009
1766633909.208468,47078.000,5585,2,AX,1,100,0.011
1766633909.248465,47118.000,5585,2,AX,1,100,0.006
1766633909.288462,47158.000,5602,3,AX,1,100,0.009
1766633909.328459,47198.000,5602,3,AX,1,100,0.009
1766633909.368456,47238.000,5602,3,AX,1,100,0.010
1766633909.408452,47278.000,5616,2,AX,1,100,0.009
1766633909.448449,47318.000,5616,2,AX,1,100,0.009
1766633909.484113,47353.667,5634,3,AX,1,100,-0.002
1766633909.519777,47389.333,5634,3,AX,1,100,-0.000
1766633909.555440,47425.000,5634,3,AX,1,100,0.005
1766633909.595437,47465.000,5650,3,AX,1,100,0.007
1766633909.635434,47505.000,5650,3,AX,1,100,0.007
1766633909.675431,47545.000,5650,3,AX,1,100,-0.001
1766633909.715428,47585.000,5667,2,AX,1,100,0.012
1766633909.755424,47625.000,5667,2,AX,1,100,0.004
1766633909.795421,47665.000,5681,2,AX,1,100,0.006
1766633909.835418,47705.000,5681,2,AX,1,100,0.010
1766633909.875415,47745.000,5699,3,AX,1,100,0.008
1766633909.915411,47785.000,5699,3,AX,1,100,-0.001
1766633909.955408,47825.000,5699,3,AX,1,100,-0.005
1766633909.995405,47865.000,5715,3,AX,1,100,-0.006
1766633910.035402,47905.000,5715,3,AX,1,100,0.001
1766633910.075398,47945.000,5715,3,AX,1,100,-0.007
1766633910.115395,47985.000,5732,2,AX,1,100,0.001
1766633910.155392,48025.000,5732,2,AX,1,100,-0.005
1766633910.195389,48065.000,5748,3,AX,1,100,-0.005
1766633910.235385,48105.000,5748,3,AX,1,100,-0.007
1766633910.275382,48145.000,5748,3,AX,1,100,-0.004
1766633910.310713,48180.333,5764,3,AX,1,100,-0.016
1766633910.346043,48215.667,5764,3,AX,1,100,-0.014
1766633910.381374,48251.000,5764,3,AX,1,100,-0.014
1766633910.421371,48291.000,5780,2,AX,1,100,-0.001
1766633910.461367,48331.000,5780,2,AX,1,100,-0.010
1766633910.501364,48371.000,5798,3,AX,1,100,-0.013
1766633910.541361,48411.000,5798,3,AX,1,100,-0.009
1766633910.581357,48451.000,5798,3,AX,1,100,-0.009
1766633910.621354,48491.000,5814,2,AX,1,100,-0.016
1766633910.661351,48531.000,5814,2,AX,1,100,-0.006
1766633910.701348,48571.000,5829,3,AX,1,100,-0.016
1766633910.741345,48611.000,5829,3,AX,1,100,-0.012
1766633910.781341,48651.000,5829,3,AX,1,100,-0.018
1766633910.821338,48691.000,5846,2,AX,1,100,-0.016
1766633910.861335,48731.000,5846,2,AX,1,100,-0.018
1766633910.901332,48771.000,5863,3,AX,1,100,-0.010
1766633910.941329,48811.000,5863,3,AX,1,100,-0.011
1766633910.981325,48851.000,5863,3,AX,1,100,-0.014
1766633911.021322,48891.000,5879,2,AX,1,100,-0.011
1766633911.061319,48931.000,5879,2,AX,1,100,-0.020
1766633911.096982,48966.667,5894,3,AX,1,100,-0.018
1766633911.132646,49002.333,5894,3,AX,1,100,-0.021
1766633911.168310,49038.000,5894,3,AX,1,100,-0.025
1766633911.208307,49078.000,5911,3,AX,1,100,-0.023
1766633911.248304,49118.000,5911,3,AX,1,100,-0.022
1766633911.288300,49158.000,5911,3,AX,1,100,-0.018
1766633911.328297,49198.000,5928,2,AX,1,100,-0.025
1766633911.368294,49238.000,5928,2,AX,1,100,-0.021
1766633911.408291,49278.000,5944,3,AX,1,100,-0.023
1766633911.448287,49318.000,5944,3,AX,1,100,-0.021
1766633911.488284,49358.000,5944,3,AX,1,100,-0.018
1766633911.528281,49398.000,5960,2,AX,1,100,-0.023
1766633911.568278,49438.000,5960,2,AX,1,100,-0.027
1766633911.608274,49478.000,5976,3,AX,1,100,-0.019
1766633911.648271,49518.000,5976,3,AX,1,100,-0.021
1766633911.688268,49558.000,5976,3,AX,1,100,-0.027
1766633911.728265,49598.000,5998,2,AX,1,100,-0.019
1766633911.768262,49638.000,5998,2,AX,1,100,-0.025
1766633911.808258,49678.000,6015,3,AX,1,100,-0.011
1766633911.848255,49718.000,6015,3,AX,1,100,-0.029
1766633911.888252,49758.000,6015,3,AX,1,100,-0.029
1766633911.923916,49793.667,6030,3,AX,1,100,-0.029
1766633911.959579,49829.333,6030,3,AX,1,100,-0.035
1766633911.995243,49865.000,6030,3,AX,1,100,-0.034
1766633912.035240,49905.000,6046,2,AX,1,100,-0.034
1766633912.075237,49945.000,6046,2,AX,1,100,-0.037
1766633912.115233,49985.000,6063,3,AX,1,100,-0.039
1766633912.155230,50025.000,6063,3,AX,1,100,-0.034
1766633912.195227,50065.000,6063,3,AX,1,100,-0.034
1766633912.235224,50105.000,6080,2,AX,1,100,-0.037
1766633912.275221,50145.000,6080,2,AX,1,100,-0.041
1766633912.315217,50185.000,6095,3,AX,1,100,-0.042
1766633912.355214,50225.000,6095,3,AX,1,100,-0.031
1766633912.395211,50265.000,6095,3,AX,1,100,-0.034
1766633912.435208,50305.000,6111,2,AX,1,100,-0.031
1766633912.475204,50345.000,6111,2,AX,1,100,-0.038
1766633912.515201,50385.000,6129,3,AX,1,100,-0.036
1766633912.555198,50425.000,6129,3,AX,1,100,-0.045
1766633912.595195,50465.000,6129,3,AX,1,100,-0.040
1766633912.635191,50505.000,6145,3,AX,1,100,-0.038
1766633912.675188,50545.000,6145,3,AX,1,100,-0.041
1766633912.715185,50585.000,6145,3,AX,1,100,-0.039
1766633912.755182,50625.000,6161,2,AX,1,100,-0.044
1766633912.795178,50665.000,6161,2,AX,1,100,-0.034
1766633912.830509,50700.333,6177,3,AX,1,100,-0.042
1766633912.865839,50735.667,6177,3,AX,1,100,-0.047
1766633912.901170,50771.000,6177,3,AX,1,100,-0.043
1766633912.941167,50811.000,6194,2,AX,1,100,-0.049
1766633912.981164,50851.000,6194,2,AX,1,100,-0.049
1766633913.021160,50891.000,6210,3,AX,1,100,-0.054
1766633913.061157,50931.000,6210,3,AX,1,100,-0.038
1766633913.101154,50971.000,6210,3,AX,1,100,-0.054
1766633913.141150,51011.000,6226,2,AX,1,100,-0.056
1766633913.181147,51051.000,6226,2,AX,1,100,-0.052
1766633913.221144,51091.000,6242,3,AX,1,100,-0.058
1766633913.261141,51131.000,6242,3,AX,1,100,-0.059
1766633913.301138,51171.000,6242,3,AX,1,100,-0.047
1766633913.341134,51211.000,6259,3,AX,1,100,-0.057
1766633913.381131,51251.000,6259,3,AX,1,100,-0.051
1766633913.421128,51291.000,6259,3,AX,1,100,-0.062
1766633913.461125,51331.000,6275,2,AX,1,100,-0.057
1766633913.501122,51371.000,6275,2,AX,1,100,-0.056
1766633913.541118,51411.000,6293,3,AX,1,100,-0.059
1766633913.581115,51451.000,6293,3,AX,1,100,-0.059
1766633913.621112,51491.000,6293,3,AX,1,100,-0.064
1766633913.656775,51526.667,6307,3,AX,1,100,-0.055
1766633913.692439,51562.333,6307,3,AX,1,100,-0.058
1766633913.728103,51598.000,6307,3,AX,1,100,-0.058
1766633913.768100,51638.000,6324,2,AX,1,100,-0.068
1766633913.808097,51678.000,6324,2,AX,1,100,-0.063
1766633913.848093,51718.000,6341,3,AX,1,100,-0.065
1766633913.888090,51758.000,6341,3,AX,1,100,-0.062
1766633913.928087,51798.000,6341,3,AX,1,100,-0.066
1766633913.968084,51838.000,6360,2,AX,1,100,-0.070
1766633914.008080,51878.000,6360,2,AX,1,100,-0.051
1766633914.048077,51918.000,6374,3,AX,1,100,-0.060
1766633914.088074,51958.000,6374,3,AX,1,100,-0.059
1766633914.128071,51998.000,6374,3,AX,1,100,-0.055
1766633914.168067,52038.000,6392,2,AX,1,100,-0.061
1766633914.208064,52078.000,6392,2,AX,1,100,-0.055
1766633914.248061,52118.000,6408,3,AX,1,100,-0.055
1766633914.288058,52158.000,6408,3,AX,1,100,-0.058
1766633914.328055,52198.000,6408,3,AX,1,100,-0.056
1766633914.368051,52238.000,6425,2,AX,1,100,-0.066
1766633914.408048,52278.000,6425,2,AX,1,100,-0.055
1766633914.443378,52313.333,6439,3,AX,1,100,-0.055
1766633914.478709,52348.667,6439,3,AX,1,100,-0.055
1766633914.514040,52384.000,6439,3,AX,1,100,-0.060
1766633914.554036,52424.000,6457,3,AX,1,100,-0.060
1766633914.594033,52464.000,6457,3,AX,1,100,-0.050
1766633914.634030,52504.000,6457,3,AX,1,100,-0.056
1766633914.674026,52544.000,6473,2,AX,1,100,-0.059
1766633914.714023,52584.000,6473,2,AX,1,100,-0.057
1766633914.754020,52624.000,6490,3,AX,1,100,-0.053
1766633914.794017,52664.000,6490,3,AX,1,100,-0.056
1766633914.834014,52704.000,6490,3,AX,1,100,-0.052
1766633914.874010,52744.000,6505,2,AX,1,100,-0.054
1766633914.914007,52784.000,6505,2,AX,1,100,-0.052
1766633914.954004,52824.000,6522,3,AX,1,100,-0.060
1766633914.994001,52864.000,6522,3,AX,1,100,-0.051
1766633915.033998,52904.000,6522,3,AX,1,100,-0.056
1766633915.073994,52944.000,6538,2,AX,1,100,-0.050
1766633915.113991,52984.000,6538,2,AX,1,100,-0.056
1766633915.153988,53024.000,6556,3,AX,1,100,-0.049
1766633915.193985,53064.000,6556,3,AX,1,100,-0.053
1766633915.233981,53104.000,6556,3,AX,1,100,-0.060
1766633915.269645,53139.667,6571,3,AX,1,100,-0.052
1766633915.305309,53175.333,6571,3,AX,1,100,-0.061
1766633915.340973,53211.000,6571,3,AX,1,100,-0.055
1766633915.380969,53251.000,6587,2,AX,1,100,-0.056
1766633915.420966,53291.000,6587,2,AX,1,100,-0.058
1766633915.460963,53331.000,6604,3,AX,1,100,-0.057
1766633915.500960,53371.000,6604,3,AX,1,100,-0.058
1766633915.540956,53411.000,6604,3,AX,1,100,-0.058
1766633915.580953,53451.000,6621,2,AX,1,100,-0.052
1766633915.620950,53491.000,6621,2,AX,1,100,-0.057
1766633915.660947,53531.000,6637,3,AX,1,100,-0.047
1766633915.700943,53571.000,6637,3,AX,1,100,-0.053
1766633915.740940,53611.000,6637,3,AX,1,100,-0.055
1766633915.780937,53651.000,6652,2,AX,1,100,-0.059
1766633915.820934,53691.000,6652,2,AX,1,100,-0.057
1766633915.860931,53731.000,6669,3,AX,1,100,-0.056
1766633915.900927,53771.000,6669,3,AX,1,100,-0.055
1766633915.940924,53811.000,6669,3,AX,1,100,-0.058
1766633915.980921,53851.000,6686,3,AX,1,100,-0.059
1766633916.020918,53891.000,6686,3,AX,1,100,-0.055
1766633916.060915,53931.000,6686,3,AX,1,100,-0.057
1766633916.094412,53964.500,6702,2,AX,1,100,-0.056
1766633916.127909,53998.000,6702,2,AX,1,100,-0.060
1766633916.167906,54038.000,6718,3,AX,1,100,-0.062
1766633916.207902,54078.000,6718,3,AX,1,100,-0.061
1766633916.247899,54118.000,6718,3,AX,1,100,-0.058
1766633916.287896,54158.000,6734,3,AX,1,100,-0.057
1766633916.327893,54198.000,6734,3,AX,1,100,-0.064
1766633916.367890,54238.000,6734,3,AX,1,100,-0.061
1766633916.407886,54278.000,6753,2,AX,1,100,-0.056
1766633916.447883,54318.000,6753,2,AX,1,100,-0.060
1766633916.487880,54358.000,6770,3,AX,1,100,-0.067
1766633916.527877,54398.000,6770,3,AX,1,100,-0.059
1766633916.567873,54438.000,6770,3,AX,1,100,-0.066
1766633916.607870,54478.000,6785,2,AX,1,100,-0.065
1766633916.647867,54518.000,6785,2,AX,1,100,-0.061
1766633916.687864,54558.000,6801,3,AX,1,100,-0.070
1766633916.727860,54598.000,6801,3,AX,1,100,-0.067
1766633916.767857,54638.000,6801,3,AX,1,100,-0.062
1766633916.807854,54678.000,6825,2,AX,1,100,-0.066
1766633916.847851,54718.000,6825,2,AX,1,100,-0.070
1766633916.887848,54758.000,6842,3,AX,1,100,-0.063
1766633916.927844,54798.000,6842,3,AX,1,100,-0.069
1766633916.967841,54838.000,6842,3,AX,1,100,-0.068
1766633917.003171,54873.333,6861,3,AX,1,100,-0.063
1766633917.038502,54908.667,6861,3,AX,1,100,-0.071
1766633917.073833,54944.000,6861,3,AX,1,100,-0.073
1766633917.113829,54984.000,6875,2,AX,1,100,-0.069
1766633917.153826,55024.000,6875,2,AX,1,100,-0.071
1766633917.193823,55064.000,6893,3,AX,1,100,-0.072
1766633917.233819,55104.000,6893,3,AX,1,100,-0.068
1766633917.273816,55144.000,6893,3,AX,1,100,-0.073
1766633917.313813,55184.000,6909,3,AX,1,100,-0.062
1766633917.353810,55224.000,6909,3,AX,1,100,-0.071
1766633917.393807,55264.000,6909,3,AX,1,100,-0.066
1766633917.433803,55304.000,6926,2,AX,1,100,-0.070
1766633917.473800,55344.000,6926,2,AX,1,100,-0.078
1766633917.513797,55384.000,6941,3,AX,1,100,-0.061
1766633917.553794,55424.000,6941,3,AX,1,100,-0.068
1766633917.593791,55464.000,6941,3,AX,1,100,-0.063
1766633917.633787,55504.000,6958,2,AX,1,100,-0.068
1766633917.673784,55544.000,6958,2,AX,1,100,-0.064
1766633917.713781,55584.000,6974,3,AX,1,100,-0.069
1766633917.753778,55624.000,6974,3,AX,1,100,-0.068
1766633917.793774,55664.000,6974,3,AX,1,100,-0.062
1766633917.829105,55699.333,6992,3,AX,1,100,-0.061
1766633917.864435,55734.667,6992,3,AX,1,100,-0.066
1766633917.899766,55770.000,6992,3,AX,1,100,-0.059
1766633917.940263,55810.500,7006,2,AX,1,100,-0.063
1766633917.980759,55851.000,7006,2,AX,1,100,-0.067
1766633918.020423,55890.667,7023,3,AX,1,100,-0.061
1766633918.060086,55930.333,7023,3,AX,1,100,-0.069
1766633918.099750,55970.000,7023,3,AX,1,100,-0.065
1766633918.140246,56010.500,7039,2,AX,1,100,-0.068
1766633918.180743,56051.000,7039,2,AX,1,100,-0.062
1766633918.220407,56090.667,7057,3,AX,1,100,-0.059
1766633918.260070,56130.333,7057,3,AX,1,100,-0.065
1766633918.299733,56170.000,7057,3,AX,1,100,-0.061
1766633918.339730,56210.000,7071,2,AX,1,100,-0.059
1766633918.379727,56250.000,7071,2,AX,1,100,-0.059
1766633918.419724,56290.000,7088,3,AX,1,100,-0.061
1766633918.459720,56330.000,7088,3,AX,1,100,-0.062
1766633918.499717,56370.000,7088,3,AX,1,100,-0.063
1766633918.539714,56410.000,7105,2,AX,1,100,-0.059
1766633918.579711,56450.000,7105,2,AX,1,100,-0.060
1766633918.615708,56486.000,7122,3,AX,1,100,-0.066
1766633918.651705,56522.000,7122,3,AX,1,100,-0.063
1766633918.687702,56558.000,7122,3,AX,1,100,-0.062
1766633918.727699,56598.000,7137,3,AX,1,100,-0.063
1766633918.767695,56638.000,7137,3,AX,1,100,-0.062
1766633918.807692,56678.000,7137,3,AX,1,100,-0.064
1766633918.847189,56717.500,7154,2,AX,1,100,-0.058
1766633918.886686,56757.000,7154,2,AX,1,100,-0.064
1766633918.926683,56797.000,7172,3,AX,1,100,-0.059
1766633918.966679,56837.000,7172,3,AX,1,100,-0.067
1766633919.006676,56877.000,7172,3,AX,1,100,-0.065
1766633919.046673,56917.000,7189,2,AX,1,100,-0.062
1766633919.086670,56957.000,7189,2,AX,1,100,-0.062
1766633919.126667,56997.000,7206,3,AX,1,100,-0.066
1766633919.166663,57037.000,7206,3,AX,1,100,-0.064
1766633919.206660,57077.000,7206,3,AX,1,100,-0.059
1766633919.246657,57117.000,7221,2,AX,1,100,-0.067
1766633919.286654,57157.000,7221,2,AX,1,100,-0.063
1766633919.326650,57197.000,7237,3,AX,1,100,-0.058
1766633919.366647,57237.000,7237,3,AX,1,100,-0.066
1766633919.406644,57277.000,7237,3,AX,1,100,-0.060
1766633919.446641,57317.000,7254,3,AX,1,100,-0.060
1766633919.486637,57357.000,7254,3,AX,1,100,-0.065
1766633919.526634,57397.000,7254,3,AX,1,100,-0.064
1766633919.560132,57430.500,7271,2,AX,1,100,-0.071
1766633919.593629,57464.000,7271,2,AX,1,100,-0.063
1766633919.633626,57504.000,7286,3,AX,1,100,-0.070
1766633919.673622,57544.000,7286,3,AX,1,100,-0.064
1766633919.713619,57584.000,7286,3,AX,1,100,-0.069
1766633919.753616,57624.000,7302,3,AX,1,100,-0.070
1766633919.793612,57664.000,7302,3,AX,1,100,-0.065
1766633919.833609,57704.000,7302,3,AX,1,100,-0.073
1766633919.873606,57744.000,7320,2,AX,1,100,-0.073
1766633919.913603,57784.000,7320,2,AX,1,100,-0.074
1766633919.953600,57824.000,7336,3,AX,1,100,-0.071
1766633919.993596,57864.000,7336,3,AX,1,100,-0.077
1766633920.033593,57904.000,7336,3,AX,1,100,-0.074
1766633920.073590,57944.000,7351,2,AX,1,100,-0.076
1766633920.113587,57984.000,7351,2,AX,1,100,-0.073
1766633920.153584,58024.000,7368,3,AX,1,100,-0.077
1766633920.193580,58064.000,7368,3,AX,1,100,-0.080
1766633920.233577,58104.000,7368,3,AX,1,100,-0.078
1766633920.269241,58139.667,7385,3,AX,1,100,-0.071
1766633920.304904,58175.333,7385,3,AX,1,100,-0.079
1766633920.340568,58211.000,7385,3,AX,1,100,-0.073
1766633920.380565,58251.000,7401,2,AX,1,100,-0.077
1766633920.420562,58291.000,7401,2,AX,1,100,-0.072
1766633920.460559,58331.000,7417,3,AX,1,100,-0.072
1766633920.500556,58371.000,7417,3,AX,1,100,-0.074
1766633920.540552,58411.000,7417,3,AX,1,100,-0.077
1766633920.580549,58451.000,7433,2,AX,1,100,-0.074
1766633920.620546,58491.000,7433,2,AX,1,100,-0.073
1766633920.660542,58531.000,7450,3,AX,1,100,-0.064
1766633920.700539,58571.000,7450,3,AX,1,100,-0.078
1766633920.740536,58611.000,7450,3,AX,1,100,-0.078
1766633920.780533,58651.000,7466,2,AX,1,100,-0.070
1766633920.820529,58691.000,7466,2,AX,1,100,-0.062
1766633920.860526,58731.000,7483,3,AX,1,100,-0.042
1766633920.900523,58771.000,7483,3,AX,1,100,-0.045
1766633920.940520,58811.000,7483,3,AX,1,100,-0.044
1766633920.980517,58851.000,7498,2,AX,1,100,-0.072
1766633921.020513,58891.000,7498,2,AX,1,100,-0.088
1766633921.060510,58931.000,7515,3,AX,1,100,-0.098
1766633921.100507,58971.000,7515,3,AX,1,100,-0.099
1766633921.140504,59011.000,7515,3,AX,1,100,-0.111
1766633921.175834,59046.333,7532,3,AX,1,100,-0.098
1766633921.211165,59081.667,7532,3,AX,1,100,-0.081
1766633921.246495,59117.000,7532,3,AX,1,100,-0.079
1766633921.286492,59157.000,7549,2,AX,1,100,-0.070
1766633921.326488,59197.000,7549,2,AX,1,100,-0.071
1766633921.366485,59237.000,7563,3,AX,1,100,-0.088
1766633921.406482,59277.000,7563,3,AX,1,100,-0.100
1766633921.446479,59317.000,7563,3,AX,1,100,-0.101
1766633921.486476,59357.000,7581,2,AX,1,100,-0.096
1766633921.526472,59397.000,7581,2,AX,1,100,-0.092
1766633921.566469,59437.000,7597,3,AX,1,100,-0.070
1766633921.606466,59477.000,7597,3,AX,1,100,-0.081
1766633921.646463,59517.000,7597,3,AX,1,100,-0.064
1766633921.686460,59557.000,7614,2,AX,1,100,-0.069
1766633921.726456,59597.000,7614,2,AX,1,100,-0.073
1766633921.766453,59637.000,7628,3,AX,1,100,-0.077
1766633921.806450,59677.000,7628,3,AX,1,100,-0.071
1766633921.846447,59717.000,7628,3,AX,1,100,-0.059
1766633921.886443,59757.000,7651,3,AX,1,100,-0.058
1766633921.926440,59797.000,7651,3,AX,1,100,-0.062
1766633921.966437,59837.000,7651,3,AX,1,100,-0.069
1766633922.002101,59872.667,7667,3,AX,1,100,-0.086
1766633922.037764,59908.333,7667,3,AX,1,100,-0.102
1766633922.073428,59944.000,7667,3,AX,1,100,-0.103
1766633922.112925,59983.500,7684,2,AX,1,100,-0.110
1766633922.152422,60023.000,7684,2,AX,1,100,-0.121
1766633922.192419,60063.000,7699,3,AX,1,100,-0.104
1766633922.232415,60103.000,7699,3,AX,1,100,-0.131
1766633922.272412,60143.000,7699,3,AX,1,100,-0.128
1766633922.312409,60183.000,7716,2,AX,1,100,-0.511
1766633922.352406,60223.000,7716,2,AX,1,100,-0.271
1766633922.392402,60263.000,7732,3,AX,1,100,-0.022
1766633922.432399,60303.000,7732,3,AX,1,100,0.031
1766633922.472396,60343.000,7732,3,AX,1,100,0.210
1766633922.512393,60383.000,7750,2,AX,1,100,0.186
1766633922.552389,60423.000,7750,2,AX,1,100,-0.285
1766633922.592386,60463.000,7765,3,AX,1,100,-0.610
1766633922.632383,60503.000,7765,3,AX,1,100,-0.570
1766633922.672380,60543.000,7765,3,AX,1,100,-0.566
1766633922.712377,60583.000,7783,2,AX,1,100,-1.169
1766633922.752373,60623.000,7783,2,AX,1,100,-1.681
1766633922.788370,60659.000,7800,3,AX,1,100,-1.614
1766633922.824368,60695.000,7800,3,AX,1,100,-1.476
1766633922.860365,60731.000,7800,3,AX,1,100,-1.490
1766633922.900361,60771.000,7817,3,AX,1,100,-1.532
1766633922.940358,60811.000,7817,3,AX,1,100,-0.796
1766633922.980355,60851.000,7817,3,AX,1,100,-0.506
1766633923.020352,60891.000,7833,2,AX,1,100,-0.737
1766633923.060349,60931.000,7833,2,AX,1,100,0.006
1766633923.100345,60971.000,7848,3,AX,1,100,0.930
1766633923.140342,61011.000,7848,3,AX,1,100,1.176
1766633923.180339,61051.000,7848,3,AX,1,100,1.219
1766633923.220335,61091.000,7865,2,AX,1,100,0.887
1766633923.260332,61131.000,7865,2,AX,1,100,-0.105
1766633923.300329,61171.000,7882,3,AX,1,100,-0.350
1766633923.340326,61211.000,7882,3,AX,1,100,-1.225
1766633923.380322,61251.000,7882,3,AX,1,100,-1.173
1766633923.420319,61291.000,7898,2,AX,1,100,-1.543
1766633923.460316,61331.000,7898,2,AX,1,100,-1.428
1766633923.500313,61371.000,7914,3,AX,1,100,-1.321
1766633923.540310,61411.000,7914,3,AX,1,100,-1.514
1766633923.580306,61451.000,7914,3,AX,1,100,-1.638
1766633923.620303,61491.000,7932,3,AX,1,100,-1.186
1766633923.660300,61531.000,7932,3,AX,1,100,-0.321
1766633923.700297,61571.000,7932,3,AX,1,100,0.633
1766633923.733294,61604.000,7949,2,AX,1,100,1.169
1766633923.766291,61637.000,7949,2,AX,1,100,1.574
1766633923.806288,61677.000,7966,3,AX,1,100,1.561
1766633923.846285,61717.000,7966,3,AX,1,100,0.426
1766633923.886281,61757.000,7966,3,AX,1,100,-0.646
1766633923.926278,61797.000,7983,2,AX,1,100,-1.473
1766633923.966275,61837.000,7983,2,AX,1,100,-1.828
1766633924.006272,61877.000,7999,3,AX,1,100,-1.712
1766633924.046269,61917.000,7999,3,AX,1,100,-1.132
1766633924.086265,61957.000,7999,3,AX,1,100,-1.228
1766633924.126262,61997.000,8016,3,AX,1,100,-0.263
1766633924.166259,62037.000,8016,3,AX,1,100,0.518
1766633924.206256,62077.000,8016,3,AX,1,100,0.165
1766633924.246253,62117.000,8033,2,AX,1,100,-0.184
1766633924.286249,62157.000,8033,2,AX,1,100,-2.061
1766633924.326246,62197.000,8048,3,AX,1,100,-2.727
1766633924.366243,62237.000,8048,3,AX,1,100,-1.027
1766633924.406240,62277.000,8048,3,AX,1,100,-0.505
1766633924.446236,62317.000,8064,2,AX,1,100,-1.078
1766633924.486233,62357.000,8064,2,AX,1,100,-0.530
1766633924.521897,62392.667,8084,3,AX,1,100,0.687
1766633924.557561,62428.333,8084,3,AX,1,100,0.994
1766633924.593225,62464.000,8084,3,AX,1,100,-0.515
1766633924.633221,62504.000,8101,3,AX,1,100,-2.528
1766633924.673218,62544.000,8101,3,AX,1,100,-0.938
1766633924.713215,62584.000,8101,3,AX,1,100,-0.494
1766633924.753211,62624.000,8117,2,AX,1,100,-0.693
1766633924.793208,62664.000,8117,2,AX,1,100,-0.286
1766633924.833205,62704.000,8135,3,AX,1,100,0.689
1766633924.873202,62744.000,8135,3,AX,1,100,0.778
1766633924.913198,62784.000,8135,3,AX,1,100,-0.623
1766633924.953195,62824.000,8152,2,AX,1,100,-1.666
1766633924.993192,62864.000,8152,2,AX,1,100,-1.054
1766633925.033189,62904.000,8168,3,AX,1,100,-0.784
1766633925.073186,62944.000,8168,3,AX,1,100,-1.076
1766633925.113182,62984.000,8168,3,AX,1,100,-1.014
1766633925.153179,63024.000,8188,2,AX,1,100,-0.156
1766633925.193176,63064.000,8188,2,AX,1,100,0.744
1766633925.233173,63104.000,8202,3,AX,1,100,-0.359
1766633925.273170,63144.000,8202,3,AX,1,100,-0.749
1766633925.313166,63184.000,8202,3,AX,1,100,-0.293
1766633925.348497,63219.333,8219,3,AX,1,100,-0.273
1766633925.383827,63254.667,8219,3,AX,1,100,0.139
1766633925.419158,63290.000,8219,3,AX,1,100,0.745
1766633925.459154,63330.000,8237,2,AX,1,100,1.966
1766633925.499151,63370.000,8237,2,AX,1,100,0.136
1766633925.539148,63410.000,8255,3,AX,1,100,-0.384
1766633925.579145,63450.000,8255,3,AX,1,100,0.359
1766633925.619142,63490.000,8255,3,AX,1,100,-0.262
1766633925.659138,63530.000,8269,2,AX,1,100,0.292
1766633925.699135,63570.000,8269,2,AX,1,100,0.840
1766633925.739132,63610.000,8288,3,AX,1,100,1.006
1766633925.779129,63650.000,8288,3,AX,1,100,0.787
1766633925.819125,63690.000,8288,3,AX,1,100,-0.224
1766633925.859122,63730.000,8305,2,AX,1,100,0.121
1766633925.899119,63770.000,8305,2,AX,1,100,-0.070
1766633925.939116,63810.000,8322,3,AX,1,100,-0.057
1766633925.979112,63850.000,8322,3,AX,1,100,0.194
1766633926.019109,63890.000,8322,3,AX,1,100,0.908
1766633926.059106,63930.000,8338,2,AX,1,100,0.633
1766633926.099103,63970.000,8338,2,AX,1,100,0.862
1766633926.134433,64005.333,8358,3,AX,1,100,-0.730
1766633926.169764,64040.667,8358,3,AX,1,100,-0.834
1766633926.205094,64076.000,8358,3,AX,1,100,-1.217
1766633926.245091,64116.000,8374,3,AX,1,100,-0.482
1766633926.285088,64156.000,8374,3,AX,1,100,-0.630
1766633926.325084,64196.000,8374,3,AX,1,100,-0.739
1766633926.365081,64236.000,8391,2,AX,1,100,-0.661
1766633926.405078,64276.000,8391,2,AX,1,100,-1.089
1766633926.445075,64316.000,8407,3,AX,1,100,-0.691
1766633926.485071,64356.000,8407,3,AX,1,100,-0.692
1766633926.525068,64396.000,8407,3,AX,1,100,-0.446
1766633926.565065,64436.000,8427,2,AX,1,100,-0.471
1766633926.605062,64476.000,8427,2,AX,1,100,-0.441
1766633926.645059,64516.000,8443,3,AX,1,100,-0.386
1766633926.685055,64556.000,8443,3,AX,1,100,-0.221
1766633926.725052,64596.000,8443,3,AX,1,100,-0.191
1766633926.765049,64636.000,8460,3,AX,1,100,-0.225
1766633926.805046,64676.000,8460,3,AX,1,100,-0.243
1766633926.845042,64716.000,8460,3,AX,1,100,-0.239
1766633926.885039,64756.000,8476,2,AX,1,100,-0.218
1766633926.925036,64796.000,8476,2,AX,1,100,-0.162
1766633926.961033,64832.000,8492,3,AX,1,100,-0.218
1766633926.997030,64868.000,8492,3,AX,1,100,-0.291
1766633927.033027,64904.000,8492,3,AX,1,100,-0.468
1766633927.073024,64944.000,8513,3,AX,1,100,-0.468
1766633927.113021,64984.000,8513,3,AX,1,100,-0.492
1766633927.153018,65024.000,8513,3,AX,1,100,-0.657
1766633927.193014,65064.000,8531,2,AX,1,100,-0.666
1766633927.233011,65104.000,8531,2,AX,1,100,-0.539
1766633927.273008,65144.000,8547,3,AX,1,100,-0.218
1766633927.313004,65184.000,8547,3,AX,1,100,-0.023
1766633927.353001,65224.000,8547,3,AX,1,100,0.190
1766633927.392998,65264.000,8562,2,AX,1,100,0.369
1766633927.432995,65304.000,8562,2,AX,1,100,0.261
1766633927.472991,65344.000,8579,3,AX,1,100,0.057
1766633927.512988,65384.000,8579,3,AX,1,100,-0.086
1766633927.552985,65424.000,8579,3,AX,1,100,-0.160
1766633927.592982,65464.000,8596,2,AX,1,100,-0.114
1766633927.632979,65504.000,8596,2,AX,1,100,-0.106
1766633927.672975,65544.000,8612,3,AX,1,100,-0.061
1766633927.712972,65584.000,8612,3,AX,1,100,-0.216
1766633927.752969,65624.000,8612,3,AX,1,100,-0.213
1766633927.792966,65664.000,8627,2,AX,1,100,-0.441
1766633927.832963,65704.000,8627,2,AX,1,100,-0.589
1766633927.868293,65739.333,8644,3,AX,1,100,-0.754
1766633927.903623,65774.667,8644,3,AX,1,100,-0.783
1766633927.938954,65810.000,8644,3,AX,1,100,-0.652
1766633927.978617,65849.667,8661,3,AX,1,100,-0.582
1766633928.018281,65889.333,8661,3,AX,1,100,-0.527
1766633928.057944,65929.000,8661,3,AX,1,100,-0.357
1766633928.097941,65969.000,8677,2,AX,1,100,-0.086
1766633928.137938,66009.000,8677,2,AX,1,100,0.075
1766633928.177935,66049.000,8693,3,AX,1,100,0.383
1766633928.217931,66089.000,8693,3,AX,1,100,0.731
1766633928.257928,66129.000,8693,3,AX,1,100,0.371
1766633928.297925,66169.000,8709,2,AX,1,100,0.530
1766633928.337922,66209.000,8709,2,AX,1,100,0.057
1766633928.377918,66249.000,8726,3,AX,1,100,-0.073
1766633928.417915,66289.000,8726,3,AX,1,100,-0.114
1766633928.457912,66329.000,8726,3,AX,1,100,-0.113
1766633928.498409,66369.500,8743,2,AX,1,100,0.030
1766633928.538905,66410.000,8743,2,AX,1,100,0.284
1766633928.578902,66450.000,8758,3,AX,1,100,0.745
1766633928.618899,66490.000,8758,3,AX,1,100,1.136
1766633928.658896,66530.000,8758,3,AX,1,100,1.010
1766633928.694559,66565.667,8774,3,AX,1,100,0.630
1766633928.730223,66601.333,8774,3,AX,1,100,0.479
1766633928.765887,66637.000,8774,3,AX,1,100,0.438
1766633928.805884,66677.000,8793,2,AX,1,100,0.485
1766633928.845881,66717.000,8793,2,AX,1,100,0.653
1766633928.885877,66757.000,8812,3,AX,1,100,0.843
1766633928.925874,66797.000,8812,3,AX,1,100,0.932
1766633928.965871,66837.000,8812,3,AX,1,100,0.866
1766633929.005868,66877.000,8828,2,AX,1,100,0.792
1766633929.045864,66917.000,8828,2,AX,1,100,0.588
1766633929.085861,66957.000,8843,3,AX,1,100,0.155
1766633929.125858,66997.000,8843,3,AX,1,100,-0.086
1766633929.165855,67037.000,8843,3,AX,1,100,-0.752
1766633929.205851,67077.000,8861,3,AX,1,100,-0.864
1766633929.245848,67117.000,8861,3,AX,1,100,-0.383
1766633929.285845,67157.000,8861,3,AX,1,100,-0.002
1766633929.325842,67197.000,8877,2,AX,1,100,0.198
1766633929.365839,67237.000,8877,2,AX,1,100,0.211
1766633929.405835,67277.000,8894,3,AX,1,100,0.203
1766633929.445832,67317.000,8894,3,AX,1,100,0.257
1766633929.485829,67357.000,8894,3,AX,1,100,0.467
1766633929.518826,67390.000,8909,2,AX,1,100,0.679
1766633929.551823,67423.000,8909,2,AX,1,100,0.597
1766633929.591820,67463.000,8926,3,AX,1,100,0.443
1766633929.631817,67503.000,8926,3,AX,1,100,0.362
1766633929.671814,67543.000,8926,3,AX,1,100,0.331
1766633929.711811,67583.000,8944,3,AX,1,100,0.306
1766633929.751807,67623.000,8944,3,AX,1,100,0.407
1766633929.791804,67663.000,8944,3,AX,1,100,0.356
1766633929.831801,67703.000,8962,2,AX,1,100,-0.006
1766633929.871798,67743.000,8962,2,AX,1,100,-0.722
1766633929.911794,67783.000,8976,3,AX,1,100,-1.401
1766633929.951791,67823.000,8976,3,AX,1,100,-1.089
1766633929.991788,67863.000,8976,3,AX,1,100,-0.691
1766633930.031785,67903.000,8993,2,AX,1,100,-0.429
1766633930.071781,67943.000,8993,2,AX,1,100,-0.185
1766633930.111778,67983.000,9009,3,AX,1,100,0.356
1766633930.151775,68023.000,9009,3,AX,1,100,0.868
1766633930.191772,68063.000,9009,3,AX,1,100,1.031
1766633930.231768,68103.000,9029,2,AX,1,100,1.060
1766633930.271765,68143.000,9029,2,AX,1,100,0.780
1766633930.307096,68178.333,9043,3,AX,1,100,0.526
1766633930.342426,68213.667,9043,3,AX,1,100,0.228
1766633930.377757,68249.000,9043,3,AX,1,100,0.186
1766633930.418087,68289.333,9060,3,AX,1,100,0.259
1766633930.458417,68329.667,9060,3,AX,1,100,0.477
1766633930.498747,68370.000,9060,3,AX,1,100,0.732
1766633930.538244,68409.500,9077,2,AX,1,100,0.943
1766633930.577740,68449.000,9077,2,AX,1,100,1.020
1766633930.617737,68489.000,9094,3,AX,1,100,0.945
1766633930.657734,68529.000,9094,3,AX,1,100,0.542
1766633930.697731,68569.000,9094,3,AX,1,100,-0.565
1766633930.737728,68609.000,9108,2,AX,1,100,-1.491
1766633930.777724,68649.000,9108,2,AX,1,100,-0.912
1766633930.817721,68689.000,9126,3,AX,1,100,0.146
1766633930.857718,68729.000,9126,3,AX,1,100,0.674
1766633930.897715,68769.000,9126,3,AX,1,100,0.971
1766633930.937711,68809.000,9142,2,AX,1,100,1.054
1766633930.977708,68849.000,9142,2,AX,1,100,0.827
1766633931.017705,68889.000,9161,3,AX,1,100,0.149
1766633931.057702,68929.000,9161,3,AX,1,100,-0.927
1766633931.097698,68969.000,9161,3,AX,1,100,-1.183
1766633931.133696,69005.000,9176,3,AX,1,100,-0.572
1766633931.169693,69041.000,9176,3,AX,1,100,0.176
1766633931.205690,69077.000,9176,3,AX,1,100,0.856
1766633931.245687,69117.000,9193,2,AX,1,100,1.231
1766633931.285683,69157.000,9193,2,AX,1,100,1.056
1766633931.325347,69196.667,9209,3,AX,1,100,0.705
1766633931.365010,69236.333,9209,3,AX,1,100,0.393
1766633931.404674,69276.000,9209,3,AX,1,100,0.267
1766633931.444670,69316.000,9228,2,AX,1,100,0.277
1766633931.484667,69356.000,9228,2,AX,1,100,0.615
1766633931.524997,69396.333,9245,3,AX,1,100,0.802
1766633931.565327,69436.667,9245,3,AX,1,100,0.684
1766633931.605657,69477.000,9245,3,AX,1,100,0.453
1766633931.645654,69517.000,9260,2,AX,1,100,-0.063
1766633931.685651,69557.000,9260,2,AX,1,100,-0.447
1766633931.725648,69597.000,9276,3,AX,1,100,-0.134
1766633931.765644,69637.000,9276,3,AX,1,100,0.333
1766633931.805641,69677.000,9276,3,AX,1,100,0.496
1766633931.845638,69717.000,9294,3,AX,1,100,0.457
1766633931.885635,69757.000,9294,3,AX,1,100,0.390
1766633931.925632,69797.000,9294,3,AX,1,100,0.258
1766633931.965128,69836.500,9310,2,AX,1,100,0.120
1766633932.004625,69876.000,9310,2,AX,1,100,-0.018
1766633932.039956,69911.333,9327,3,AX,1,100,0.047
1766633932.075286,69946.667,9327,3,AX,1,100,0.313
1766633932.110616,69982.000,9327,3,AX,1,100,0.513
1766633932.150613,70022.000,9348,4,AX,1,100,0.468
1766633932.190610,70062.000,9348,4,AX,1,100,0.383
1766633932.230607,70102.000,9348,4,AX,1,100,0.316
1766633932.270604,70142.000,9348,4,AX,1,100,0.330
1766633932.310600,70182.000,9362,3,AX,1,100,0.364
1766633932.350597,70222.000,9362,3,AX,1,100,0.407
1766633932.390594,70262.000,9362,3,AX,1,100,0.401
1766633932.430591,70302.000,9379,2,AX,1,100,0.425
1766633932.470587,70342.000,9379,2,AX,1,100,0.436
1766633932.510584,70382.000,9396,3,AX,1,100,0.321
1766633932.550581,70422.000,9396,3,AX,1,100,0.236
1766633932.590578,70462.000,9396,3,AX,1,100,0.153
1766633932.630574,70502.000,9415,3,AX,1,100,0.195
1766633932.670571,70542.000,9415,3,AX,1,100,0.306
1766633932.710568,70582.000,9415,3,AX,1,100,0.333
1766633932.750565,70622.000,9431,2,AX,1,100,0.340
1766633932.790561,70662.000,9431,2,AX,1,100,0.334
1766633932.826225,70697.667,9447,3,AX,1,100,0.386
1766633932.861889,70733.333,9447,3,AX,1,100,0.493
1766633932.897553,70769.000,9447,3,AX,1,100,0.569
1766633932.937550,70809.000,9465,3,AX,1,100,0.659
1766633932.977546,70849.000,9465,3,AX,1,100,0.688
1766633933.017543,70889.000,9465,3,AX,1,100,0.371
1766633933.057540,70929.000,9482,2,AX,1,100,0.180
1766633933.097537,70969.000,9482,2,AX,1,100,0.129
1766633933.137533,71009.000,9499,3,AX,1,100,0.183
1766633933.177530,71049.000,9499,3,AX,1,100,0.097
1766633933.217527,71089.000,9499,3,AX,1,100,0.155
1766633933.257524,71129.000,9514,2,AX,1,100,0.233
1766633933.297521,71169.000,9514,2,AX,1,100,0.302
1766633933.337517,71209.000,9530,3,AX,1,100,0.345
1766633933.377514,71249.000,9530,3,AX,1,100,0.159
1766633933.417511,71289.000,9530,3,AX,1,100,-0.349
1766633933.458008,71329.500,9547,2,AX,1,100,-0.334
1766633933.498504,71370.000,9547,2,AX,1,100,-0.135
1766633933.538501,71410.000,9564,3,AX,1,100,-0.022
1766633933.578498,71450.000,9564,3,AX,1,100,0.222
1766633933.618495,71490.000,9564,3,AX,1,100,0.485
1766633933.653825,71525.333,9579,3,AX,1,100,0.678
1766633933.689156,71560.667,9579,3,AX,1,100,0.752
1766633933.724486,71596.000,9579,3,AX,1,100,0.547
1766633933.764483,71636.000,9597,2,AX,1,100,0.390
1766633933.804480,71676.000,9597,2,AX,1,100,0.342
1766633933.844476,71716.000,9615,3,AX,1,100,-0.243
1766633933.884473,71756.000,9615,3,AX,1,100,-0.217
1766633933.924470,71796.000,9615,3,AX,1,100,-0.167
1766633933.964467,71836.000,9633,2,AX,1,100,-0.035
1766633934.004463,71876.000,9633,2,AX,1,100,0.059
1766633934.044460,71916.000,9648,3,AX,1,100,-0.334
1766633934.084457,71956.000,9648,3,AX,1,100,0.272
1766633934.124454,71996.000,9648,3,AX,1,100,1.389
1766633934.164450,72036.000,9665,2,AX,1,100,0.881
1766633934.204447,72076.000,9665,2,AX,1,100,0.195
1766633934.244444,72116.000,9684,3,AX,1,100,-0.937
1766633934.284441,72156.000,9684,3,AX,1,100,0.225
1766633934.324438,72196.000,9684,3,AX,1,100,-0.170
1766633934.364434,72236.000,9700,2,AX,1,100,0.163
1766633934.404431,72276.000,9700,2,AX,1,100,0.472
1766633934.444428,72316.000,9716,3,AX,1,100,0.752
1766633934.484425,72356.000,9716,3,AX,1,100,-1.003
1766633934.524421,72396.000,9716,3,AX,1,100,0.281
1766633934.559752,72431.333,9735,3,AX,1,100,-0.034
1766633934.595082,72466.667,9735,3,AX,1,100,0.474
1766633934.630413,72502.000,9735,3,AX,1,100,0.558
1766633934.670409,72542.000,9752,2,AX,1,100,0.944
1766633934.710406,72582.000,9752,2,AX,1,100,-0.451
1766633934.750403,72622.000,9769,3,AX,1,100,-0.449
1766633934.790400,72662.000,9769,3,AX,1,100,0.761
1766633934.830397,72702.000,9769,3,AX,1,100,0.305
1766633934.870393,72742.000,9788,2,AX,1,100,0.052
1766633934.910390,72782.000,9788,2,AX,1,100,0.955
1766633934.950387,72822.000,9803,3,AX,1,100,1.460
1766633934.990384,72862.000,9803,3,AX,1,100,1.170
1766633935.030380,72902.000,9803,3,AX,1,100,-0.872
1766633935.070377,72942.000,9821,3,AX,1,100,0.535
1766633935.110374,72982.000,9821,3,AX,1,100,0.261
1766633935.150371,73022.000,9821,3,AX,1,100,0.186
1766633935.190367,73062.000,9838,2,AX,1,100,0.673
1766633935.230364,73102.000,9838,2,AX,1,100,1.351
1766633935.270361,73142.000,9859,3,AX,1,100,0.778
1766633935.310358,73182.000,9859,3,AX,1,100,-0.808
1766633935.350354,73222.000,9859,3,AX,1,100,0.067
1766633935.386018,73257.667,9873,3,AX,1,100,-0.422
1766633935.421682,73293.333,9873,3,AX,1,100,-0.156
1766633935.457346,73329.000,9873,3,AX,1,100,0.464
1766633935.497343,73369.000,9893,2,AX,1,100,1.645
1766633935.537339,73409.000,9893,2,AX,1,100,0.565
1766633935.577336,73449.000,9912,3,AX,1,100,-1.153
1766633935.617333,73489.000,9912,3,AX,1,100,0.495
1766633935.657330,73529.000,9912,3,AX,1,100,-0.189
1766633935.697326,73569.000,9931,2,AX,1,100,0.313
1766633935.737323,73609.000,9931,2,AX,1,100,0.436
1766633935.777320,73649.000,9945,3,AX,1,100,0.711
1766633935.817317,73689.000,9945,3,AX,1,100,1.132
1766633935.857314,73729.000,9945,3,AX,1,100,-0.823
1766633935.897310,73769.000,9965,2,AX,1,100,-0.404
1766633935.937307,73809.000,9965,2,AX,1,100,0.222
1766633935.977304,73849.000,9981,3,AX,1,100,0.037
1766633936.017301,73889.000,9981,3,AX,1,100,-0.055
1766633936.057297,73929.000,9981,3,AX,1,100,0.661
1766633936.097294,73969.000,10000,2,AX,1,100,1.149
1766633936.137291,74009.000,10000,2,AX,1,100,0.230
1766633936.172621,74044.333,10016,3,AX,1,100,-1.079
1766633936.207952,74079.667,10016,3,AX,1,100,0.342
1766633936.243282,74115.000,10016,3,AX,1,100,-0.312
1766633936.283279,74155.000,10033,3,AX,1,100,0.302
1766633936.323276,74195.000,10033,3,AX,1,100,0.031
1766633936.363273,74235.000,10033,3,AX,1,100,0.712
1766633936.403269,74275.000,10051,2,AX,1,100,0.752
1766633936.443266,74315.000,10051,2,AX,1,100,-0.408
1766633936.483263,74355.000,10069,3,AX,1,100,0.230
1766633936.523260,74395.000,10069,3,AX,1,100,0.275
1766633936.563257,74435.000,10069,3,AX,1,100,0.451
1766633936.603253,74475.000,10086,2,AX,1,100,0.369
1766633936.643250,74515.000,10086,2,AX,1,100,0.545
1766633936.683247,74555.000,10102,3,AX,1,100,1.106
1766633936.723243,74595.000,10102,3,AX,1,100,-1.135
1766633936.763240,74635.000,10102,3,AX,1,100,-0.211
1766633936.803237,74675.000,10118,2,AX,1,100,0.212
1766633936.843234,74715.000,10118,2,AX,1,100,0.271
1766633936.883231,74755.000,10136,3,AX,1,100,0.201
1766633936.923227,74795.000,10136,3,AX,1,100,0.545
1766633936.963224,74835.000,10136,3,AX,1,100,1.045
1766633936.998888,74870.667,10152,3,AX,1,100,-1.289
1766633937.034552,74906.333,10152,3,AX,1,100,-0.388
1766633937.070215,74942.000,10152,3,AX,1,100,-0.359
1766633937.110212,74982.000,10168,2,AX,1,100,-0.209
1766633937.150209,75022.000,10168,2,AX,1,100,-0.384
1766633937.190206,75062.000,10187,3,AX,1,100,0.695
1766633937.230202,75102.000,10187,3,AX,1,100,0.382
1766633937.270199,75142.000,10187,3,AX,1,100,-0.277
1766633937.310196,75182.000,10213,3,AX,1,100,0.847
1766633937.350193,75222.000,10213,3,AX,1,100,0.545
1766633937.390190,75262.000,10213,3,AX,1,100,0.195
1766633937.430186,75302.000,10229,2,AX,1,100,0.270
1766633937.470183,75342.000,10229,2,AX,1,100,1.348
1766633937.510180,75382.000,10247,3,AX,1,100,0.083
1766633937.550177,75422.000,10247,3,AX,1,100,-0.284
1766633937.590173,75462.000,10247,3,AX,1,100,-0.232
1766633937.630170,75502.000,10263,2,AX,1,100,-0.219
1766633937.670167,75542.000,10263,2,AX,1,100,-0.206
1766633937.710164,75582.000,10280,3,AX,1,100,0.004
1766633937.750160,75622.000,10280,3,AX,1,100,1.099
1766633937.790157,75662.000,10280,3,AX,1,100,1.262
1766633937.825821,75697.667,10299,3,AX,1,100,-1.104
1766633937.861485,75733.333,10299,3,AX,1,100,0.203
1766633937.897149,75769.000,10299,3,AX,1,100,-1.283
1766633937.937145,75809.000,10315,2,AX,1,100,-0.200
1766633937.977142,75849.000,10315,2,AX,1,100,0.846
1766633938.017139,75889.000,10334,3,AX,1,100,1.599
1766633938.057136,75929.000,10334,3,AX,1,100,-0.110
1766633938.097132,75969.000,10334,3,AX,1,100,-0.698
1766633938.137129,76009.000,10351,2,AX,1,100,-1.383
1766633938.177126,76049.000,10351,2,AX,1,100,-0.606
1766633938.217123,76089.000,10368,3,AX,1,100,-0.253
1766633938.257119,76129.000,10368,3,AX,1,100,2.848
1766633938.297116,76169.000,10368,3,AX,1,100,1.260
1766633938.336613,76208.500,10384,2,AX,1,100,-1.537
1766633938.376110,76248.000,10384,2,AX,1,100,-1.148
1766633938.416440,76288.333,10399,3,AX,1,100,-2.026
1766633938.456770,76328.667,10399,3,AX,1,100,-0.515
1766633938.497100,76369.000,10399,3,AX,1,100,0.351
1766633938.537097,76409.000,10419,3,AX,1,100,1.142
1766633938.577094,76449.000,10419,3,AX,1,100,-0.050
1766633938.617090,76489.000,10419,3,AX,1,100,-1.866
1766633938.656587,76528.500,10435,2,AX,1,100,-0.841
1766633938.696084,76568.000,10435,2,AX,1,100,-0.504
1766633938.731748,76603.667,10452,3,AX,1,100,0.053
1766633938.767411,76639.333,10452,3,AX,1,100,0.460
1766633938.803075,76675.000,10452,3,AX,1,100,-0.514
1766633938.843072,76715.000,10469,2,AX,1,100,-1.587
1766633938.883069,76755.000,10469,2,AX,1,100,-1.819
1766633938.923066,76795.000,10488,3,AX,1,100,-0.411
1766633938.963062,76835.000,10488,3,AX,1,100,-0.196
1766633939.003059,76875.000,10488,3,AX,1,100,0.869
1766633939.043056,76915.000,10507,3,AX,1,100,0.440
1766633939.083053,76955.000,10507,3,AX,1,100,-0.798
1766633939.123049,76995.000,10507,3,AX,1,100,-0.755
1766633939.163046,77035.000,10525,2,AX,1,100,-0.598
1766633939.203043,77075.000,10525,2,AX,1,100,-0.475
1766633939.243040,77115.000,10539,3,AX,1,100,-0.351
1766633939.283036,77155.000,10539,3,AX,1,100,1.369
1766633939.323033,77195.000,10539,3,AX,1,100,1.238
1766633939.363030,77235.000,10560,2,AX,1,100,-0.331
1766633939.403027,77275.000,10560,2,AX,1,100,0.522
1766633939.443024,77315.000,10576,3,AX,1,100,0.001
1766633939.483020,77355.000,10576,3,AX,1,100,-0.079
1766633939.523017,77395.000,10576,3,AX,1,100,0.646
1766633939.558681,77430.667,10596,3,AX,1,100,1.010
1766633939.594345,77466.333,10596,3,AX,1,100,0.584
1766633939.630008,77502.000,10596,3,AX,1,100,-2.027
1766633939.670005,77542.000,10611,2,AX,1,100,-0.720
1766633939.710002,77582.000,10611,2,AX,1,100,-1.347
1766633939.749999,77622.000,10628,3,AX,1,100,-0.099
1766633939.789995,77662.000,10628,3,AX,1,100,0.158
1766633939.829992,77702.000,10628,3,AX,1,100,0.255
1766633939.869989,77742.000,10645,2,AX,1,100,0.641
1766633939.909986,77782.000,10645,2,AX,1,100,-1.549
1766633939.949983,77822.000,10662,3,AX,1,100,-1.121
1766633939.989979,77862.000,10662,3,AX,1,100,-1.323
1766633940.029976,77902.000,10662,3,AX,1,100,-0.231
1766633940.069973,77942.000,10676,2,AX,1,100,0.052
1766633940.109970,77982.000,10676,2,AX,1,100,0.535
1766633940.150300,78022.333,10694,3,AX,1,100,-0.887
1766633940.190630,78062.667,10694,3,AX,1,100,-0.927
1766633940.230960,78103.000,10694,3,AX,1,100,-1.957
1766633940.270457,78142.500,10712,2,AX,1,100,-0.490
1766633940.309953,78182.000,10712,2,AX,1,100,-0.908
1766633940.345284,78217.333,10729,3,AX,1,100,-0.580
1766633940.380615,78252.667,10729,3,AX,1,100,0.488
1766633940.415945,78288.000,10729,3,AX,1,100,0.904
1766633940.455942,78328.000,10746,3,AX,1,100,-0.912
1766633940.495939,78368.000,10746,3,AX,1,100,-1.029
1766633940.535935,78408.000,10746,3,AX,1,100,-1.327
1766633940.575932,78448.000,10763,2,AX,1,100,-0.198
1766633940.615929,78488.000,10763,2,AX,1,100,0.052
1766633940.655926,78528.000,10779,3,AX,1,100,0.614
1766633940.695922,78568.000,10779,3,AX,1,100,0.966
1766633940.735919,78608.000,10779,3,AX,1,100,0.829
1766633940.775916,78648.000,10796,2,AX,1,100,0.808
1766633940.815912,78688.000,10796,2,AX,1,100,0.767
1766633940.855909,78728.000,10813,3,AX,1,100,0.568
1766633940.895906,78768.000,10813,3,AX,1,100,0.498
1766633940.935903,78808.000,10813,3,AX,1,100,0.391
1766633940.975900,78848.000,10828,2,AX,1,100,0.427
1766633941.015896,78888.000,10828,2,AX,1,100,0.341
1766633941.055893,78928.000,10844,3,AX,1,100,0.322
1766633941.095890,78968.000,10844,3,AX,1,100,0.328
1766633941.135887,79008.000,10844,3,AX,1,100,0.201
1766633941.175884,79048.000,10862,3,AX,1,100,0.115
1766633941.215880,79088.000,10862,3,AX,1,100,0.317
1766633941.255877,79128.000,10862,3,AX,1,100,0.113
1766633941.289374,79161.500,10878,2,AX,1,100,0.017
1766633941.322871,79195.000,10878,2,AX,1,100,-0.045
1766633941.362868,79235.000,10893,3,AX,1,100,0.037
1766633941.402865,79275.000,10893,3,AX,1,100,0.109
1766633941.442862,79315.000,10893,3,AX,1,100,0.139
1766633941.482859,79355.000,10910,3,AX,1,100,0.166
1766633941.522855,79395.000,10910,3,AX,1,100,0.201
1766633941.562852,79435.000,10910,3,AX,1,100,0.148
1766633941.602849,79475.000,10927,2,AX,1,100,0.124
1766633941.642846,79515.000,10927,2,AX,1,100,0.117
1766633941.682842,79555.000,10943,3,AX,1,100,0.093
1766633941.722839,79595.000,10943,3,AX,1,100,0.119
1766633941.762836,79635.000,10943,3,AX,1,100,0.125
1766633941.802833,79675.000,10960,2,AX,1,100,0.210
1766633941.842829,79715.000,10960,2,AX,1,100,0.137
1766633941.882826,79755.000,10977,3,AX,1,100,0.151
1766633941.922823,79795.000,10977,3,AX,1,100,0.165
1766633941.962820,79835.000,10977,3,AX,1,100,0.166
1766633941.998484,79870.667,10994,3,AX,1,100,0.170
1766633942.034147,79906.333,10994,3,AX,1,100,0.188
1766633942.069811,79942.000,10994,3,AX,1,100,0.121
1766633942.109808,79982.000,11010,2,AX,1,100,-0.762
1766633942.149805,80022.000,11010,2,AX,1,100,-0.095
1766633942.189801,80062.000,11026,3,AX,1,100,0.808
1766633942.229798,80102.000,11026,3,AX,1,100,1.344
1766633942.269795,80142.000,11026,3,AX,1,100,-0.077
1766633942.309792,80182.000,11042,2,AX,1,100,-1.229
1766633942.349788,80222.000,11042,2,AX,1,100,-0.240
1766633942.389785,80262.000,11064,3,AX,1,100,-0.729
1766633942.429782,80302.000,11064,3,AX,1,100,0.011
1766633942.469779,80342.000,11064,3,AX,1,100,1.452
1766633942.509776,80382.000,11081,3,AX,1,100,0.686
1766633942.549772,80422.000,11081,3,AX,1,100,-0.583
1766633942.589769,80462.000,11081,3,AX,1,100,-0.450
1766633942.629766,80502.000,11098,2,AX,1,100,-0.933
1766633942.669763,80542.000,11098,2,AX,1,100,-1.196
1766633942.709759,80582.000,11114,3,AX,1,100,-0.693
1766633942.749756,80622.000,11114,3,AX,1,100,-0.385
1766633942.789753,80662.000,11114,3,AX,1,100,-0.403
1766633942.829750,80702.000,11132,2,AX,1,100,-0.317
1766633942.869746,80742.000,11132,2,AX,1,100,-0.371
1766633942.905077,80777.333,11148,3,AX,1,100,-0.390
1766633942.940408,80812.667,11148,3,AX,1,100,-0.344
1766633942.975738,80848.000,11148,3,AX,1,100,-0.335
1766633943.015735,80888.000,11165,3,AX,1,100,-0.279
1766633943.055732,80928.000,11165,3,AX,1,100,-0.219
1766633943.095728,80968.000,11165,3,AX,1,100,-0.186
1766633943.135725,81008.000,11179,2,AX,1,100,-0.171
1766633943.175722,81048.000,11179,2,AX,1,100,-0.197
1766633943.215719,81088.000,11199,3,AX,1,100,-0.216
1766633943.255715,81128.000,11199,3,AX,1,100,-0.193
1766633943.295712,81168.000,11199,3,AX,1,100,-0.184
1766633943.335709,81208.000,11215,2,AX,1,100,-0.206
1766633943.375705,81248.000,11215,2,AX,1,100,-0.187
1766633943.415702,81288.000,11232,3,AX,1,100,-0.177
1766633943.455699,81328.000,11232,3,AX,1,100,-0.176
1766633943.495696,81368.000,11232,3,AX,1,100,-0.197
1766633943.535693,81408.000,11247,2,AX,1,100,-0.170
1766633943.575689,81448.000,11247,2,AX,1,100,-0.224
1766633943.615686,81488.000,11264,3,AX,1,100,-0.251
1766633943.655683,81528.000,11264,3,AX,1,100,-0.243
1766633943.695680,81568.000,11264,3,AX,1,100,-0.214
1766633943.731344,81603.667,11280,3,AX,1,100,-0.180
1766633943.767007,81639.333,11280,3,AX,1,100,-0.167
1766633943.802671,81675.000,11280,3,AX,1,100,-0.180
1766633943.842668,81715.000,11298,2,AX,1,100,-0.196
1766633943.882665,81755.000,11298,2,AX,1,100,-0.177
1766633943.922661,81795.000,11315,3,AX,1,100,-0.190
1766633943.962658,81835.000,11315,3,AX,1,100,-0.229
1766633944.002655,81875.000,11315,3,AX,1,100,-0.203
1766633944.042652,81915.000,11331,2,AX,1,100,-0.175
1766633944.082648,81955.000,11331,2,AX,1,100,-0.180
1766633944.122645,81995.000,11348,3,AX,1,100,-0.197
1766633944.162642,82035.000,11348,3,AX,1,100,-0.159
1766633944.202639,82075.000,11348,3,AX,1,100,-0.175
1766633944.242635,82115.000,11365,2,AX,1,100,-0.215
1766633944.282632,82155.000,11365,2,AX,1,100,-0.223
1766633944.322629,82195.000,11381,3,AX,1,100,-0.290
1766633944.362626,82235.000,11381,3,AX,1,100,-0.191
1766633944.402622,82275.000,11381,3,AX,1,100,-0.127
1766633944.442619,82315.000,11396,2,AX,1,100,-0.152
1766633944.482616,82355.000,11396,2,AX,1,100,-0.217
1766633944.522613,82395.000,11413,3,AX,1,100,-0.235
1766633944.562610,82435.000,11413,3,AX,1,100,-0.193
1766633944.602606,82475.000,11413,3,AX,1,100,-0.152
1766633944.637937,82510.333,11430,3,AX,1,100,-0.149
1766633944.673267,82545.667,11430,3,AX,1,100,-0.141
1766633944.708598,82581.000,11430,3,AX,1,100,-0.135
1766633944.748595,82621.000,11446,2,AX,1,100,-0.102
1766633944.788591,82661.000,11446,2,AX,1,100,-0.149
1766633944.828921,82701.333,11462,3,AX,1,100,-0.167
1766633944.869251,82741.667,11462,3,AX,1,100,-0.196
1766633944.909581,82782.000,11462,3,AX,1,100,-0.164
1766633944.949245,82821.667,11478,3,AX,1,100,-0.156
1766633944.988909,82861.333,11478,3,AX,1,100,-0.122
1766633945.028572,82901.000,11478,3,AX,1,100,-0.145
1766633945.068569,82941.000,11495,2,AX,1,100,-0.177
1766633945.108565,82981.000,11495,2,AX,1,100,-0.182
1766633945.148562,83021.000,11512,3,AX,1,100,-0.198
1766633945.188559,83061.000,11512,3,AX,1,100,-0.187
1766633945.228556,83101.000,11512,3,AX,1,100,-0.174
1766633945.268553,83141.000,11527,2,AX,1,100,-0.168
1766633945.308549,83181.000,11527,2,AX,1,100,-0.163
1766633945.348546,83221.000,11543,3,AX,1,100,-0.151
1766633945.388543,83261.000,11543,3,AX,1,100,-0.142
1766633945.428540,83301.000,11543,3,AX,1,100,-0.148
1766633945.464203,83336.667,11560,3,AX,1,100,-0.143
1766633945.499867,83372.333,11560,3,AX,1,100,-0.156
1766633945.535531,83408.000,11560,3,AX,1,100,-0.165
1766633945.575528,83448.000,11577,2,AX,1,100,-0.165
1766633945.615525,83488.000,11577,2,AX,1,100,-0.149
1766633945.655521,83528.000,11592,3,AX,1,100,-0.140
1766633945.695518,83568.000,11592,3,AX,1,100,-0.145
1766633945.735515,83608.000,11592,3,AX,1,100,-0.142
1766633945.775512,83648.000,11608,2,AX,1,100,-0.143
1766633945.815508,83688.000,11608,2,AX,1,100,-0.137
1766633945.855505,83728.000,11626,3,AX,1,100,-0.158
1766633945.895502,83768.000,11626,3,AX,1,100,-0.167
1766633945.935498,83808.000,11626,3,AX,1,100,-0.163
1766633945.975495,83848.000,11642,2,AX,1,100,-0.154
1766633946.015492,83888.000,11642,2,AX,1,100,-0.157
1766633946.055489,83928.000,11658,3,AX,1,100,-0.156
1766633946.095486,83968.000,11658,3,AX,1,100,-0.161
1766633946.135482,84008.000,11658,3,AX,1,100,-0.163
1766633946.171146,84043.667,11674,3,AX,1,100,-0.161
1766633946.206810,84079.333,11674,3,AX,1,100,-0.167
1766633946.242474,84115.000,11674,3,AX,1,100,-0.161
1766633946.282470,84155.000,11691,2,AX,1,100,-0.161
1766633946.322467,84195.000,11691,2,AX,1,100,-0.160
1766633946.362464,84235.000,11707,3,AX,1,100,-0.164
1766633946.402461,84275.000,11707,3,AX,1,100,-0.165
1766633946.442458,84315.000,11707,3,AX,1,100,-0.161
1766633946.482454,84355.000,11725,2,AX,1,100,-0.171
1766633946.522451,84395.000,11725,2,AX,1,100,-0.161
1766633946.562448,84435.000,11739,3,AX,1,100,-0.163
1766633946.602445,84475.000,11739,3,AX,1,100,-0.174
1766633946.642441,84515.000,11739,3,AX,1,100,-0.165
1766633946.682438,84555.000,11756,2,AX,1,100,-0.162
1766633946.722435,84595.000,11756,2,AX,1,100,-0.161
1766633946.762432,84635.000,11772,3,AX,1,100,-0.165
1766633946.802428,84675.000,11772,3,AX,1,100,-0.165
1766633946.842425,84715.000,11772,3,AX,1,100,-0.180
1766633946.882422,84755.000,11790,2,AX,1,100,-0.179
1766633946.922419,84795.000,11790,2,AX,1,100,-0.177
1766633946.962415,84835.000,11804,3,AX,1,100,-0.165
1766633947.002412,84875.000,11804,3,AX,1,100,-0.165
1766633947.042409,84915.000,11804,3,AX,1,100,-0.181
1766633947.077739,84950.333,11821,3,AX,1,100,-0.178
1766633947.113070,84985.667,11821,3,AX,1,100,-0.167
1766633947.148401,85021.000,11821,3,AX,1,100,-0.171
1766633947.188397,85061.000,11838,2,AX,1,100,-0.175
1766633947.228394,85101.000,11838,2,AX,1,100,-0.163
1766633947.268391,85141.000,11855,3,AX,1,100,-0.159
1766633947.308388,85181.000,11855,3,AX,1,100,-0.162
1766633947.348384,85221.000,11855,3,AX,1,100,-0.164
1766633947.388381,85261.000,11869,2,AX,1,100,-0.168
1766633947.428378,85301.000,11869,2,AX,1,100,-0.162
1766633947.468374,85341.000,11892,4,AX,1,100,-0.170
1766633947.508371,85381.000,11892,4,AX,1,100,-0.174
1766633947.548368,85421.000,11892,4,AX,1,100,-0.166
1766633947.588365,85461.000,11892,4,AX,1,100,-0.162
1766633947.628362,85501.000,11908,2,AX,1,100,-0.158
1766633947.668358,85541.000,11908,2,AX,1,100,-0.164
1766633947.708355,85581.000,11925,3,AX,1,100,-0.154
1766633947.748352,85621.000,11925,3,AX,1,100,-0.173
1766633947.788349,85661.000,11925,3,AX,1,100,-0.157
1766633947.828346,85701.000,11942,2,AX,1,100,-0.155
1766633947.868342,85741.000,11942,2,AX,1,100,-0.161
1766633947.904006,85776.667,11957,3,AX,1,100,-0.167
1766633947.939670,85812.333,11957,3,AX,1,100,-0.161
1766633947.975334,85848.000,11957,3,AX,1,100,-0.164
1766633948.014997,85887.667,11973,3,AX,1,100,-0.164
1766633948.054661,85927.333,11973,3,AX,1,100,-0.157
1766633948.094324,85967.000,11973,3,AX,1,100,-0.150
1766633948.134821,86007.500,11990,2,AX,1,100,-0.153
1766633948.175318,86048.000,11990,2,AX,1,100,-0.156
1766633948.215314,86088.000,12007,3,AX,1,100,-0.157
1766633948.255311,86128.000,12007,3,AX,1,100,-0.163
1766633948.295308,86168.000,12007,3,AX,1,100,-0.158
1766633948.335304,86208.000,12022,2,AX,1,100,-0.156
1766633948.375301,86248.000,12022,2,AX,1,100,-0.153
1766633948.415298,86288.000,12038,3,AX,1,100,-0.162
1766633948.455295,86328.000,12038,3,AX,1,100,-0.166
1766633948.495291,86368.000,12038,3,AX,1,100,-0.159
1766633948.535288,86408.000,12056,2,AX,1,100,-0.146
1766633948.575285,86448.000,12056,2,AX,1,100,-0.145
1766633948.615282,86488.000,12072,3,AX,1,100,-0.158
1766633948.655279,86528.000,12072,3,AX,1,100,-0.161
1766633948.695275,86568.000,12072,3,AX,1,100,-0.161
1766633948.730606,86603.333,12087,3,AX,1,100,-0.149
1766633948.765936,86638.667,12087,3,AX,1,100,-0.152
1766633948.801267,86674.000,12087,3,AX,1,100,-0.156
1766633948.841264,86714.000,12104,2,AX,1,100,-0.159
1766633948.881260,86754.000,12104,2,AX,1,100,-0.164
1766633948.921257,86794.000,12123,3,AX,1,100,-0.156
1766633948.961254,86834.000,12123,3,AX,1,100,-0.165
1766633949.001251,86874.000,12123,3,AX,1,100,-0.147
1766633949.041247,86914.000,12139,2,AX,1,100,-0.152
1766633949.081244,86954.000,12139,2,AX,1,100,-0.153
1766633949.121241,86994.000,12155,3,AX,1,100,-0.152
1766633949.161238,87034.000,12155,3,AX,1,100,-0.159
1766633949.201235,87074.000,12155,3,AX,1,100,-0.157
1766633949.241231,87114.000,12171,2,AX,1,100,-0.149
1766633949.281228,87154.000,12171,2,AX,1,100,-0.156
1766633949.321225,87194.000,12188,3,AX,1,100,-0.170
1766633949.361222,87234.000,12188,3,AX,1,100,-0.159
1766633949.401218,87274.000,12188,3,AX,1,100,-0.152
1766633949.441215,87314.000,12204,2,AX,1,100,-0.151
1766633949.481212,87354.000,12204,2,AX,1,100,-0.157
1766633949.521209,87394.000,12222,3,AX,1,100,-0.163
1766633949.561205,87434.000,12222,3,AX,1,100,-0.162
1766633949.601202,87474.000,12222,3,AX,1,100,-0.157
1766633949.636866,87509.667,12236,3,AX,1,100,-0.151
1766633949.672530,87545.333,12236,3,AX,1,100,-0.164
1766633949.708194,87581.000,12236,3,AX,1,100,-0.170
1766633949.748190,87621.000,12253,2,AX,1,100,-0.159
1766633949.788187,87661.000,12253,2,AX,1,100,-0.172
1766633949.828184,87701.000,12270,3,AX,1,100,-0.157
1766633949.868181,87741.000,12270,3,AX,1,100,-0.169
1766633949.908177,87781.000,12270,3,AX,1,100,-0.167
1766633949.948174,87821.000,12287,2,AX,1,100,-0.160
1766633949.988171,87861.000,12287,2,AX,1,100,-0.167
1766633950.028167,87901.000,12301,3,AX,1,100,-0.161
1766633950.068164,87941.000,12301,3,AX,1,100,-0.168
1766633950.108161,87981.000,12301,3,AX,1,100,-0.160
1766633950.148158,88021.000,12319,3,AX,1,100,-0.172
1766633950.188155,88061.000,12319,3,AX,1,100,-0.170
1766633950.228151,88101.000,12319,3,AX,1,100,-0.166
1766633950.268148,88141.000,12335,2,AX,1,100,-0.172
1766633950.308145,88181.000,12335,2,AX,1,100,-0.165
1766633950.343809,88216.667,12352,3,AX,1,100,-0.162
1766633950.379472,88252.333,12352,3,AX,1,100,-0.171
1766633950.415136,88288.000,12352,3,AX,1,100,-0.168
1766633950.455133,88328.000,12366,2,AX,1,100,-0.166
1766633950.495130,88368.000,12366,2,AX,1,100,-0.163
1766633950.535127,88408.000,12384,3,AX,1,100,-0.167
1766633950.575123,88448.000,12384,3,AX,1,100,-0.167
1766633950.615120,88488.000,12384,3,AX,1,100,-0.163
1766633950.655117,88528.000,12400,3,AX,1,100,-0.157
1766633950.695114,88568.000,12400,3,AX,1,100,-0.155
1766633950.735111,88608.000,12400,3,AX,1,100,-0.156
1766633950.775107,88648.000,12417,2,AX,1,100,-0.154
1766633950.815104,88688.000,12417,2,AX,1,100,-0.151
1766633950.855101,88728.000,12432,3,AX,1,100,-0.158
1766633950.895097,88768.000,12432,3,AX,1,100,-0.157
1766633950.935094,88808.000,12432,3,AX,1,100,-0.163
1766633950.975091,88848.000,12449,2,AX,1,100,-0.160
1766633951.015088,88888.000,12449,2,AX,1,100,-0.161
1766633951.055084,88928.000,12465,3,AX,1,100,-0.158
1766633951.095081,88968.000,12465,3,AX,1,100,-0.161
1766633951.135078,89008.000,12465,3,AX,1,100,-0.160
1766633951.175075,89048.000,12483,2,AX,1,100,-0.154
1766633951.215072,89088.000,12483,2,AX,1,100,-0.155
1766633951.250402,89123.333,12498,3,AX,1,100,-0.162
1766633951.285733,89158.667,12498,3,AX,1,100,-0.150
1766633951.321063,89194.000,12498,3,AX,1,100,-0.161
1766633951.361060,89234.000,12514,3,AX,1,100,-0.147
1766633951.401057,89274.000,12514,3,AX,1,100,-0.158
1766633951.441053,89314.000,12514,3,AX,1,100,-0.156
1766633951.481050,89354.000,12531,2,AX,1,100,-0.151
1766633951.521047,89394.000,12531,2,AX,1,100,-0.147
1766633951.561044,89434.000,12548,3,AX,1,100,-0.152
1766633951.601040,89474.000,12548,3,AX,1,100,-0.153
1766633951.641037,89514.000,12548,3,AX,1,100,-0.146
1766633951.681034,89554.000,12564,2,AX,1,100,-0.151
1766633951.721031,89594.000,12564,2,AX,1,100,-0.154
1766633951.761028,89634.000,12579,3,AX,1,100,-0.150
1766633951.801024,89674.000,12579,3,AX,1,100,-0.151
1766633951.841021,89714.000,12579,3,AX,1,100,-0.153
1766633951.881018,89754.000,12596,2,AX,1,100,-0.147
1766633951.921015,89794.000,12596,2,AX,1,100,-0.161
1766633951.961011,89834.000,12613,3,AX,1,100,-0.156
1766633952.001008,89874.000,12613,3,AX,1,100,-0.147
1766633952.041005,89914.000,12613,3,AX,1,100,-0.144
1766633952.076335,89949.333,12629,3,AX,1,100,-0.152
1766633952.111666,89984.667,12629,3,AX,1,100,-0.156
1766633952.146996,90020.000,12629,3,AX,1,100,-0.152
1766633952.186993,90060.000,12645,2,AX,1,100,-0.151
1766633952.226990,90100.000,12645,2,AX,1,100,-0.142
1766633952.266987,90140.000,12661,3,AX,1,100,-0.158
1766633952.306983,90180.000,12661,3,AX,1,100,-0.156
1766633952.346980,90220.000,12661,3,AX,1,100,-0.158
1766633952.386977,90260.000,12678,2,AX,1,100,-0.160
1766633952.426974,90300.000,12678,2,AX,1,100,-0.159
1766633952.466970,90340.000,12695,3,AX,1,100,-0.161
1766633952.506967,90380.000,12695,3,AX,1,100,-0.151
1766633952.546964,90420.000,12695,3,AX,1,100,-0.151
1766633952.586961,90460.000,12715,2,AX,1,100,-0.157
1766633952.626957,90500.000,12715,2,AX,1,100,-0.159
1766633952.666954,90540.000,12731,3,AX,1,100,-0.168
1766633952.706951,90580.000,12731,3,AX,1,100,-0.153
1766633952.746948,90620.000,12731,3,AX,1,100,-0.155
1766633952.786944,90660.000,12748,3,AX,1,100,-0.154
1766633952.826941,90700.000,12748,3,AX,1,100,-0.167
1766633952.866938,90740.000,12748,3,AX,1,100,-0.152
1766633952.900935,90774.000,12765,2,AX,1,100,-0.166
1766633952.934932,90808.000,12765,2,AX,1,100,-0.167
1766633952.974596,90847.667,12780,3,AX,1,100,-0.159
1766633953.014259,90887.333,12780,3,AX,1,100,-0.167
1766633953.053923,90927.000,12780,3,AX,1,100,-0.165
1766633953.093920,90967.000,12796,2,AX,1,100,-0.162
1766633953.133916,91007.000,12796,2,AX,1,100,-0.157
1766633953.173913,91047.000,12814,3,AX,1,100,-0.161
1766633953.213910,91087.000,12814,3,AX,1,100,-0.177
1766633953.253907,91127.000,12814,3,AX,1,100,-0.170
1766633953.293904,91167.000,12830,3,AX,1,100,-0.161
1766633953.333900,91207.000,12830,3,AX,1,100,-0.167
1766633953.373897,91247.000,12830,3,AX,1,100,-0.154
1766633953.413894,91287.000,12846,2,AX,1,100,-0.165
1766633953.453891,91327.000,12846,2,AX,1,100,-0.158
1766633953.493887,91367.000,12862,3,AX,1,100,-0.171
1766633953.533884,91407.000,12862,3,AX,1,100,-0.169
1766633953.573881,91447.000,12862,3,AX,1,100,-0.167
1766633953.613878,91487.000,12879,2,AX,1,100,-0.158
1766633953.653874,91527.000,12879,2,AX,1,100,-0.160
1766633953.693871,91567.000,12895,3,AX,1,100,-0.171
1766633953.733868,91607.000,12895,3,AX,1,100,-0.167
1766633953.773865,91647.000,12895,3,AX,1,100,-0.157
1766633953.809529,91682.667,12913,3,AX,1,100,-0.163
1766633953.845192,91718.333,12913,3,AX,1,100,-0.160
1766633953.880856,91754.000,12913,3,AX,1,100,-0.164
1766633953.920853,91794.000,12929,2,AX,1,100,-0.162
1766633953.960850,91834.000,12929,2,AX,1,100,-0.157
1766633954.000846,91874.000,12946,3,AX,1,100,-0.152
1766633954.040843,91914.000,12946,3,AX,1,100,-0.155
1766633954.080840,91954.000,12946,3,AX,1,100,-0.167
1766633954.120837,91994.000,12962,2,AX,1,100,-0.158
1766633954.160833,92034.000,12962,2,AX,1,100,-0.160
1766633954.200497,92073.667,12980,3,AX,1,100,-0.154
1766633954.240160,92113.333,12980,3,AX,1,100,-0.155
1766633954.279824,92153.000,12980,3,AX,1,100,-0.153
1766633954.320321,92193.500,12994,2,AX,1,100,-0.156
1766633954.360817,92234.000,12994,2,AX,1,100,-0.154
1766633954.400814,92274.000,13011,3,AX,1,100,-0.155
1766633954.440811,92314.000,13011,3,AX,1,100,-0.152
1766633954.480808,92354.000,13011,3,AX,1,100,-0.159
1766633954.520804,92394.000,13028,3,AX,1,100,-0.152
1766633954.560801,92434.000,13028,3,AX,1,100,-0.167
1766633954.600798,92474.000,13028,3,AX,1,100,-0.156
1766633954.634295,92507.500,13045,2,AX,1,100,-0.153
1766633954.667792,92541.000,13045,2,AX,1,100,-0.155
1766633954.707789,92581.000,13059,3,AX,1,100,-0.153
1766633954.747786,92621.000,13059,3,AX,1,100,-0.147
1766633954.787783,92661.000,13059,3,AX,1,100,-0.147
1766633954.827780,92701.000,13077,2,AX,1,100,-0.163
1766633954.867776,92741.000,13077,2,AX,1,100,-0.156
1766633954.907773,92781.000,13093,3,AX,1,100,-0.150
1766633954.947770,92821.000,13093,3,AX,1,100,-0.151
1766633954.987767,92861.000,13093,3,AX,1,100,-0.155
1766633955.027763,92901.000,13110,2,AX,1,100,-0.156
1766633955.067760,92941.000,13110,2,AX,1,100,-0.152
1766633955.107757,92981.000,13124,3,AX,1,100,-0.153
1766633955.147753,93021.000,13124,3,AX,1,100,-0.145
1766633955.187750,93061.000,13124,3,AX,1,100,-0.157
1766633955.227747,93101.000,13142,3,AX,1,100,-0.146
1766633955.267744,93141.000,13142,3,AX,1,100,-0.149
1766633955.307741,93181.000,13142,3,AX,1,100,-0.156
1766633955.347737,93221.000,13158,2,AX,1,100,-0.156
1766633955.387734,93261.000,13158,2,AX,1,100,-0.152
1766633955.423065,93296.333,13175,3,AX,1,100,-0.148
1766633955.458395,93331.667,13175,3,AX,1,100,-0.148
1766633955.493726,93367.000,13175,3,AX,1,100,-0.146
1766633955.533722,93407.000,13192,3,AX,1,100,-0.161
1766633955.573719,93447.000,13192,3,AX,1,100,-0.143
1766633955.613716,93487.000,13192,3,AX,1,100,-0.143
1766633955.653713,93527.000,13207,2,AX,1,100,-0.150
1766633955.693709,93567.000,13207,2,AX,1,100,-0.152
1766633955.733706,93607.000,13223,3,AX,1,100,-0.511
1766633955.773703,93647.000,13223,3,AX,1,100,-0.685
1766633955.813700,93687.000,13223,3,AX,1,100,-0.560
1766633955.853697,93727.000,13241,2,AX,1,100,0.483
1766633955.893693,93767.000,13241,2,AX,1,100,0.650
1766633955.933690,93807.000,13257,3,AX,1,100,1.092
1766633955.973687,93847.000,13257,3,AX,1,100,1.033
1766633956.013684,93887.000,13257,3,AX,1,100,1.021
1766633956.053680,93927.000,13272,2,AX,1,100,0.854
1766633956.093677,93967.000,13272,2,AX,1,100,0.570
1766633956.133674,94007.000,13291,3,AX,1,100,0.156
1766633956.173671,94047.000,13291,3,AX,1,100,-0.222
1766633956.213667,94087.000,13291,3,AX,1,100,-0.166
1766633956.248998,94122.333,13308,3,AX,1,100,-0.715
1766633956.284328,94157.667,13308,3,AX,1,100,-0.300
1766633956.319659,94193.000,13308,3,AX,1,100,-0.795
1766633956.359656,94233.000,13324,2,AX,1,100,-0.507
1766633956.399652,94273.000,13324,2,AX,1,100,0.452
1766633956.439649,94313.000,13339,3,AX,1,100,0.984
1766633956.479646,94353.000,13339,3,AX,1,100,0.744
1766633956.519643,94393.000,13339,3,AX,1,100,-0.000
1766633956.559639,94433.000,13356,2,AX,1,100,-0.317
1766633956.599636,94473.000,13356,2,AX,1,100,-0.099
1766633956.639633,94513.000,13373,3,AX,1,100,-0.975
1766633956.679630,94553.000,13373,3,AX,1,100,-0.579
1766633956.719626,94593.000,13373,3,AX,1,100,-0.887
1766633956.759623,94633.000,13389,2,AX,1,100,-0.104
1766633956.799620,94673.000,13389,2,AX,1,100,0.929
1766633956.839617,94713.000,13407,3,AX,1,100,0.763
1766633956.879614,94753.000,13407,3,AX,1,100,-1.170
1766633956.919610,94793.000,13407,3,AX,1,100,-0.378
1766633956.959607,94833.000,13423,3,AX,1,100,-0.854
1766633956.999604,94873.000,13423,3,AX,1,100,-0.526
1766633957.039601,94913.000,13423,3,AX,1,100,-0.060
1766633957.073598,94947.000,13440,2,AX,1,100,-0.157
1766633957.107595,94981.000,13440,2,AX,1,100,-0.366
1766633957.147592,95021.000,13459,3,AX,1,100,-0.296
1766633957.187589,95061.000,13459,3,AX,1,100,-0.311
1766633957.227585,95101.000,13459,3,AX,1,100,-0.264
1766633957.267582,95141.000,13475,2,AX,1,100,-0.244
1766633957.307579,95181.000,13475,2,AX,1,100,-0.251
1766633957.347576,95221.000,13492,3,AX,1,100,-0.235
1766633957.387573,95261.000,13492,3,AX,1,100,-0.245
1766633957.427569,95301.000,13492,3,AX,1,100,-0.235
1766633957.467566,95341.000,13509,2,AX,1,100,-0.258
1766633957.507563,95381.000,13509,2,AX,1,100,-0.250
1766633957.547226,95420.667,13526,3,AX,1,100,-0.270
1766633957.586890,95460.333,13526,3,AX,1,100,-0.246
1766633957.626553,95500.000,13526,3,AX,1,100,-0.232
1766633957.666883,95540.333,13543,3,AX,1,100,-0.260
1766633957.707213,95580.667,13543,3,AX,1,100,-0.264
1766633957.747543,95621.000,13543,3,AX,1,100,-0.281
1766633957.787040,95660.500,13562,2,AX,1,100,-0.254
1766633957.826537,95700.000,13562,2,AX,1,100,-0.265
1766633957.866534,95740.000,13580,3,AX,1,100,-0.218
1766633957.906530,95780.000,13580,3,AX,1,100,-0.219
1766633957.946527,95820.000,13580,3,AX,1,100,-0.219
1766633957.980025,95853.500,13596,2,AX,1,100,-0.246
1766633958.013522,95887.000,13596,2,AX,1,100,-0.280
1766633958.053185,95926.667,13613,3,AX,1,100,-0.242
1766633958.092849,95966.333,13613,3,AX,1,100,-0.258
1766633958.132512,96006.000,13613,3,AX,1,100,-0.252
1766633958.172509,96046.000,13628,3,AX,1,100,-0.220
1766633958.212506,96086.000,13628,3,AX,1,100,-0.241
1766633958.252502,96126.000,13628,3,AX,1,100,-0.236
1766633958.292499,96166.000,13645,2,AX,1,100,-0.252
1766633958.332496,96206.000,13645,2,AX,1,100,-0.253
1766633958.372493,96246.000,13661,3,AX,1,100,-0.243
1766633958.412490,96286.000,13661,3,AX,1,100,-0.224
1766633958.452486,96326.000,13661,3,AX,1,100,-0.222
1766633958.492983,96366.500,13681,2,AX,1,100,-0.227
1766633958.533480,96407.000,13681,2,AX,1,100,-0.236
1766633958.573143,96446.667,13695,3,AX,1,100,-0.251
1766633958.612807,96486.333,13695,3,AX,1,100,-0.256
1766633958.652470,96526.000,13695,3,AX,1,100,-0.260
1766633958.692967,96566.500,13712,2,AX,1,100,-0.225
1766633958.733464,96607.000,13712,2,AX,1,100,-0.215
1766633958.769127,96642.667,13728,3,AX,1,100,-0.216
1766633958.804791,96678.333,13728,3,AX,1,100,-0.215
1766633958.840455,96714.000,13728,3,AX,1,100,-0.257
1766633958.880452,96754.000,13748,3,AX,1,100,-0.247
1766633958.920449,96794.000,13748,3,AX,1,100,-0.249
1766633958.960445,96834.000,13748,3,AX,1,100,-0.235
1766633959.000442,96874.000,13762,2,AX,1,100,-0.222
1766633959.040439,96914.000,13762,2,AX,1,100,-0.219
1766633959.080436,96954.000,13779,3,AX,1,100,-0.226
1766633959.120432,96994.000,13779,3,AX,1,100,-0.251
1766633959.160429,97034.000,13779,3,AX,1,100,-0.246
1766633959.200426,97074.000,13796,2,AX,1,100,-0.246
1766633959.240423,97114.000,13796,2,AX,1,100,-0.229
1766633959.280419,97154.000,13813,3,AX,1,100,-0.241
1766633959.320416,97194.000,13813,3,AX,1,100,-0.223
1766633959.360413,97234.000,13813,3,AX,1,100,-0.226
1766633959.400410,97274.000,13827,2,AX,1,100,-0.232
1766633959.440407,97314.000,13827,2,AX,1,100,-0.249
1766633959.480403,97354.000,13845,3,AX,1,100,-0.249
1766633959.520400,97394.000,13845,3,AX,1,100,-0.234
1766633959.560397,97434.000,13845,3,AX,1,100,-0.205
1766633959.595727,97469.333,13861,3,AX,1,100,-0.110
1766633959.631058,97504.667,13861,3,AX,1,100,-0.313
1766633959.666388,97540.000,13861,3,AX,1,100,-0.648
1766633959.706385,97580.000,13878,2,AX,1,100,-0.655
1766633959.746382,97620.000,13878,2,AX,1,100,-0.710
1766633959.786378,97660.000,13895,3,AX,1,100,0.329
1766633959.826375,97700.000,13895,3,AX,1,100,0.821
1766633959.866372,97740.000,13895,3,AX,1,100,0.775
1766633959.906369,97780.000,13912,2,AX,1,100,-1.365
1766633959.946366,97820.000,13912,2,AX,1,100,-0.656
1766633959.986362,97860.000,13928,3,AX,1,100,-0.960
1766633960.026359,97900.000,13928,3,AX,1,100,-0.433
1766633960.066356,97940.000,13928,3,AX,1,100,-0.216
1766633960.106353,97980.000,13945,2,AX,1,100,0.586
1766633960.146349,98020.000,13945,2,AX,1,100,-0.263
1766633960.186346,98060.000,13962,3,AX,1,100,-0.585
1766633960.226343,98100.000,13962,3,AX,1,100,-0.339
1766633960.266340,98140.000,13962,3,AX,1,100,-0.225
1766633960.306336,98180.000,13977,2,AX,1,100,-0.328
1766633960.346333,98220.000,13977,2,AX,1,100,-0.273
1766633960.386330,98260.000,13993,3,AX,1,100,-0.302
1766633960.426327,98300.000,13993,3,AX,1,100,-0.281
1766633960.466323,98340.000,13993,3,AX,1,100,-0.253
1766633960.501654,98375.333,14011,3,AX,1,100,-0.274
1766633960.536984,98410.667,14011,3,AX,1,100,-0.262
1766633960.572315,98446.000,14011,3,AX,1,100,-0.260
1766633960.612312,98486.000,14029,2,AX,1,100,-0.268
1766633960.652308,98526.000,14029,2,AX,1,100,-0.243
1766633960.692305,98566.000,14044,3,AX,1,100,-0.264
1766633960.732302,98606.000,14044,3,AX,1,100,-0.288
1766633960.772299,98646.000,14044,3,AX,1,100,-0.289
1766633960.812295,98686.000,14061,3,AX,1,100,-0.268
1766633960.852292,98726.000,14061,3,AX,1,100,-0.245
1766633960.892289,98766.000,14061,3,AX,1,100,-0.239
1766633960.932286,98806.000,14078,2,AX,1,100,-0.242
1766633960.972283,98846.000,14078,2,AX,1,100,-0.279
1766633961.012279,98886.000,14094,3,AX,1,100,-0.255
1766633961.052276,98926.000,14094,3,AX,1,100,-0.260
1766633961.092273,98966.000,14094,3,AX,1,100,-0.280
1766633961.132270,99006.000,14109,2,AX,1,100,-0.257
1766633961.172266,99046.000,14109,2,AX,1,100,-0.257
1766633961.212263,99086.000,14126,3,AX,1,100,-0.243
1766633961.252260,99126.000,14126,3,AX,1,100,-0.249
1766633961.292257,99166.000,14126,3,AX,1,100,-0.272
1766633961.325754,99199.500,14143,2,AX,1,100,-0.270
1766633961.359251,99233.000,14143,2,AX,1,100,-0.264
1766633961.399581,99273.333,14159,3,AX,1,100,-0.271
1766633961.439911,99313.667,14159,3,AX,1,100,-0.290
1766633961.480242,99354.000,14159,3,AX,1,100,-0.276
1766633961.520238,99394.000,14175,3,AX,1,100,-0.217
1766633961.560235,99434.000,14175,3,AX,1,100,-0.223
1766633961.600232,99474.000,14175,3,AX,1,100,-0.272
1766633961.640229,99514.000,14191,2,AX,1,100,-0.279
1766633961.680225,99554.000,14191,2,AX,1,100,-0.262
1766633961.719889,99593.667,14208,3,AX,1,100,-0.229
1766633961.759552,99633.333,14208,3,AX,1,100,-0.248
1766633961.799216,99673.000,14208,3,AX,1,100,-0.233
1766633961.839212,99713.000,14225,2,AX,1,100,-0.262
1766633961.879209,99753.000,14225,2,AX,1,100,-0.264
1766633961.919206,99793.000,14241,3,AX,1,100,-0.279
1766633961.959203,99833.000,14241,3,AX,1,100,-0.286
1766633961.999200,99873.000,14241,3,AX,1,100,-0.297
1766633962.039196,99913.000,14256,2,AX,1,100,-0.303
1766633962.079193,99953.000,14256,2,AX,1,100,-0.269
1766633962.114524,99988.333,14273,3,AX,1,100,-0.244
1766633962.149854,100023.667,14273,3,AX,1,100,-0.250
1766633962.185184,100059.000,14273,3,AX,1,100,-0.234
1766633962.225181,100099.000,14290,3,AX,1,100,-0.262
1766633962.265178,100139.000,14290,3,AX,1,100,-0.282
1766633962.305175,100179.000,14290,3,AX,1,100,-0.277
1766633962.345171,100219.000,14309,2,AX,1,100,-0.260
1766633962.385168,100259.000,14309,2,AX,1,100,-0.233
1766633962.425165,100299.000,14323,3,AX,1,100,-0.237
1766633962.465162,100339.000,14323,3,AX,1,100,-0.266
1766633962.505159,100379.000,14323,3,AX,1,100,-0.252
1766633962.545155,100419.000,14341,2,AX,1,100,-0.243
1766633962.585152,100459.000,14341,2,AX,1,100,-0.241
1766633962.625149,100499.000,14357,3,AX,1,100,-0.227
1766633962.665146,100539.000,14357,3,AX,1,100,-0.250
1766633962.705142,100579.000,14357,3,AX,1,100,-0.270
1766633962.745639,100619.500,14374,2,AX,1,100,-0.275
1766633962.786136,100660.000,14374,2,AX,1,100,-0.261
1766633962.826133,100700.000,14394,3,AX,1,100,-0.260
1766633962.866129,100740.000,14394,3,AX,1,100,-0.272
1766633962.906126,100780.000,14394,3,AX,1,100,-0.279
1766633962.941790,100815.667,14411,3,AX,1,100,-0.277
1766633962.977454,100851.333,14411,3,AX,1,100,-0.274
1766633963.013118,100887.000,14411,3,AX,1,100,-0.239
1766633963.053114,100927.000,14427,2,AX,1,100,-0.252
1766633963.093111,100967.000,14427,2,AX,1,100,-0.267
1766633963.133108,101007.000,14447,3,AX,1,100,-0.273
1766633963.173105,101047.000,14447,3,AX,1,100,-0.243
1766633963.213101,101087.000,14447,3,AX,1,100,-0.220
1766633963.253098,101127.000,14461,2,AX,1,100,-0.229
1766633963.293095,101167.000,14461,2,AX,1,100,-0.252
1766633963.333092,101207.000,14478,3,AX,1,100,-0.233
1766633963.373088,101247.000,14478,3,AX,1,100,-0.255
1766633963.413085,101287.000,14478,3,AX,1,100,-0.215
1766633963.453082,101327.000,14494,3,AX,1,100,-0.207
1766633963.493079,101367.000,14494,3,AX,1,100,-0.233
1766633963.533076,101407.000,14494,3,AX,1,100,-0.269
1766633963.573072,101447.000,14512,2,AX,1,100,-0.292
1766633963.613069,101487.000,14512,2,AX,1,100,-0.278
1766633963.653066,101527.000,14528,3,AX,1,100,-0.244
1766633963.693063,101567.000,14528,3,AX,1,100,-0.249
1766633963.733059,101607.000,14528,3,AX,1,100,-0.273
1766633963.773056,101647.000,14545,2,AX,1,100,-0.285
1766633963.813053,101687.000,14545,2,AX,1,100,-0.279
1766633963.848383,101722.333,14562,3,AX,1,100,-0.281
1766633963.883714,101757.667,14562,3,AX,1,100,-0.273
1766633963.919044,101793.000,14562,3,AX,1,100,-0.243
1766633963.959041,101833.000,14583,3,AX,1,100,-0.249
1766633963.999038,101873.000,14583,3,AX,1,100,-0.239
1766633964.039035,101913.000,14583,3,AX,1,100,-0.261
1766633964.079031,101953.000,14598,2,AX,1,100,-0.249
1766633964.119028,101993.000,14598,2,AX,1,100,-0.263
1766633964.159025,102033.000,14615,3,AX,1,100,-0.282
1766633964.199022,102073.000,14615,3,AX,1,100,-0.290
1766633964.239018,102113.000,14615,3,AX,1,100,-0.284
1766633964.279015,102153.000,14631,2,AX,1,100,-0.240
1766633964.319012,102193.000,14631,2,AX,1,100,-0.238
1766633964.359009,102233.000,14648,3,AX,1,100,-0.259
1766633964.399005,102273.000,14648,3,AX,1,100,-0.260
1766633964.439002,102313.000,14648,3,AX,1,100,-0.259
1766633964.478999,102353.000,14665,2,AX,1,100,-0.252
1766633964.518996,102393.000,14665,2,AX,1,100,-0.258
1766633964.558993,102433.000,14680,3,AX,1,100,-0.293
1766633964.598989,102473.000,14680,3,AX,1,100,-0.292
1766633964.638986,102513.000,14680,3,AX,1,100,-0.303
1766633964.674317,102548.333,14696,3,AX,1,100,-0.284
1766633964.709647,102583.667,14696,3,AX,1,100,-0.245
1766633964.744977,102619.000,14696,3,AX,1,100,-0.251
1766633964.784974,102659.000,14713,2,AX,1,100,-0.269
1766633964.824971,102699.000,14713,2,AX,1,100,-0.294
1766633964.864968,102739.000,14732,3,AX,1,100,-0.254
1766633964.904964,102779.000,14732,3,AX,1,100,-0.202
1766633964.944961,102819.000,14732,3,AX,1,100,-0.213
1766633964.984958,102859.000,14747,2,AX,1,100,-0.249
1766633965.024955,102899.000,14747,2,AX,1,100,-0.242
1766633965.064952,102939.000,14763,3,AX,1,100,-0.242
1766633965.104948,102979.000,14763,3,AX,1,100,-0.215
1766633965.144945,103019.000,14763,3,AX,1,100,-0.232
1766633965.184942,103059.000,14781,2,AX,1,100,-0.267
1766633965.224939,103099.000,14781,2,AX,1,100,-0.293
1766633965.264935,103139.000,14797,3,AX,1,100,-0.289
1766633965.304932,103179.000,14797,3,AX,1,100,-0.261
1766633965.344929,103219.000,14797,3,AX,1,100,-0.265
1766633965.384926,103259.000,14812,2,AX,1,100,-0.282
1766633965.424922,103299.000,14812,2,AX,1,100,-0.289
1766633965.460586,103334.667,14829,3,AX,1,100,-0.318
1766633965.496250,103370.333,14829,3,AX,1,100,-0.309
1766633965.531914,103406.000,14829,3,AX,1,100,-0.269
1766633965.571911,103446.000,14848,3,AX,1,100,-0.271
1766633965.611907,103486.000,14848,3,AX,1,100,-0.300
1766633965.651904,103526.000,14848,3,AX,1,100,-0.290
1766633965.691901,103566.000,14864,2,AX,1,100,-0.264
1766633965.731898,103606.000,14864,2,AX,1,100,-0.229
1766633965.772228,103646.333,14879,3,AX,1,100,-0.199
1766633965.812558,103686.667,14879,3,AX,1,100,-0.223
1766633965.852888,103727.000,14879,3,AX,1,100,-0.226
1766633965.892385,103766.500,14896,2,AX,1,100,-0.274
1766633965.931881,103806.000,14896,2,AX,1,100,-0.243
1766633965.971878,103846.000,14913,3,AX,1,100,-0.202
1766633966.011875,103886.000,14913,3,AX,1,100,-0.228
1766633966.051872,103926.000,14913,3,AX,1,100,-0.269
1766633966.091869,103966.000,14929,3,AX,1,100,-0.280
1766633966.131865,104006.000,14929,3,AX,1,100,-0.266
1766633966.171862,104046.000,14929,3,AX,1,100,-0.268
1766633966.211859,104086.000,14946,2,AX,1,100,-0.289
1766633966.251856,104126.000,14946,2,AX,1,100,-0.321
1766633966.287186,104161.333,14961,3,AX,1,100,-0.301
1766633966.322517,104196.667,14961,3,AX,1,100,-0.315
1766633966.357847,104232.000,14961,3,AX,1,100,-0.296
1766633966.397844,104272.000,14980,3,AX,1,100,-0.288
1766633966.437841,104312.000,14980,3,AX,1,100,-0.274
1766633966.477837,104352.000,14980,3,AX,1,100,-0.247
1766633966.517834,104392.000,14997,2,AX,1,100,-0.229
1766633966.557831,104432.000,14997,2,AX,1,100,-0.236
1766633966.597828,104472.000,15014,3,AX,1,100,-0.242
1766633966.637825,104512.000,15014,3,AX,1,100,-0.241
1766633966.677821,104552.000,15014,3,AX,1,100,-0.264
