LocalTimestamp,EmotiBitTimestamp,PacketNumber,DataLength,TypeTag,ProtocolVersion,DataReliability,PR
1766633906.622678,44492.000,5152,3,PR,1,100,136836
1766633906.622678,44492.000,5152,3,PR,1,100,136723
1766633906.622678,44492.000,5152,3,PR,1,100,136698
1766633906.662674,44532.000,5169,2,PR,1,100,136794
1766633906.702671,44572.000,5169,2,PR,1,100,136906
1766633906.742668,44612.000,5185,3,PR,1,100,137063
1766633906.782665,44652.000,5185,3,PR,1,100,136999
1766633906.822661,44692.000,5185,3,PR,1,100,136852
1766633906.862658,44732.000,5203,2,PR,1,100,136795
1766633906.902655,44772.000,5203,2,PR,1,100,136815
1766633906.942652,44812.000,5217,3,PR,1,100,136915
1766633906.982649,44852.000,5217,3,PR,1,100,137053
1766633907.022645,44892.000,5217,3,PR,1,100,137330
1766633907.062642,44932.000,5234,2,PR,1,100,137634
1766633907.102639,44972.000,5234,2,PR,1,100,137884
1766633907.142636,45012.000,5251,3,PR,1,100,137918
1766633907.182632,45052.000,5251,3,PR,1,100,138004
1766633907.222629,45092.000,5251,3,PR,1,100,138038
1766633907.262626,45132.000,5268,2,PR,1,100,138092
1766633907.302623,45172.000,5268,2,PR,1,100,138306
1766633907.342619,45212.000,5282,3,PR,1,100,138424
1766633907.382616,45252.000,5282,3,PR,1,100,138625
1766633907.422613,45292.000,5282,3,PR,1,100,138830
1766633907.462610,45332.000,5299,3,PR,1,100,139026
1766633907.502606,45372.000,5299,3,PR,1,100,139131
1766633907.542603,45412.000,5299,3,PR,1,100,139184
1766633907.582600,45452.000,5316,2,PR,1,100,139509
1766633907.622597,45492.000,5316,2,PR,1,100,139960
1766633907.662594,45532.000,5333,3,PR,1,100,140263
1766633907.702590,45572.000,5333,3,PR,1,100,140516
1766633907.742587,45612.000,5333,3,PR,1,100,140757
1766633907.782584,45652.000,5347,2,PR,1,100,141079
1766633907.822581,45692.000,5347,2,PR,1,100,141473
1766633907.862577,45732.000,5365,3,PR,1,100,141746
1766633907.902574,45772.000,5365,3,PR,1,100,141946
1766633907.942571,45812.000,5365,3,PR,1,100,142168
1766633907.982568,45852.000,5381,2,PR,1,100,142359
1766633908.022564,45892.000,5381,2,PR,1,100,142508
1766633908.062895,45932.333,5398,3,PR,1,100,142664
1766633908.103225,45972.667,5398,3,PR,1,100,142821
1766633908.143555,46013.000,5398,3,PR,1,100,143118
1766633908.183052,46052.500,5414,2,PR,1,100,143475
1766633908.222548,46092.000,5414,2,PR,1,100,143693
1766633908.262545,46132.000,5430,3,PR,1,100,143742
1766633908.302542,46172.000,5430,3,PR,1,100,143696
1766633908.342539,46212.000,5430,3,PR,1,100,143692
1766633908.382535,46252.000,5446,2,PR,1,100,143864
1766633908.422532,46292.000,5446,2,PR,1,100,144144
1766633908.462529,46332.000,5464,3,PR,1,100,144443
1766633908.502526,46372.000,5464,3,PR,1,100,144661
1766633908.542522,46412.000,5464,3,PR,1,100,144855
1766633908.582519,46452.000,5480,2,PR,1,100,145024
1766633908.622516,46492.000,5480,2,PR,1,100,145192
1766633908.662513,46532.000,5495,3,PR,1,100,145303
1766633908.702509,46572.000,5495,3,PR,1,100,145425
1766633908.742506,46612.000,5495,3,PR,1,100,145550
1766633908.782503,46652.000,5511,3,PR,1,100,145655
1766633908.822500,46692.000,5511,3,PR,1,100,145709
1766633908.862497,46732.000,5511,3,PR,1,100,145818
1766633908.902493,46772.000,5531,2,PR,1,100,145888
1766633908.942490,46812.000,5531,2,PR,1,100,145954
1766633908.982487,46852.000,5547,3,PR,1,100,145957
1766633909.022484,46892.000,5547,3,PR,1,100,145908
1766633909.062480,46932.000,5547,3,PR,1,100,145905
1766633909.102477,46972.000,5562,2,PR,1,100,145970
1766633909.142474,47012.000,5562,2,PR,1,100,146008
1766633909.188970,47058.500,5579,2,PR,1,100,146055
1766633909.235466,47105.000,5579,2,PR,1,100,146100
1766633909.275463,47145.000,5596,3,PR,1,100,146160
1766633909.315460,47185.000,5596,3,PR,1,100,146168
1766633909.355457,47225.000,5596,3,PR,1,100,146175
1766633909.395453,47265.000,5612,2,PR,1,100,146220
1766633909.435450,47305.000,5612,2,PR,1,100,146224
1766633909.475447,47345.000,5628,3,PR,1,100,146247
1766633909.515444,47385.000,5628,3,PR,1,100,146204
1766633909.555440,47425.000,5628,3,PR,1,100,146047
1766633909.595937,47465.500,5644,2,PR,1,100,146018
1766633909.636434,47506.000,5644,2,PR,1,100,146138
1766633909.676097,47545.667,5661,3,PR,1,100,146361
1766633909.715761,47585.333,5661,3,PR,1,100,146503
1766633909.755424,47625.000,5661,3,PR,1,100,146601
1766633909.795421,47665.000,5677,3,PR,1,100,146712
1766633909.835418,47705.000,5677,3,PR,1,100,146752
1766633909.875415,47745.000,5677,3,PR,1,100,146580
1766633909.915411,47785.000,5693,2,PR,1,100,146357
1766633909.955408,47825.000,5693,2,PR,1,100,146107
1766633909.995405,47865.000,5709,3,PR,1,100,146070
1766633910.035402,47905.000,5709,3,PR,1,100,146168
1766633910.075398,47945.000,5709,3,PR,1,100,146428
1766633910.115395,47985.000,5726,2,PR,1,100,146574
1766633910.155392,48025.000,5726,2,PR,1,100,146719
1766633910.195389,48065.000,5743,3,PR,1,100,146856
1766633910.235385,48105.000,5743,3,PR,1,100,146917
1766633910.275382,48145.000,5743,3,PR,1,100,147144
1766633910.315379,48185.000,5759,2,PR,1,100,147338
1766633910.355376,48225.000,5759,2,PR,1,100,147212
1766633910.395373,48265.000,5774,3,PR,1,100,147296
1766633910.435369,48305.000,5774,3,PR,1,100,147424
1766633910.475366,48345.000,5774,3,PR,1,100,147407
1766633910.515363,48385.000,5792,2,PR,1,100,147192
1766633910.555360,48425.000,5792,2,PR,1,100,147121
1766633910.595356,48465.000,5808,3,PR,1,100,147332
1766633910.635353,48505.000,5808,3,PR,1,100,147643
1766633910.675350,48545.000,5808,3,PR,1,100,147864
1766633910.715347,48585.000,5825,2,PR,1,100,147904
1766633910.755343,48625.000,5825,2,PR,1,100,147975
1766633910.795340,48665.000,5840,3,PR,1,100,148175
1766633910.835337,48705.000,5840,3,PR,1,100,148434
1766633910.875334,48745.000,5840,3,PR,1,100,148592
1766633910.915330,48785.000,5857,2,PR,1,100,148708
1766633910.955327,48825.000,5857,2,PR,1,100,148772
1766633910.995324,48865.000,5873,3,PR,1,100,148614
1766633911.035321,48905.000,5873,3,PR,1,100,148387
1766633911.075318,48945.000,5873,3,PR,1,100,148347
1766633911.115314,48985.000,5890,2,PR,1,100,148401
1766633911.155311,49025.000,5890,2,PR,1,100,148439
1766633911.195308,49065.000,5905,3,PR,1,100,148531
1766633911.235305,49105.000,5905,3,PR,1,100,148555
1766633911.275301,49145.000,5905,3,PR,1,100,148616
1766633911.315298,49185.000,5922,3,PR,1,100,148699
1766633911.355295,49225.000,5922,3,PR,1,100,148758
1766633911.395292,49265.000,5922,3,PR,1,100,148892
1766633911.435288,49305.000,5938,2,PR,1,100,149021
1766633911.475285,49345.000,5938,2,PR,1,100,148992
1766633911.515282,49385.000,5956,3,PR,1,100,148981
1766633911.555279,49425.000,5956,3,PR,1,100,149024
1766633911.595276,49465.000,5956,3,PR,1,100,149091
1766633911.635272,49505.000,5970,2,PR,1,100,149121
1766633911.675269,49545.000,5970,2,PR,1,100,149191
1766633911.715266,49585.000,5992,3,PR,1,100,149234
1766633911.755263,49625.000,5992,3,PR,1,100,149175
1766633911.795259,49665.000,5992,3,PR,1,100,148958
1766633911.835256,49705.000,6009,2,PR,1,100,148657
1766633911.875253,49745.000,6009,2,PR,1,100,148562
1766633911.915250,49785.000,6026,3,PR,1,100,148633
1766633911.955246,49825.000,6026,3,PR,1,100,148659
1766633911.995243,49865.000,6026,3,PR,1,100,148632
1766633912.035240,49905.000,6040,2,PR,1,100,148706
1766633912.075237,49945.000,6040,2,PR,1,100,148826
1766633912.115233,49985.000,6057,3,PR,1,100,148865
1766633912.155230,50025.000,6057,3,PR,1,100,148864
1766633912.195227,50065.000,6057,3,PR,1,100,148870
1766633912.235224,50105.000,6074,2,PR,1,100,148912
1766633912.275221,50145.000,6074,2,PR,1,100,148920
1766633912.315217,50185.000,6091,3,PR,1,100,148962
1766633912.355214,50225.000,6091,3,PR,1,100,149021
1766633912.395211,50265.000,6091,3,PR,1,100,149026
1766633912.435208,50305.000,6105,2,PR,1,100,149039
1766633912.475204,50345.000,6105,2,PR,1,100,149093
1766633912.515201,50385.000,6123,3,PR,1,100,149191
1766633912.555198,50425.000,6123,3,PR,1,100,149288
1766633912.595195,50465.000,6123,3,PR,1,100,149413
1766633912.635191,50505.000,6139,2,PR,1,100,149520
1766633912.675188,50545.000,6139,2,PR,1,100,149611
1766633912.715185,50585.000,6156,3,PR,1,100,149679
1766633912.755182,50625.000,6156,3,PR,1,100,149711
1766633912.795178,50665.000,6156,3,PR,1,100,149704
1766633912.835175,50705.000,6172,3,PR,1,100,149556
1766633912.875172,50745.000,6172,3,PR,1,100,149382
1766633912.915169,50785.000,6172,3,PR,1,100,149228
1766633912.955166,50825.000,6188,2,PR,1,100,149141
1766633912.995162,50865.000,6188,2,PR,1,100,149238
1766633913.035159,50905.000,6204,3,PR,1,100,149338
1766633913.075156,50945.000,6204,3,PR,1,100,149391
1766633913.115153,50985.000,6204,3,PR,1,100,149416
1766633913.155149,51025.000,6221,2,PR,1,100,149325
1766633913.195146,51065.000,6221,2,PR,1,100,149315
1766633913.235143,51105.000,6237,3,PR,1,100,149442
1766633913.275140,51145.000,6237,3,PR,1,100,149673
1766633913.315136,51185.000,6237,3,PR,1,100,149893
1766633913.355133,51225.000,6253,2,PR,1,100,149951
1766633913.395130,51265.000,6253,2,PR,1,100,149937
1766633913.435127,51305.000,6269,3,PR,1,100,149945
1766633913.475123,51345.000,6269,3,PR,1,100,149879
1766633913.515120,51385.000,6269,3,PR,1,100,149799
1766633913.555117,51425.000,6287,2,PR,1,100,149919
1766633913.595114,51465.000,6287,2,PR,1,100,150102
1766633913.635111,51505.000,6303,3,PR,1,100,150184
1766633913.675107,51545.000,6303,3,PR,1,100,150216
1766633913.715104,51585.000,6303,3,PR,1,100,150220
1766633913.755101,51625.000,6318,2,PR,1,100,150181
1766633913.795098,51665.000,6318,2,PR,1,100,150248
1766633913.835094,51705.000,6335,3,PR,1,100,150256
1766633913.875091,51745.000,6335,3,PR,1,100,150299
1766633913.915088,51785.000,6335,3,PR,1,100,150415
1766633913.955085,51825.000,6354,2,PR,1,100,150545
1766633913.995081,51865.000,6354,2,PR,1,100,150634
1766633914.035078,51905.000,6370,3,PR,1,100,150688
1766633914.075075,51945.000,6370,3,PR,1,100,150734
1766633914.115072,51985.000,6370,3,PR,1,100,150771
1766633914.161568,52031.500,6386,2,PR,1,100,150797
1766633914.208064,52078.000,6386,2,PR,1,100,150893
1766633914.248061,52118.000,6402,3,PR,1,100,150985
1766633914.288058,52158.000,6402,3,PR,1,100,151069
1766633914.328055,52198.000,6402,3,PR,1,100,151145
1766633914.368051,52238.000,6419,2,PR,1,100,151178
1766633914.408048,52278.000,6419,2,PR,1,100,151217
1766633914.448045,52318.000,6435,3,PR,1,100,151285
1766633914.488042,52358.000,6435,3,PR,1,100,151352
1766633914.528038,52398.000,6435,3,PR,1,100,151415
1766633914.568035,52438.000,6451,2,PR,1,100,151460
1766633914.608032,52478.000,6451,2,PR,1,100,151501
1766633914.648029,52518.000,6467,3,PR,1,100,151575
1766633914.688025,52558.000,6467,3,PR,1,100,151599
1766633914.728022,52598.000,6467,3,PR,1,100,151611
1766633914.768019,52638.000,6484,2,PR,1,100,151584
1766633914.808016,52678.000,6484,2,PR,1,100,151465
1766633914.848012,52718.000,6501,3,PR,1,100,151381
1766633914.888009,52758.000,6501,3,PR,1,100,151342
1766633914.928006,52798.000,6501,3,PR,1,100,151387
1766633914.968003,52838.000,6516,2,PR,1,100,151443
1766633915.008000,52878.000,6516,2,PR,1,100,151468
1766633915.047996,52918.000,6532,3,PR,1,100,151518
1766633915.087993,52958.000,6532,3,PR,1,100,151576
1766633915.127990,52998.000,6532,3,PR,1,100,151618
1766633915.167987,53038.000,6550,3,PR,1,100,151602
1766633915.207983,53078.000,6550,3,PR,1,100,151609
1766633915.247980,53118.000,6550,3,PR,1,100,151666
1766633915.287977,53158.000,6566,2,PR,1,100,151690
1766633915.327974,53198.000,6566,2,PR,1,100,151686
1766633915.367970,53238.000,6582,3,PR,1,100,151724
1766633915.407967,53278.000,6582,3,PR,1,100,151761
1766633915.447964,53318.000,6582,3,PR,1,100,151812
1766633915.487961,53358.000,6598,2,PR,1,100,151827
1766633915.527957,53398.000,6598,2,PR,1,100,151831
1766633915.567954,53438.000,6615,3,PR,1,100,151878
1766633915.607951,53478.000,6615,3,PR,1,100,151922
1766633915.647948,53518.000,6615,3,PR,1,100,151964
1766633915.687945,53558.000,6631,2,PR,1,100,151990
1766633915.727941,53598.000,6631,2,PR,1,100,151964
1766633915.767938,53638.000,6648,3,PR,1,100,151904
1766633915.807935,53678.000,6648,3,PR,1,100,151950
1766633915.847932,53718.000,6648,3,PR,1,100,152004
1766633915.887928,53758.000,6663,2,PR,1,100,152153
1766633915.927925,53798.000,6663,2,PR,1,100,152302
1766633915.967922,53838.000,6680,3,PR,1,100,152401
1766633916.007919,53878.000,6680,3,PR,1,100,152510
1766633916.047915,53918.000,6680,3,PR,1,100,152537
1766633916.087912,53958.000,6696,2,PR,1,100,152403
1766633916.127909,53998.000,6696,2,PR,1,100,152195
1766633916.167906,54038.000,6714,3,PR,1,100,151918
1766633916.207902,54078.000,6714,3,PR,1,100,151777
1766633916.247899,54118.000,6714,3,PR,1,100,151830
1766633916.287896,54158.000,6728,2,PR,1,100,151956
1766633916.327893,54198.000,6728,2,PR,1,100,152098
1766633916.367890,54238.000,6747,3,PR,1,100,152192
1766633916.407886,54278.000,6747,3,PR,1,100,152289
1766633916.447883,54318.000,6747,3,PR,1,100,152381
1766633916.487880,54358.000,6764,3,PR,1,100,152435
1766633916.527877,54398.000,6764,3,PR,1,100,152389
1766633916.567873,54438.000,6764,3,PR,1,100,152221
1766633916.607870,54478.000,6781,2,PR,1,100,152058
1766633916.647867,54518.000,6781,2,PR,1,100,152051
1766633916.687864,54558.000,6795,3,PR,1,100,152138
1766633916.727860,54598.000,6795,3,PR,1,100,152270
1766633916.767857,54638.000,6795,3,PR,1,100,152335
1766633916.807854,54678.000,6819,2,PR,1,100,152370
1766633916.847851,54718.000,6819,2,PR,1,100,152422
1766633916.887848,54758.000,6836,3,PR,1,100,152389
1766633916.927844,54798.000,6836,3,PR,1,100,152315
1766633916.967841,54838.000,6836,3,PR,1,100,152251
1766633917.007838,54878.000,6855,3,PR,1,100,152278
1766633917.047835,54918.000,6855,3,PR,1,100,152329
1766633917.087831,54958.000,6855,3,PR,1,100,152387
1766633917.127828,54998.000,6871,2,PR,1,100,152428
1766633917.167825,55038.000,6871,2,PR,1,100,152394
1766633917.207822,55078.000,6887,3,PR,1,100,152370
1766633917.247818,55118.000,6887,3,PR,1,100,152365
1766633917.287815,55158.000,6887,3,PR,1,100,152371
1766633917.327812,55198.000,6903,2,PR,1,100,152460
1766633917.367809,55238.000,6903,2,PR,1,100,152507
1766633917.407805,55278.000,6920,3,PR,1,100,152576
1766633917.447802,55318.000,6920,3,PR,1,100,152661
1766633917.487799,55358.000,6920,3,PR,1,100,152758
1766633917.527796,55398.000,6937,2,PR,1,100,152820
1766633917.567793,55438.000,6937,2,PR,1,100,152879
1766633917.607789,55478.000,6952,3,PR,1,100,152935
1766633917.647786,55518.000,6952,3,PR,1,100,152985
1766633917.687783,55558.000,6952,3,PR,1,100,153044
1766633917.727780,55598.000,6968,2,PR,1,100,153045
1766633917.767776,55638.000,6968,2,PR,1,100,153053
1766633917.807773,55678.000,6986,3,PR,1,100,153037
1766633917.847770,55718.000,6986,3,PR,1,100,153110
1766633917.887767,55758.000,6986,3,PR,1,100,153234
1766633917.927763,55798.000,7002,2,PR,1,100,153329
1766633917.967760,55838.000,7002,2,PR,1,100,153397
1766633918.007757,55878.000,7017,3,PR,1,100,153466
1766633918.047754,55918.000,7017,3,PR,1,100,153522
1766633918.087750,55958.000,7017,3,PR,1,100,153557
1766633918.127747,55998.000,7033,2,PR,1,100,153548
1766633918.167744,56038.000,7033,2,PR,1,100,153555
1766633918.207741,56078.000,7051,3,PR,1,100,153583
1766633918.247738,56118.000,7051,3,PR,1,100,153606
1766633918.287734,56158.000,7051,3,PR,1,100,153625
1766633918.327731,56198.000,7067,3,PR,1,100,153666
1766633918.367728,56238.000,7067,3,PR,1,100,153705
1766633918.407725,56278.000,7067,3,PR,1,100,153799
1766633918.447721,56318.000,7082,2,PR,1,100,153886
1766633918.487718,56358.000,7082,2,PR,1,100,153970
1766633918.527715,56398.000,7099,3,PR,1,100,154027
1766633918.567712,56438.000,7099,3,PR,1,100,154073
1766633918.607708,56478.000,7099,3,PR,1,100,154079
1766633918.647705,56518.000,7116,2,PR,1,100,154064
1766633918.687702,56558.000,7116,2,PR,1,100,154039
1766633918.727699,56598.000,7132,3,PR,1,100,154079
1766633918.767695,56638.000,7132,3,PR,1,100,154116
1766633918.807692,56678.000,7132,3,PR,1,100,154197
1766633918.854188,56724.500,7149,2,PR,1,100,154250
1766633918.900685,56771.000,7149,2,PR,1,100,154314
1766633918.940681,56811.000,7166,2,PR,1,100,154347
1766633918.980678,56851.000,7166,2,PR,1,100,154397
1766633919.020675,56891.000,7183,3,PR,1,100,154409
1766633919.060672,56931.000,7183,3,PR,1,100,154406
1766633919.100669,56971.000,7183,3,PR,1,100,154396
1766633919.140665,57011.000,7200,3,PR,1,100,154413
1766633919.180662,57051.000,7200,3,PR,1,100,154457
1766633919.220659,57091.000,7200,3,PR,1,100,154507
1766633919.260656,57131.000,7217,2,PR,1,100,154534
1766633919.300653,57171.000,7217,2,PR,1,100,154586
1766633919.340649,57211.000,7231,3,PR,1,100,154612
1766633919.380646,57251.000,7231,3,PR,1,100,154663
1766633919.420643,57291.000,7231,3,PR,1,100,154741
1766633919.460639,57331.000,7248,2,PR,1,100,154849
1766633919.500636,57371.000,7248,2,PR,1,100,154978
1766633919.540633,57411.000,7265,3,PR,1,100,155201
1766633919.580630,57451.000,7265,3,PR,1,100,155396
1766633919.620626,57491.000,7265,3,PR,1,100,155481
1766633919.660623,57531.000,7282,2,PR,1,100,155493
1766633919.700620,57571.000,7282,2,PR,1,100,155469
1766633919.740617,57611.000,7296,3,PR,1,100,155487
1766633919.780614,57651.000,7296,3,PR,1,100,155528
1766633919.820610,57691.000,7296,3,PR,1,100,155558
1766633919.860607,57731.000,7314,2,PR,1,100,155576
1766633919.900604,57771.000,7314,2,PR,1,100,155627
1766633919.940601,57811.000,7330,3,PR,1,100,155618
1766633919.980597,57851.000,7330,3,PR,1,100,155609
1766633920.020594,57891.000,7330,3,PR,1,100,155663
1766633920.060591,57931.000,7347,2,PR,1,100,155698
1766633920.100588,57971.000,7347,2,PR,1,100,155745
1766633920.140584,58011.000,7362,3,PR,1,100,155846
1766633920.180581,58051.000,7362,3,PR,1,100,155861
1766633920.220578,58091.000,7362,3,PR,1,100,155911
1766633920.260575,58131.000,7379,3,PR,1,100,155944
1766633920.300572,58171.000,7379,3,PR,1,100,155986
1766633920.340568,58211.000,7379,3,PR,1,100,156010
1766633920.380565,58251.000,7395,2,PR,1,100,156063
1766633920.420562,58291.000,7395,2,PR,1,100,156101
1766633920.460559,58331.000,7412,3,PR,1,100,156131
1766633920.500556,58371.000,7412,3,PR,1,100,156168
1766633920.540552,58411.000,7412,3,PR,1,100,156190
1766633920.580549,58451.000,7428,2,PR,1,100,156164
1766633920.620546,58491.000,7428,2,PR,1,100,156149
1766633920.660542,58531.000,7444,3,PR,1,100,156148
1766633920.700539,58571.000,7444,3,PR,1,100,156177
1766633920.740536,58611.000,7444,3,PR,1,100,156229
1766633920.780533,58651.000,7460,2,PR,1,100,156263
1766633920.820529,58691.000,7460,2,PR,1,100,156311
1766633920.860526,58731.000,7478,3,PR,1,100,156327
1766633920.900523,58771.000,7478,3,PR,1,100,156331
1766633920.940520,58811.000,7478,3,PR,1,100,156339
1766633920.980517,58851.000,7493,2,PR,1,100,156363
1766633921.020513,58891.000,7493,2,PR,1,100,156393
1766633921.060510,58931.000,7509,3,PR,1,100,156388
1766633921.100507,58971.000,7509,3,PR,1,100,156367
1766633921.140504,59011.000,7509,3,PR,1,100,156351
1766633921.180501,59051.000,7526,2,PR,1,100,156323
1766633921.220497,59091.000,7526,2,PR,1,100,156361
1766633921.260494,59131.000,7543,3,PR,1,100,156391
1766633921.300491,59171.000,7543,3,PR,1,100,156392
1766633921.340487,59211.000,7543,3,PR,1,100,156402
1766633921.380484,59251.000,7559,3,PR,1,100,156414
1766633921.420481,59291.000,7559,3,PR,1,100,156428
1766633921.460478,59331.000,7559,3,PR,1,100,156435
1766633921.500474,59371.000,7575,2,PR,1,100,156446
1766633921.540471,59411.000,7575,2,PR,1,100,156460
1766633921.580468,59451.000,7591,3,PR,1,100,156489
1766633921.620465,59491.000,7591,3,PR,1,100,156500
1766633921.660462,59531.000,7591,3,PR,1,100,156527
1766633921.700458,59571.000,7608,2,PR,1,100,156548
1766633921.740455,59611.000,7608,2,PR,1,100,156583
1766633921.780452,59651.000,7624,3,PR,1,100,156636
1766633921.820449,59691.000,7624,3,PR,1,100,156670
1766633921.860445,59731.000,7624,3,PR,1,100,156707
1766633921.900442,59771.000,7645,2,PR,1,100,156717
1766633921.940439,59811.000,7645,2,PR,1,100,156720
1766633921.980436,59851.000,7661,3,PR,1,100,156718
1766633922.020432,59891.000,7661,3,PR,1,100,156713
1766633922.060429,59931.000,7661,3,PR,1,100,156702
1766633922.100426,59971.000,7678,2,PR,1,100,156710
1766633922.140423,60011.000,7678,2,PR,1,100,156731
1766633922.180419,60051.000,7695,3,PR,1,100,156788
1766633922.220416,60091.000,7695,3,PR,1,100,156781
1766633922.260413,60131.000,7695,3,PR,1,100,156786
1766633922.300410,60171.000,7710,2,PR,1,100,156759
1766633922.340407,60211.000,7710,2,PR,1,100,156792
1766633922.380403,60251.000,7726,3,PR,1,100,156873
1766633922.420400,60291.000,7726,3,PR,1,100,156872
1766633922.460397,60331.000,7726,3,PR,1,100,156843
1766633922.500394,60371.000,7744,3,PR,1,100,156804
1766633922.540390,60411.000,7744,3,PR,1,100,156708
1766633922.580387,60451.000,7744,3,PR,1,100,156747
1766633922.620384,60491.000,7760,2,PR,1,100,156888
1766633922.660381,60531.000,7760,2,PR,1,100,156777
1766633922.700377,60571.000,7778,3,PR,1,100,156931
1766633922.740374,60611.000,7778,3,PR,1,100,157671
1766633922.780371,60651.000,7778,3,PR,1,100,157841
1766633922.820368,60691.000,7794,2,PR,1,100,158234
1766633922.860365,60731.000,7794,2,PR,1,100,158399
1766633922.900361,60771.000,7811,3,PR,1,100,158275
1766633922.940358,60811.000,7811,3,PR,1,100,158149
1766633922.980355,60851.000,7811,3,PR,1,100,157814
1766633923.020352,60891.000,7827,2,PR,1,100,157441
1766633923.060349,60931.000,7827,2,PR,1,100,157690
1766633923.100345,60971.000,7844,3,PR,1,100,157797
1766633923.140342,61011.000,7844,3,PR,1,100,158032
1766633923.180339,61051.000,7844,3,PR,1,100,158207
1766633923.220335,61091.000,7859,2,PR,1,100,158495
1766633923.260332,61131.000,7859,2,PR,1,100,158827
1766633923.300329,61171.000,7876,3,PR,1,100,158629
1766633923.340326,61211.000,7876,3,PR,1,100,158331
1766633923.380322,61251.000,7876,3,PR,1,100,157741
1766633923.420319,61291.000,7892,2,PR,1,100,157134
1766633923.460316,61331.000,7892,2,PR,1,100,156989
1766633923.500313,61371.000,7910,3,PR,1,100,157532
1766633923.540310,61411.000,7910,3,PR,1,100,158194
1766633923.580306,61451.000,7910,3,PR,1,100,158759
1766633923.620303,61491.000,7926,2,PR,1,100,158740
1766633923.660300,61531.000,7926,2,PR,1,100,158743
1766633923.700297,61571.000,7943,3,PR,1,100,158716
1766633923.740294,61611.000,7943,3,PR,1,100,158374
1766633923.780290,61651.000,7943,3,PR,1,100,158441
1766633923.826787,61697.500,7960,2,PR,1,100,158898
1766633923.873283,61744.000,7960,2,PR,1,100,159588
1766633923.913280,61784.000,7979,3,PR,1,100,159945
1766633923.953276,61824.000,7979,3,PR,1,100,159919
1766633923.993273,61864.000,7979,3,PR,1,100,159434
1766633924.033270,61904.000,7993,2,PR,1,100,159014
1766633924.073267,61944.000,7993,2,PR,1,100,159713
1766633924.113263,61984.000,8010,3,PR,1,100,160280
1766633924.153260,62024.000,8010,3,PR,1,100,160402
1766633924.193257,62064.000,8010,3,PR,1,100,160211
1766633924.233253,62104.000,8027,2,PR,1,100,160271
1766633924.273250,62144.000,8027,2,PR,1,100,160142
1766633924.313247,62184.000,8044,3,PR,1,100,159887
1766633924.353244,62224.000,8044,3,PR,1,100,158678
1766633924.393241,62264.000,8044,3,PR,1,100,157278
1766633924.433237,62304.000,8058,2,PR,1,100,157697
1766633924.473234,62344.000,8058,2,PR,1,100,158820
1766633924.513231,62384.000,8078,3,PR,1,100,159573
1766633924.553228,62424.000,8078,3,PR,1,100,159968
1766633924.593225,62464.000,8078,3,PR,1,100,160600
1766633924.633221,62504.000,8095,2,PR,1,100,161166
1766633924.673218,62544.000,8095,2,PR,1,100,159956
1766633924.713215,62584.000,8112,3,PR,1,100,156867
1766633924.753211,62624.000,8112,3,PR,1,100,156762
1766633924.793208,62664.000,8112,3,PR,1,100,158529
1766633924.833205,62704.000,8130,3,PR,1,100,159644
1766633924.873202,62744.000,8130,3,PR,1,100,160404
1766633924.913198,62784.000,8130,3,PR,1,100,161077
1766633924.953195,62824.000,8146,2,PR,1,100,161178
1766633924.993192,62864.000,8146,2,PR,1,100,159324
1766633925.033189,62904.000,8162,3,PR,1,100,157315
1766633925.073186,62944.000,8162,3,PR,1,100,158780
1766633925.113182,62984.000,8162,3,PR,1,100,159897
1766633925.153179,63024.000,8182,2,PR,1,100,160260
1766633925.193176,63064.000,8182,2,PR,1,100,160462
1766633925.233173,63104.000,8198,3,PR,1,100,160781
1766633925.273170,63144.000,8198,3,PR,1,100,161010
1766633925.313166,63184.000,8198,3,PR,1,100,159719
1766633925.353163,63224.000,8213,2,PR,1,100,158755
1766633925.393160,63264.000,8213,2,PR,1,100,159445
1766633925.433156,63304.000,8231,3,PR,1,100,160458
1766633925.473153,63344.000,8231,3,PR,1,100,160986
1766633925.513150,63384.000,8231,3,PR,1,100,161087
1766633925.553147,63424.000,8249,2,PR,1,100,160460
1766633925.593143,63464.000,8249,2,PR,1,100,157896
1766633925.633140,63504.000,8265,3,PR,1,100,156335
1766633925.673137,63544.000,8265,3,PR,1,100,157338
1766633925.713134,63584.000,8265,3,PR,1,100,158703
1766633925.753131,63624.000,8282,3,PR,1,100,160054
1766633925.793127,63664.000,8282,3,PR,1,100,160197
1766633925.833124,63704.000,8282,3,PR,1,100,160325
1766633925.873121,63744.000,8299,2,PR,1,100,158276
1766633925.913118,63784.000,8299,2,PR,1,100,155475
1766633925.953115,63824.000,8316,3,PR,1,100,155725
1766633925.993111,63864.000,8316,3,PR,1,100,156726
1766633926.033108,63904.000,8316,3,PR,1,100,158158
1766633926.073105,63944.000,8334,2,PR,1,100,159314
1766633926.113101,63984.000,8334,2,PR,1,100,159414
1766633926.153098,64024.000,8352,3,PR,1,100,158893
1766633926.193095,64064.000,8352,3,PR,1,100,156081
1766633926.233092,64104.000,8352,3,PR,1,100,152298
1766633926.273089,64144.000,8368,2,PR,1,100,153119
1766633926.313085,64184.000,8368,2,PR,1,100,155438
1766633926.353082,64224.000,8385,3,PR,1,100,156206
1766633926.393079,64264.000,8385,3,PR,1,100,156253
1766633926.433076,64304.000,8385,3,PR,1,100,155702
1766633926.473073,64344.000,8403,2,PR,1,100,155094
1766633926.513069,64384.000,8403,2,PR,1,100,155246
1766633926.553066,64424.000,8421,3,PR,1,100,155664
1766633926.593063,64464.000,8421,3,PR,1,100,156243
1766633926.633060,64504.000,8421,3,PR,1,100,156717
1766633926.673056,64544.000,8437,2,PR,1,100,157187
1766633926.713053,64584.000,8437,2,PR,1,100,157513
1766633926.753050,64624.000,8454,3,PR,1,100,157640
1766633926.793046,64664.000,8454,3,PR,1,100,157751
1766633926.833043,64704.000,8454,3,PR,1,100,157853
1766633926.873040,64744.000,8471,2,PR,1,100,157911
1766633926.913037,64784.000,8471,2,PR,1,100,157853
1766633926.953034,64824.000,8487,3,PR,1,100,157852
1766633926.993030,64864.000,8487,3,PR,1,100,157785
1766633927.033027,64904.000,8487,3,PR,1,100,157714
1766633927.073024,64944.000,8507,3,PR,1,100,157697
1766633927.113021,64984.000,8507,3,PR,1,100,157645
1766633927.153018,65024.000,8507,3,PR,1,100,157688
1766633927.193014,65064.000,8525,2,PR,1,100,157708
1766633927.233011,65104.000,8525,2,PR,1,100,157699
1766633927.273008,65144.000,8541,3,PR,1,100,157721
1766633927.313004,65184.000,8541,3,PR,1,100,157692
1766633927.353001,65224.000,8541,3,PR,1,100,157688
1766633927.392998,65264.000,8558,2,PR,1,100,157843
1766633927.432995,65304.000,8558,2,PR,1,100,157944
1766633927.472991,65344.000,8573,3,PR,1,100,158011
1766633927.512988,65384.000,8573,3,PR,1,100,158026
1766633927.552985,65424.000,8573,3,PR,1,100,158032
1766633927.592982,65464.000,8590,2,PR,1,100,157999
1766633927.632979,65504.000,8590,2,PR,1,100,157962
1766633927.672975,65544.000,8606,3,PR,1,100,158021
1766633927.712972,65584.000,8606,3,PR,1,100,158085
1766633927.752969,65624.000,8606,3,PR,1,100,158149
1766633927.792966,65664.000,8623,2,PR,1,100,158252
1766633927.832963,65704.000,8623,2,PR,1,100,158332
1766633927.872959,65744.000,8638,3,PR,1,100,158489
1766633927.912956,65784.000,8638,3,PR,1,100,158718
1766633927.952953,65824.000,8638,3,PR,1,100,158968
1766633927.992450,65863.500,8655,2,PR,1,100,159053
1766633928.031946,65903.000,8655,2,PR,1,100,159057
1766633928.071943,65943.000,8671,3,PR,1,100,159046
1766633928.111940,65983.000,8671,3,PR,1,100,159081
1766633928.151937,66023.000,8671,3,PR,1,100,159128
1766633928.191933,66063.000,8689,2,PR,1,100,158983
1766633928.231930,66103.000,8689,2,PR,1,100,159004
1766633928.272260,66143.333,8703,3,PR,1,100,159252
1766633928.312590,66183.667,8703,3,PR,1,100,159131
1766633928.352920,66224.000,8703,3,PR,1,100,159485
1766633928.392917,66264.000,8720,3,PR,1,100,159515
1766633928.432914,66304.000,8720,3,PR,1,100,159313
1766633928.472911,66344.000,8720,3,PR,1,100,159109
1766633928.512908,66384.000,8737,2,PR,1,100,158998
1766633928.552904,66424.000,8737,2,PR,1,100,158821
1766633928.599401,66470.500,8754,2,PR,1,100,158717
1766633928.645897,66517.000,8754,2,PR,1,100,158765
1766633928.685894,66557.000,8768,3,PR,1,100,158901
1766633928.725890,66597.000,8768,3,PR,1,100,159016
1766633928.765887,66637.000,8768,3,PR,1,100,159094
1766633928.805884,66677.000,8787,2,PR,1,100,159189
1766633928.845881,66717.000,8787,2,PR,1,100,159236
1766633928.885877,66757.000,8806,3,PR,1,100,159340
1766633928.925874,66797.000,8806,3,PR,1,100,159495
1766633928.965871,66837.000,8806,3,PR,1,100,159611
1766633929.005868,66877.000,8823,2,PR,1,100,159741
1766633929.045864,66917.000,8823,2,PR,1,100,159856
1766633929.085861,66957.000,8838,3,PR,1,100,159877
1766633929.125858,66997.000,8838,3,PR,1,100,159820
1766633929.165855,67037.000,8838,3,PR,1,100,159651
1766633929.205851,67077.000,8855,3,PR,1,100,159370
1766633929.245848,67117.000,8855,3,PR,1,100,159151
1766633929.285845,67157.000,8855,3,PR,1,100,159266
1766633929.325842,67197.000,8871,2,PR,1,100,159377
1766633929.365839,67237.000,8871,2,PR,1,100,159331
1766633929.405835,67277.000,8888,3,PR,1,100,159133
1766633929.445832,67317.000,8888,3,PR,1,100,158834
1766633929.485829,67357.000,8888,3,PR,1,100,158736
1766633929.525826,67397.000,8905,2,PR,1,100,158807
1766633929.565822,67437.000,8905,2,PR,1,100,158912
1766633929.605819,67477.000,8920,3,PR,1,100,158970
1766633929.645816,67517.000,8920,3,PR,1,100,159041
1766633929.685813,67557.000,8920,3,PR,1,100,159077
1766633929.725809,67597.000,8938,2,PR,1,100,159039
1766633929.765806,67637.000,8938,2,PR,1,100,159069
1766633929.805803,67677.000,8956,3,PR,1,100,159197
1766633929.845800,67717.000,8956,3,PR,1,100,159417
1766633929.885797,67757.000,8956,3,PR,1,100,159535
1766633929.925793,67797.000,8972,2,PR,1,100,159333
1766633929.965790,67837.000,8972,2,PR,1,100,158944
1766633930.005787,67877.000,8987,3,PR,1,100,158830
1766633930.045784,67917.000,8987,3,PR,1,100,158906
1766633930.085780,67957.000,8987,3,PR,1,100,159073
1766633930.125777,67997.000,9003,2,PR,1,100,159181
1766633930.165774,68037.000,9003,2,PR,1,100,159331
1766633930.205770,68077.000,9023,3,PR,1,100,159403
1766633930.245767,68117.000,9023,3,PR,1,100,159463
1766633930.285764,68157.000,9023,3,PR,1,100,159456
1766633930.325761,68197.000,9039,2,PR,1,100,159474
1766633930.365758,68237.000,9039,2,PR,1,100,159448
1766633930.405754,68277.000,9054,3,PR,1,100,159504
1766633930.445751,68317.000,9054,3,PR,1,100,159491
1766633930.485748,68357.000,9054,3,PR,1,100,159493
1766633930.525745,68397.000,9071,3,PR,1,100,159558
1766633930.565742,68437.000,9071,3,PR,1,100,159695
1766633930.605738,68477.000,9071,3,PR,1,100,159798
1766633930.645735,68517.000,9088,2,PR,1,100,159921
1766633930.685732,68557.000,9088,2,PR,1,100,160036
1766633930.725729,68597.000,9104,3,PR,1,100,160047
1766633930.765725,68637.000,9104,3,PR,1,100,159902
1766633930.805722,68677.000,9104,3,PR,1,100,159386
1766633930.845719,68717.000,9120,2,PR,1,100,159403
1766633930.885715,68757.000,9120,2,PR,1,100,159484
1766633930.925712,68797.000,9136,3,PR,1,100,159566
1766633930.965709,68837.000,9136,3,PR,1,100,159808
1766633931.005706,68877.000,9136,3,PR,1,100,159973
1766633931.045703,68917.000,9155,2,PR,1,100,160003
1766633931.085699,68957.000,9155,2,PR,1,100,159880
1766633931.125696,68997.000,9171,3,PR,1,100,159530
1766633931.165693,69037.000,9171,3,PR,1,100,159308
1766633931.205690,69077.000,9171,3,PR,1,100,159406
1766633931.245687,69117.000,9188,2,PR,1,100,159496
1766633931.285683,69157.000,9188,2,PR,1,100,159442
1766633931.325347,69196.667,9203,3,PR,1,100,159525
1766633931.365010,69236.333,9203,3,PR,1,100,159568
1766633931.404674,69276.000,9203,3,PR,1,100,159567
1766633931.444670,69316.000,9222,2,PR,1,100,159522
1766633931.484667,69356.000,9222,2,PR,1,100,159419
1766633931.524997,69396.333,9239,3,PR,1,100,159379
1766633931.565327,69436.667,9239,3,PR,1,100,159415
1766633931.605657,69477.000,9239,3,PR,1,100,159590
1766633931.645654,69517.000,9256,2,PR,1,100,159702
1766633931.685651,69557.000,9256,2,PR,1,100,159674
1766633931.725648,69597.000,9270,3,PR,1,100,159564
1766633931.765644,69637.000,9270,3,PR,1,100,159467
1766633931.805641,69677.000,9270,3,PR,1,100,159395
1766633931.845638,69717.000,9288,2,PR,1,100,159450
1766633931.885635,69757.000,9288,2,PR,1,100,159505
1766633931.925298,69796.667,9304,3,PR,1,100,159482
1766633931.964962,69836.333,9304,3,PR,1,100,159440
1766633932.004625,69876.000,9304,3,PR,1,100,159465
1766633932.044622,69916.000,9323,3,PR,1,100,159496
1766633932.084619,69956.000,9323,3,PR,1,100,159500
1766633932.124615,69996.000,9323,3,PR,1,100,159538
1766633932.164612,70036.000,9342,4,PR,1,100,159532
1766633932.204609,70076.000,9342,4,PR,1,100,159426
1766633932.244606,70116.000,9342,4,PR,1,100,159360
1766633932.284602,70156.000,9342,4,PR,1,100,159311
1766633932.324599,70196.000,9358,3,PR,1,100,159293
1766633932.364596,70236.000,9358,3,PR,1,100,159278
1766633932.404593,70276.000,9358,3,PR,1,100,159261
1766633932.444590,70316.000,9373,2,PR,1,100,159250
1766633932.484586,70356.000,9373,2,PR,1,100,159232
1766633932.524583,70396.000,9390,3,PR,1,100,159279
1766633932.564580,70436.000,9390,3,PR,1,100,159323
1766633932.604577,70476.000,9390,3,PR,1,100,159341
1766633932.644573,70516.000,9409,2,PR,1,100,159310
1766633932.684570,70556.000,9409,2,PR,1,100,159291
1766633932.724567,70596.000,9425,3,PR,1,100,159304
1766633932.764564,70636.000,9425,3,PR,1,100,159265
1766633932.804560,70676.000,9425,3,PR,1,100,159253
1766633932.844557,70716.000,9443,2,PR,1,100,159213
1766633932.884554,70756.000,9443,2,PR,1,100,159222
1766633932.924551,70796.000,9459,3,PR,1,100,159255
1766633932.964547,70836.000,9459,3,PR,1,100,159315
1766633933.004544,70876.000,9459,3,PR,1,100,159384
1766633933.044541,70916.000,9476,2,PR,1,100,159442
1766633933.084538,70956.000,9476,2,PR,1,100,159407
1766633933.124535,70996.000,9493,3,PR,1,100,159278
1766633933.164531,71036.000,9493,3,PR,1,100,159204
1766633933.204528,71076.000,9493,3,PR,1,100,159164
1766633933.244525,71116.000,9510,3,PR,1,100,159135
1766633933.284522,71156.000,9510,3,PR,1,100,159122
1766633933.324518,71196.000,9510,3,PR,1,100,159135
1766633933.364515,71236.000,9524,2,PR,1,100,159159
1766633933.404512,71276.000,9524,2,PR,1,100,159166
1766633933.451508,71323.000,9541,2,PR,1,100,159155
1766633933.498504,71370.000,9541,2,PR,1,100,159116
1766633933.538501,71410.000,9558,3,PR,1,100,159045
1766633933.578498,71450.000,9558,3,PR,1,100,159005
1766633933.618495,71490.000,9558,3,PR,1,100,159129
1766633933.658491,71530.000,9575,2,PR,1,100,159147
1766633933.698488,71570.000,9575,2,PR,1,100,159159
1766633933.738485,71610.000,9591,3,PR,1,100,159086
1766633933.778482,71650.000,9591,3,PR,1,100,159117
1766633933.818478,71690.000,9591,3,PR,1,100,159126
1766633933.858475,71730.000,9609,2,PR,1,100,159178
1766633933.898472,71770.000,9609,2,PR,1,100,159161
1766633933.938469,71810.000,9627,3,PR,1,100,159041
1766633933.978466,71850.000,9627,3,PR,1,100,158923
1766633934.018462,71890.000,9627,3,PR,1,100,158830
1766633934.058459,71930.000,9644,2,PR,1,100,158786
1766633934.098456,71970.000,9644,2,PR,1,100,158829
1766633934.138453,72010.000,9659,3,PR,1,100,158728
1766633934.178449,72050.000,9659,3,PR,1,100,158749
1766633934.218446,72090.000,9659,3,PR,1,100,159111
1766633934.258443,72130.000,9678,3,PR,1,100,158841
1766633934.298440,72170.000,9678,3,PR,1,100,157763
1766633934.338436,72210.000,9678,3,PR,1,100,157290
1766633934.377933,72249.500,9694,2,PR,1,100,157125
1766633934.417430,72289.000,9694,2,PR,1,100,157415
1766633934.457427,72329.000,9712,3,PR,1,100,157529
1766633934.497423,72369.000,9712,3,PR,1,100,156725
1766633934.537420,72409.000,9712,3,PR,1,100,155239
1766633934.577917,72449.500,9729,2,PR,1,100,152377
1766633934.618414,72490.000,9729,2,PR,1,100,151656
1766633934.658077,72529.667,9746,3,PR,1,100,152692
1766633934.697741,72569.333,9746,3,PR,1,100,154331
1766633934.737404,72609.000,9746,3,PR,1,100,155221
1766633934.777401,72649.000,9763,2,PR,1,100,154829
1766633934.817398,72689.000,9763,2,PR,1,100,154057
1766633934.857394,72729.000,9783,3,PR,1,100,154457
1766633934.897391,72769.000,9783,3,PR,1,100,155833
1766633934.937388,72809.000,9783,3,PR,1,100,157004
1766633934.977885,72849.500,9798,2,PR,1,100,157635
1766633935.018381,72890.000,9798,2,PR,1,100,157338
1766633935.058378,72930.000,9815,3,PR,1,100,157135
1766633935.098375,72970.000,9815,3,PR,1,100,156023
1766633935.138372,73010.000,9815,3,PR,1,100,155084
1766633935.178369,73050.000,9832,2,PR,1,100,155586
1766633935.218365,73090.000,9832,2,PR,1,100,156524
1766633935.258029,73129.667,9853,3,PR,1,100,157478
1766633935.297692,73169.333,9853,3,PR,1,100,157552
1766633935.337356,73209.000,9853,3,PR,1,100,156854
1766633935.377352,73249.000,9869,3,PR,1,100,155747
1766633935.417349,73289.000,9869,3,PR,1,100,154802
1766633935.457346,73329.000,9869,3,PR,1,100,154862
1766633935.497343,73369.000,9887,2,PR,1,100,155613
1766633935.537339,73409.000,9887,2,PR,1,100,156258
1766633935.577336,73449.000,9906,3,PR,1,100,156514
1766633935.617333,73489.000,9906,3,PR,1,100,155743
1766633935.657330,73529.000,9906,3,PR,1,100,154236
1766633935.697326,73569.000,9925,2,PR,1,100,153776
1766633935.737323,73609.000,9925,2,PR,1,100,154312
1766633935.777320,73649.000,9941,3,PR,1,100,154986
1766633935.817317,73689.000,9941,3,PR,1,100,155740
1766633935.857314,73729.000,9941,3,PR,1,100,155867
1766633935.897310,73769.000,9959,2,PR,1,100,155786
1766633935.937307,73809.000,9959,2,PR,1,100,154423
1766633935.977304,73849.000,9975,3,PR,1,100,153117
1766633936.017301,73889.000,9975,3,PR,1,100,154018
1766633936.057297,73929.000,9975,3,PR,1,100,155063
1766633936.097294,73969.000,9994,2,PR,1,100,156137
1766633936.137291,74009.000,9994,2,PR,1,100,156309
1766633936.177288,74049.000,10012,3,PR,1,100,156279
1766633936.217284,74089.000,10012,3,PR,1,100,154758
1766633936.257281,74129.000,10012,3,PR,1,100,153198
1766633936.297278,74169.000,10027,2,PR,1,100,153714
1766633936.337275,74209.000,10027,2,PR,1,100,155004
1766633936.377271,74249.000,10045,3,PR,1,100,156586
1766633936.417268,74289.000,10045,3,PR,1,100,157166
1766633936.457265,74329.000,10045,3,PR,1,100,157224
1766633936.497262,74369.000,10063,2,PR,1,100,156281
1766633936.537259,74409.000,10063,2,PR,1,100,154887
1766633936.577255,74449.000,10081,3,PR,1,100,154734
1766633936.617252,74489.000,10081,3,PR,1,100,154857
1766633936.657249,74529.000,10081,3,PR,1,100,155380
1766633936.697579,74569.333,10097,3,PR,1,100,155534
1766633936.737909,74609.667,10097,3,PR,1,100,155425
1766633936.778239,74650.000,10097,3,PR,1,100,154376
1766633936.817736,74689.500,10112,2,PR,1,100,152346
1766633936.857233,74729.000,10112,2,PR,1,100,151772
1766633936.897229,74769.000,10130,3,PR,1,100,152573
1766633936.937226,74809.000,10130,3,PR,1,100,153545
1766633936.977223,74849.000,10130,3,PR,1,100,154139
1766633937.017220,74889.000,10147,2,PR,1,100,153866
1766633937.057216,74929.000,10147,2,PR,1,100,152537
1766633937.097213,74969.000,10163,3,PR,1,100,150851
1766633937.137210,75009.000,10163,3,PR,1,100,151117
1766633937.177207,75049.000,10163,3,PR,1,100,152039
1766633937.217204,75089.000,10181,2,PR,1,100,153283
1766633937.257200,75129.000,10181,2,PR,1,100,153553
1766633937.297197,75169.000,10207,3,PR,1,100,152713
1766633937.337194,75209.000,10207,3,PR,1,100,151533
1766633937.377191,75249.000,10207,3,PR,1,100,150893
1766633937.417187,75289.000,10223,3,PR,1,100,151867
1766633937.457184,75329.000,10223,3,PR,1,100,152950
1766633937.497181,75369.000,10223,3,PR,1,100,154093
1766633937.537178,75409.000,10243,2,PR,1,100,153796
1766633937.577174,75449.000,10243,2,PR,1,100,152664
1766633937.617171,75489.000,10257,3,PR,1,100,151290
1766633937.657168,75529.000,10257,3,PR,1,100,151411
1766633937.697165,75569.000,10257,3,PR,1,100,151847
1766633937.737162,75609.000,10274,2,PR,1,100,152225
1766633937.777158,75649.000,10274,2,PR,1,100,152942
1766633937.817155,75689.000,10293,3,PR,1,100,153391
1766633937.857152,75729.000,10293,3,PR,1,100,153044
1766633937.897149,75769.000,10293,3,PR,1,100,151766
1766633937.937145,75809.000,10310,2,PR,1,100,151237
1766633937.977142,75849.000,10310,2,PR,1,100,152278
1766633938.017139,75889.000,10329,3,PR,1,100,153652
1766633938.057136,75929.000,10329,3,PR,1,100,153921
1766633938.097132,75969.000,10329,3,PR,1,100,152623
1766633938.137129,76009.000,10345,2,PR,1,100,151227
1766633938.177126,76049.000,10345,2,PR,1,100,150738
1766633938.217123,76089.000,10362,3,PR,1,100,151083
1766633938.257119,76129.000,10362,3,PR,1,100,151338
1766633938.297116,76169.000,10362,3,PR,1,100,151325
1766633938.343612,76215.500,10379,2,PR,1,100,148191
1766633938.390109,76262.000,10379,2,PR,1,100,146995
1766633938.430105,76302.000,10394,3,PR,1,100,146452
1766633938.470102,76342.000,10394,3,PR,1,100,150857
1766633938.510099,76382.000,10394,3,PR,1,100,150788
1766633938.550596,76422.500,10413,2,PR,1,100,150188
1766633938.591093,76463.000,10413,2,PR,1,100,150368
1766633938.631089,76503.000,10429,3,PR,1,100,150369
1766633938.671086,76543.000,10429,3,PR,1,100,149681
1766633938.711083,76583.000,10429,3,PR,1,100,148298
1766633938.750580,76622.500,10446,2,PR,1,100,149256
1766633938.790076,76662.000,10446,2,PR,1,100,150351
1766633938.830406,76702.333,10465,3,PR,1,100,151525
1766633938.870737,76742.667,10465,3,PR,1,100,151196
1766633938.911067,76783.000,10465,3,PR,1,100,150933
1766633938.951063,76823.000,10482,2,PR,1,100,150164
1766633938.991060,76863.000,10482,2,PR,1,100,149957
1766633939.030724,76902.667,10501,3,PR,1,100,150163
1766633939.070387,76942.333,10501,3,PR,1,100,150323
1766633939.110050,76982.000,10501,3,PR,1,100,149683
1766633939.150047,77022.000,10519,2,PR,1,100,148747
1766633939.190044,77062.000,10519,2,PR,1,100,148208
1766633939.230041,77102.000,10535,3,PR,1,100,148990
1766633939.270038,77142.000,10535,3,PR,1,100,150282
1766633939.310034,77182.000,10535,3,PR,1,100,151819
1766633939.350031,77222.000,10554,3,PR,1,100,151781
1766633939.390028,77262.000,10554,3,PR,1,100,151080
1766633939.430025,77302.000,10554,3,PR,1,100,149524
1766633939.470021,77342.000,10570,2,PR,1,100,148447
1766633939.510018,77382.000,10570,2,PR,1,100,150056
1766633939.550015,77422.000,10590,3,PR,1,100,152315
1766633939.590012,77462.000,10590,3,PR,1,100,153855
1766633939.630008,77502.000,10590,3,PR,1,100,154442
1766633939.670005,77542.000,10607,2,PR,1,100,153958
1766633939.710002,77582.000,10607,2,PR,1,100,151681
1766633939.749999,77622.000,10622,3,PR,1,100,150227
1766633939.789995,77662.000,10622,3,PR,1,100,149973
1766633939.829992,77702.000,10622,3,PR,1,100,149420
1766633939.869989,77742.000,10639,2,PR,1,100,148944
1766633939.909986,77782.000,10639,2,PR,1,100,148246
1766633939.949983,77822.000,10656,3,PR,1,100,148022
1766633939.989979,77862.000,10656,3,PR,1,100,147237
1766633940.029976,77902.000,10656,3,PR,1,100,145204
1766633940.069973,77942.000,10672,2,PR,1,100,145443
1766633940.109970,77982.000,10672,2,PR,1,100,146305
1766633940.150300,78022.333,10688,3,PR,1,100,146865
1766633940.190630,78062.667,10688,3,PR,1,100,146575
1766633940.230960,78103.000,10688,3,PR,1,100,146209
1766633940.270457,78142.500,10706,2,PR,1,100,144656
1766633940.309953,78182.000,10706,2,PR,1,100,145390
1766633940.349950,78222.000,10723,3,PR,1,100,145473
1766633940.389947,78262.000,10723,3,PR,1,100,146184
1766633940.429944,78302.000,10723,3,PR,1,100,147987
1766633940.469940,78342.000,10741,2,PR,1,100,148971
1766633940.509937,78382.000,10741,2,PR,1,100,148360
1766633940.549934,78422.000,10758,3,PR,1,100,147905
1766633940.589931,78462.000,10758,3,PR,1,100,148274
1766633940.629928,78502.000,10758,3,PR,1,100,148813
1766633940.669924,78542.000,10773,2,PR,1,100,149599
1766633940.709921,78582.000,10773,2,PR,1,100,150957
1766633940.749918,78622.000,10790,3,PR,1,100,151685
1766633940.789915,78662.000,10790,3,PR,1,100,151751
1766633940.829911,78702.000,10790,3,PR,1,100,151470
1766633940.869908,78742.000,10807,3,PR,1,100,151101
1766633940.909905,78782.000,10807,3,PR,1,100,150769
1766633940.949902,78822.000,10807,3,PR,1,100,150474
1766633940.989898,78862.000,10824,2,PR,1,100,150255
1766633941.029895,78902.000,10824,2,PR,1,100,150022
1766633941.069892,78942.000,10838,3,PR,1,100,149937
1766633941.109889,78982.000,10838,3,PR,1,100,149919
1766633941.149886,79022.000,10838,3,PR,1,100,149945
1766633941.190382,79062.500,10856,2,PR,1,100,149901
1766633941.230879,79103.000,10856,2,PR,1,100,149795
1766633941.270542,79142.667,10872,3,PR,1,100,149441
1766633941.310206,79182.333,10872,3,PR,1,100,149215
1766633941.349869,79222.000,10872,3,PR,1,100,149120
1766633941.389866,79262.000,10889,2,PR,1,100,148970
1766633941.429863,79302.000,10889,2,PR,1,100,148784
1766633941.469860,79342.000,10904,3,PR,1,100,148711
1766633941.509856,79382.000,10904,3,PR,1,100,148695
1766633941.549853,79422.000,10904,3,PR,1,100,148629
1766633941.589850,79462.000,10921,2,PR,1,100,148479
1766633941.629847,79502.000,10921,2,PR,1,100,148334
1766633941.669843,79542.000,10937,3,PR,1,100,148429
1766633941.709840,79582.000,10937,3,PR,1,100,148684
1766633941.749837,79622.000,10937,3,PR,1,100,148859
1766633941.789834,79662.000,10956,2,PR,1,100,148950
1766633941.829831,79702.000,10956,2,PR,1,100,148931
1766633941.869827,79742.000,10971,3,PR,1,100,148913
1766633941.909824,79782.000,10971,3,PR,1,100,148956
1766633941.949821,79822.000,10971,3,PR,1,100,148938
1766633941.989818,79862.000,10988,3,PR,1,100,148928
1766633942.029814,79902.000,10988,3,PR,1,100,148816
1766633942.069811,79942.000,10988,3,PR,1,100,148657
1766633942.109808,79982.000,11004,2,PR,1,100,148576
1766633942.149805,80022.000,11004,2,PR,1,100,148844
1766633942.189801,80062.000,11022,3,PR,1,100,147582
1766633942.229798,80102.000,11022,3,PR,1,100,144438
1766633942.269795,80142.000,11022,3,PR,1,100,144035
1766633942.309792,80182.000,11036,2,PR,1,100,145447
1766633942.349788,80222.000,11036,2,PR,1,100,144756
1766633942.389785,80262.000,11058,3,PR,1,100,141881
1766633942.429782,80302.000,11058,3,PR,1,100,139874
1766633942.469779,80342.000,11058,3,PR,1,100,138784
1766633942.509776,80382.000,11075,3,PR,1,100,140750
1766633942.549772,80422.000,11075,3,PR,1,100,139087
1766633942.589769,80462.000,11075,3,PR,1,100,136988
1766633942.629766,80502.000,11092,2,PR,1,100,135983
1766633942.669763,80542.000,11092,2,PR,1,100,136031
1766633942.709759,80582.000,11110,3,PR,1,100,138224
1766633942.749756,80622.000,11110,3,PR,1,100,138044
1766633942.789753,80662.000,11110,3,PR,1,100,137858
1766633942.829750,80702.000,11126,2,PR,1,100,137544
1766633942.869746,80742.000,11126,2,PR,1,100,137226
1766633942.909743,80782.000,11142,3,PR,1,100,137211
1766633942.949740,80822.000,11142,3,PR,1,100,137201
1766633942.989737,80862.000,11142,3,PR,1,100,137077
1766633943.029733,80902.000,11159,2,PR,1,100,137126
1766633943.069730,80942.000,11159,2,PR,1,100,136950
1766633943.109727,80982.000,11175,3,PR,1,100,136585
1766633943.149724,81022.000,11175,3,PR,1,100,136761
1766633943.189721,81062.000,11175,3,PR,1,100,137260
1766633943.236217,81108.500,11193,2,PR,1,100,137830
1766633943.282713,81155.000,11193,2,PR,1,100,138326
1766633943.322710,81195.000,11209,3,PR,1,100,138590
1766633943.362707,81235.000,11209,3,PR,1,100,138833
1766633943.402703,81275.000,11209,3,PR,1,100,139148
1766633943.442700,81315.000,11226,2,PR,1,100,139530
1766633943.482697,81355.000,11226,2,PR,1,100,139950
1766633943.522694,81395.000,11243,3,PR,1,100,140317
1766633943.562690,81435.000,11243,3,PR,1,100,140627
1766633943.602687,81475.000,11243,3,PR,1,100,140855
1766633943.642684,81515.000,11258,2,PR,1,100,141197
1766633943.682681,81555.000,11258,2,PR,1,100,141426
1766633943.722677,81595.000,11274,3,PR,1,100,141643
1766633943.762674,81635.000,11274,3,PR,1,100,141697
1766633943.802671,81675.000,11274,3,PR,1,100,141713
1766633943.842668,81715.000,11292,2,PR,1,100,141780
1766633943.882665,81755.000,11292,2,PR,1,100,141895
1766633943.922661,81795.000,11310,3,PR,1,100,141889
1766633943.962658,81835.000,11310,3,PR,1,100,142099
1766633944.002655,81875.000,11310,3,PR,1,100,142324
1766633944.042652,81915.000,11326,2,PR,1,100,142515
1766633944.082648,81955.000,11326,2,PR,1,100,142663
1766633944.122645,81995.000,11342,3,PR,1,100,142777
1766633944.162642,82035.000,11342,3,PR,1,100,142960
1766633944.202639,82075.000,11342,3,PR,1,100,143105
1766633944.242635,82115.000,11359,2,PR,1,100,143257
1766633944.282632,82155.000,11359,2,PR,1,100,143431
1766633944.322629,82195.000,11375,3,PR,1,100,143573
1766633944.362626,82235.000,11375,3,PR,1,100,143927
1766633944.402622,82275.000,11375,3,PR,1,100,144319
1766633944.442619,82315.000,11392,2,PR,1,100,144621
1766633944.482616,82355.000,11392,2,PR,1,100,144903
1766633944.522613,82395.000,11407,3,PR,1,100,144951
1766633944.562610,82435.000,11407,3,PR,1,100,144609
1766633944.602606,82475.000,11407,3,PR,1,100,144322
1766633944.642603,82515.000,11424,3,PR,1,100,144281
1766633944.682600,82555.000,11424,3,PR,1,100,144421
1766633944.722597,82595.000,11424,3,PR,1,100,144780
1766633944.762594,82635.000,11440,2,PR,1,100,145447
1766633944.802590,82675.000,11440,2,PR,1,100,146385
1766633944.842587,82715.000,11458,3,PR,1,100,147276
1766633944.882584,82755.000,11458,3,PR,1,100,147748
1766633944.922580,82795.000,11458,3,PR,1,100,148150
1766633944.962577,82835.000,11472,2,PR,1,100,148511
1766633945.002574,82875.000,11472,2,PR,1,100,148712
1766633945.042571,82915.000,11489,3,PR,1,100,148726
1766633945.082567,82955.000,11489,3,PR,1,100,148742
1766633945.122564,82995.000,11489,3,PR,1,100,148781
1766633945.162561,83035.000,11506,2,PR,1,100,148815
1766633945.202558,83075.000,11506,2,PR,1,100,148937
1766633945.242555,83115.000,11523,3,PR,1,100,148935
1766633945.282551,83155.000,11523,3,PR,1,100,148940
1766633945.322548,83195.000,11523,3,PR,1,100,149045
1766633945.362545,83235.000,11537,2,PR,1,100,149155
1766633945.402542,83275.000,11537,2,PR,1,100,149265
1766633945.442538,83315.000,11554,3,PR,1,100,149468
1766633945.482535,83355.000,11554,3,PR,1,100,149651
1766633945.522532,83395.000,11554,3,PR,1,100,149694
1766633945.562529,83435.000,11571,2,PR,1,100,149683
1766633945.602525,83475.000,11571,2,PR,1,100,149761
1766633945.642522,83515.000,11588,3,PR,1,100,149815
1766633945.682519,83555.000,11588,3,PR,1,100,149893
1766633945.722516,83595.000,11588,3,PR,1,100,150032
1766633945.762512,83635.000,11602,2,PR,1,100,150088
1766633945.802509,83675.000,11602,2,PR,1,100,150100
1766633945.842506,83715.000,11620,3,PR,1,100,150222
1766633945.882503,83755.000,11620,3,PR,1,100,150343
1766633945.922500,83795.000,11620,3,PR,1,100,150460
1766633945.962496,83835.000,11636,3,PR,1,100,150644
1766633946.002493,83875.000,11636,3,PR,1,100,150822
1766633946.042490,83915.000,11636,3,PR,1,100,150961
1766633946.082487,83955.000,11653,2,PR,1,100,151038
1766633946.122483,83995.000,11653,2,PR,1,100,151112
1766633946.162480,84035.000,11669,3,PR,1,100,151173
1766633946.202477,84075.000,11669,3,PR,1,100,151172
1766633946.242474,84115.000,11669,3,PR,1,100,151180
1766633946.282470,84155.000,11685,2,PR,1,100,151214
1766633946.322467,84195.000,11685,2,PR,1,100,151254
1766633946.362464,84235.000,11701,3,PR,1,100,151310
1766633946.402461,84275.000,11701,3,PR,1,100,151385
1766633946.442458,84315.000,11701,3,PR,1,100,151430
1766633946.482454,84355.000,11719,2,PR,1,100,151514
1766633946.522451,84395.000,11719,2,PR,1,100,151613
1766633946.562448,84435.000,11735,3,PR,1,100,151677
1766633946.602445,84475.000,11735,3,PR,1,100,151699
1766633946.642441,84515.000,11735,3,PR,1,100,151707
1766633946.682438,84555.000,11750,2,PR,1,100,151758
1766633946.722435,84595.000,11750,2,PR,1,100,151809
1766633946.762432,84635.000,11766,3,PR,1,100,151765
1766633946.802428,84675.000,11766,3,PR,1,100,151776
1766633946.842425,84715.000,11766,3,PR,1,100,151800
1766633946.882422,84755.000,11784,2,PR,1,100,151822
1766633946.922419,84795.000,11784,2,PR,1,100,151834
1766633946.962415,84835.000,11800,3,PR,1,100,151879
1766633947.002412,84875.000,11800,3,PR,1,100,151915
1766633947.042409,84915.000,11800,3,PR,1,100,151933
1766633947.082406,84955.000,11815,2,PR,1,100,151893
1766633947.122403,84995.000,11815,2,PR,1,100,151872
1766633947.162399,85035.000,11832,3,PR,1,100,151889
1766633947.202396,85075.000,11832,3,PR,1,100,151884
1766633947.242393,85115.000,11832,3,PR,1,100,151860
1766633947.282390,85155.000,11849,3,PR,1,100,151875
1766633947.322387,85195.000,11849,3,PR,1,100,151902
1766633947.362383,85235.000,11849,3,PR,1,100,151907
1766633947.402380,85275.000,11865,2,PR,1,100,151867
1766633947.442377,85315.000,11865,2,PR,1,100,151865
1766633947.482373,85355.000,11886,3,PR,1,100,151847
1766633947.522370,85395.000,11886,3,PR,1,100,151894
1766633947.562367,85435.000,11886,3,PR,1,100,151899
1766633947.602364,85475.000,11902,3,PR,1,100,151875
1766633947.642360,85515.000,11902,3,PR,1,100,151877
1766633947.682357,85555.000,11902,3,PR,1,100,151870
1766633947.722354,85595.000,11919,2,PR,1,100,151872
1766633947.762351,85635.000,11919,2,PR,1,100,151877
1766633947.802348,85675.000,11936,3,PR,1,100,151891
1766633947.842344,85715.000,11936,3,PR,1,100,151896
1766633947.882341,85755.000,11936,3,PR,1,100,151929
1766633947.922338,85795.000,11953,2,PR,1,100,151975
1766633947.962335,85835.000,11953,2,PR,1,100,151947
1766633948.002331,85875.000,11967,3,PR,1,100,151919
1766633948.042328,85915.000,11967,3,PR,1,100,151924
1766633948.082325,85955.000,11967,3,PR,1,100,151944
1766633948.128821,86001.500,11984,2,PR,1,100,151922
1766633948.175318,86048.000,11984,2,PR,1,100,151962
1766633948.215314,86088.000,12001,3,PR,1,100,151909
1766633948.255311,86128.000,12001,3,PR,1,100,151934
1766633948.295308,86168.000,12001,3,PR,1,100,151967
1766633948.335304,86208.000,12018,2,PR,1,100,151959
1766633948.375301,86248.000,12018,2,PR,1,100,151945
1766633948.415298,86288.000,12032,3,PR,1,100,151960
1766633948.455295,86328.000,12032,3,PR,1,100,151926
1766633948.495291,86368.000,12032,3,PR,1,100,151909
1766633948.535288,86408.000,12050,2,PR,1,100,151939
1766633948.575285,86448.000,12050,2,PR,1,100,151948
1766633948.615282,86488.000,12066,3,PR,1,100,151939
1766633948.655279,86528.000,12066,3,PR,1,100,151904
1766633948.695275,86568.000,12066,3,PR,1,100,151892
1766633948.735272,86608.000,12083,2,PR,1,100,151898
1766633948.775269,86648.000,12083,2,PR,1,100,151897
1766633948.815266,86688.000,12098,3,PR,1,100,151897
1766633948.855263,86728.000,12098,3,PR,1,100,151902
1766633948.895259,86768.000,12098,3,PR,1,100,151901
1766633948.935256,86808.000,12117,2,PR,1,100,151881
1766633948.975253,86848.000,12117,2,PR,1,100,151903
1766633949.015249,86888.000,12133,3,PR,1,100,151931
1766633949.055246,86928.000,12133,3,PR,1,100,151969
1766633949.095243,86968.000,12133,3,PR,1,100,151997
1766633949.135240,87008.000,12150,2,PR,1,100,152096
1766633949.175236,87048.000,12150,2,PR,1,100,152158
1766633949.215233,87088.000,12166,3,PR,1,100,152136
1766633949.255230,87128.000,12166,3,PR,1,100,152066
1766633949.295227,87168.000,12166,3,PR,1,100,152079
1766633949.335224,87208.000,12182,2,PR,1,100,152129
1766633949.375220,87248.000,12182,2,PR,1,100,152116
1766633949.415217,87288.000,12198,3,PR,1,100,152074
1766633949.455214,87328.000,12198,3,PR,1,100,152080
1766633949.495211,87368.000,12198,3,PR,1,100,152053
1766633949.535208,87408.000,12216,3,PR,1,100,151977
1766633949.575204,87448.000,12216,3,PR,1,100,151982
1766633949.615201,87488.000,12216,3,PR,1,100,152007
1766633949.655198,87528.000,12232,2,PR,1,100,152000
1766633949.695194,87568.000,12232,2,PR,1,100,152031
1766633949.735191,87608.000,12247,3,PR,1,100,152091
1766633949.775188,87648.000,12247,3,PR,1,100,152081
1766633949.815185,87688.000,12247,3,PR,1,100,152038
1766633949.855182,87728.000,12264,2,PR,1,100,152002
1766633949.895178,87768.000,12264,2,PR,1,100,152041
1766633949.935175,87808.000,12281,3,PR,1,100,152048
1766633949.975172,87848.000,12281,3,PR,1,100,152059
1766633950.015169,87888.000,12281,3,PR,1,100,152068
1766633950.055166,87928.000,12297,2,PR,1,100,152084
1766633950.095162,87968.000,12297,2,PR,1,100,152095
1766633950.135159,88008.000,12313,3,PR,1,100,152080
1766633950.175156,88048.000,12313,3,PR,1,100,152079
1766633950.215153,88088.000,12313,3,PR,1,100,152074
1766633950.255149,88128.000,12329,2,PR,1,100,152088
1766633950.295146,88168.000,12329,2,PR,1,100,152130
1766633950.335143,88208.000,12346,3,PR,1,100,152137
1766633950.375139,88248.000,12346,3,PR,1,100,152131
1766633950.415136,88288.000,12346,3,PR,1,100,152146
1766633950.455133,88328.000,12362,2,PR,1,100,152150
1766633950.495130,88368.000,12362,2,PR,1,100,152151
1766633950.535127,88408.000,12378,3,PR,1,100,152174
1766633950.575123,88448.000,12378,3,PR,1,100,152175
1766633950.615120,88488.000,12378,3,PR,1,100,152195
1766633950.655117,88528.000,12394,3,PR,1,100,152211
1766633950.695114,88568.000,12394,3,PR,1,100,152249
1766633950.735111,88608.000,12394,3,PR,1,100,152298
1766633950.775107,88648.000,12411,2,PR,1,100,152352
1766633950.815104,88688.000,12411,2,PR,1,100,152427
1766633950.855101,88728.000,12428,3,PR,1,100,152438
1766633950.895097,88768.000,12428,3,PR,1,100,152470
1766633950.935094,88808.000,12428,3,PR,1,100,152476
1766633950.975091,88848.000,12443,2,PR,1,100,152470
1766633951.015088,88888.000,12443,2,PR,1,100,152456
1766633951.055084,88928.000,12459,3,PR,1,100,152458
1766633951.095081,88968.000,12459,3,PR,1,100,152424
1766633951.135078,89008.000,12459,3,PR,1,100,152424
1766633951.175075,89048.000,12477,2,PR,1,100,152444
1766633951.215072,89088.000,12477,2,PR,1,100,152456
1766633951.255068,89128.000,12493,3,PR,1,100,152403
1766633951.295065,89168.000,12493,3,PR,1,100,152376
1766633951.335062,89208.000,12493,3,PR,1,100,152376
1766633951.375059,89248.000,12509,2,PR,1,100,152361
1766633951.415056,89288.000,12509,2,PR,1,100,152356
1766633951.455052,89328.000,12525,3,PR,1,100,152321
1766633951.495049,89368.000,12525,3,PR,1,100,152295
1766633951.535046,89408.000,12525,3,PR,1,100,152306
1766633951.575042,89448.000,12542,2,PR,1,100,152314
1766633951.615039,89488.000,12542,2,PR,1,100,152304
1766633951.655036,89528.000,12558,3,PR,1,100,152301
1766633951.695033,89568.000,12558,3,PR,1,100,152308
1766633951.735029,89608.000,12558,3,PR,1,100,152319
1766633951.775026,89648.000,12575,2,PR,1,100,152337
1766633951.815023,89688.000,12575,2,PR,1,100,152304
1766633951.855020,89728.000,12590,3,PR,1,100,152338
1766633951.895017,89768.000,12590,3,PR,1,100,152360
1766633951.935013,89808.000,12590,3,PR,1,100,152361
1766633951.975010,89848.000,12607,3,PR,1,100,152383
1766633952.015007,89888.000,12607,3,PR,1,100,152349
1766633952.055004,89928.000,12607,3,PR,1,100,152364
1766633952.095001,89968.000,12623,2,PR,1,100,152396
1766633952.134997,90008.000,12623,2,PR,1,100,152403
1766633952.174994,90048.000,12641,3,PR,1,100,152395
1766633952.214991,90088.000,12641,3,PR,1,100,152381
1766633952.254987,90128.000,12641,3,PR,1,100,152417
1766633952.294984,90168.000,12655,2,PR,1,100,152438
1766633952.334981,90208.000,12655,2,PR,1,100,152485
1766633952.374978,90248.000,12672,3,PR,1,100,152503
1766633952.414975,90288.000,12672,3,PR,1,100,152551
1766633952.454971,90328.000,12672,3,PR,1,100,152570
1766633952.494968,90368.000,12689,2,PR,1,100,152593
1766633952.534965,90408.000,12689,2,PR,1,100,152591
1766633952.574962,90448.000,12711,3,PR,1,100,152619
1766633952.614959,90488.000,12711,3,PR,1,100,152641
1766633952.654955,90528.000,12711,3,PR,1,100,152656
1766633952.694952,90568.000,12725,2,PR,1,100,152670
1766633952.734949,90608.000,12725,2,PR,1,100,152660
1766633952.774945,90648.000,12742,3,PR,1,100,152710
1766633952.814942,90688.000,12742,3,PR,1,100,152741
1766633952.854939,90728.000,12742,3,PR,1,100,152754
1766633952.894936,90768.000,12759,2,PR,1,100,152741
1766633952.934932,90808.000,12759,2,PR,1,100,152774
1766633952.979262,90852.333,12776,3,PR,1,100,152791
1766633953.023592,90896.667,12776,3,PR,1,100,152807
1766633953.067922,90941.000,12776,3,PR,1,100,152817
1766633953.107919,90981.000,12790,2,PR,1,100,152812
1766633953.147915,91021.000,12790,2,PR,1,100,152812
1766633953.187912,91061.000,12808,3,PR,1,100,152834
1766633953.227909,91101.000,12808,3,PR,1,100,152865
1766633953.267906,91141.000,12808,3,PR,1,100,152884
1766633953.307902,91181.000,12824,2,PR,1,100,152866
1766633953.347899,91221.000,12824,2,PR,1,100,152874
1766633953.387896,91261.000,12841,3,PR,1,100,152892
1766633953.427893,91301.000,12841,3,PR,1,100,152877
1766633953.467890,91341.000,12841,3,PR,1,100,152886
1766633953.507886,91381.000,12857,2,PR,1,100,152875
1766633953.547883,91421.000,12857,2,PR,1,100,152891
1766633953.587880,91461.000,12873,3,PR,1,100,152883
1766633953.627877,91501.000,12873,3,PR,1,100,152873
1766633953.667873,91541.000,12873,3,PR,1,100,152874
1766633953.707870,91581.000,12889,2,PR,1,100,152849
1766633953.747867,91621.000,12889,2,PR,1,100,152831
1766633953.787863,91661.000,12907,3,PR,1,100,152811
1766633953.827860,91701.000,12907,3,PR,1,100,152765
1766633953.867857,91741.000,12907,3,PR,1,100,152761
1766633953.907854,91781.000,12925,2,PR,1,100,152746
1766633953.947851,91821.000,12925,2,PR,1,100,152722
1766633953.987847,91861.000,12940,3,PR,1,100,152699
1766633954.027844,91901.000,12940,3,PR,1,100,152671
1766633954.067841,91941.000,12940,3,PR,1,100,152651
1766633954.107838,91981.000,12956,3,PR,1,100,152622
1766633954.147835,92021.000,12956,3,PR,1,100,152637
1766633954.187831,92061.000,12956,3,PR,1,100,152690
1766633954.227828,92101.000,12974,2,PR,1,100,152748
1766633954.267825,92141.000,12974,2,PR,1,100,152755
1766633954.307822,92181.000,12990,3,PR,1,100,152760
1766633954.347818,92221.000,12990,3,PR,1,100,152744
1766633954.387815,92261.000,12990,3,PR,1,100,152732
1766633954.427812,92301.000,13005,2,PR,1,100,152736
1766633954.467808,92341.000,13005,2,PR,1,100,152705
1766633954.507805,92381.000,13022,3,PR,1,100,152680
1766633954.547802,92421.000,13022,3,PR,1,100,152674
1766633954.587799,92461.000,13022,3,PR,1,100,152669
1766633954.627796,92501.000,13039,2,PR,1,100,152655
1766633954.667792,92541.000,13039,2,PR,1,100,152644
1766633954.707789,92581.000,13055,3,PR,1,100,152638
1766633954.747786,92621.000,13055,3,PR,1,100,152631
1766633954.787783,92661.000,13055,3,PR,1,100,152658
1766633954.827780,92701.000,13071,2,PR,1,100,152689
1766633954.867776,92741.000,13071,2,PR,1,100,152729
1766633954.907773,92781.000,13087,3,PR,1,100,152747
1766633954.947770,92821.000,13087,3,PR,1,100,152780
1766633954.987767,92861.000,13087,3,PR,1,100,152807
1766633955.027763,92901.000,13104,2,PR,1,100,152778
1766633955.067760,92941.000,13104,2,PR,1,100,152748
1766633955.107757,92981.000,13120,3,PR,1,100,152690
1766633955.147753,93021.000,13120,3,PR,1,100,152719
1766633955.187750,93061.000,13120,3,PR,1,100,152726
1766633955.227747,93101.000,13136,3,PR,1,100,152732
1766633955.267744,93141.000,13136,3,PR,1,100,152744
1766633955.307741,93181.000,13136,3,PR,1,100,152754
1766633955.347737,93221.000,13152,2,PR,1,100,152763
1766633955.387734,93261.000,13152,2,PR,1,100,152754
1766633955.427731,93301.000,13169,3,PR,1,100,152757
1766633955.467728,93341.000,13169,3,PR,1,100,152748
1766633955.507725,93381.000,13169,3,PR,1,100,152762
1766633955.547721,93421.000,13186,2,PR,1,100,152741
1766633955.587718,93461.000,13186,2,PR,1,100,152764
1766633955.627715,93501.000,13203,3,PR,1,100,152802
1766633955.667711,93541.000,13203,3,PR,1,100,152841
1766633955.707708,93581.000,13203,3,PR,1,100,152890
1766633955.747705,93621.000,13217,2,PR,1,100,152869
1766633955.787702,93661.000,13217,2,PR,1,100,152917
1766633955.827699,93701.000,13235,3,PR,1,100,153167
1766633955.867695,93741.000,13235,3,PR,1,100,152964
1766633955.907692,93781.000,13235,3,PR,1,100,152298
1766633955.947689,93821.000,13251,2,PR,1,100,151992
1766633955.987686,93861.000,13251,2,PR,1,100,152019
1766633956.027683,93901.000,13268,3,PR,1,100,152286
1766633956.067679,93941.000,13268,3,PR,1,100,152440
1766633956.107676,93981.000,13268,3,PR,1,100,152606
1766633956.147673,94021.000,13285,2,PR,1,100,152683
1766633956.187670,94061.000,13285,2,PR,1,100,152181
1766633956.227666,94101.000,13302,3,PR,1,100,151290
1766633956.267663,94141.000,13302,3,PR,1,100,150771
1766633956.307660,94181.000,13302,3,PR,1,100,150887
1766633956.347656,94221.000,13318,3,PR,1,100,151055
1766633956.387653,94261.000,13318,3,PR,1,100,151107
1766633956.427650,94301.000,13318,3,PR,1,100,150521
1766633956.467647,94341.000,13335,2,PR,1,100,149573
1766633956.507644,94381.000,13335,2,PR,1,100,149791
1766633956.547640,94421.000,13350,3,PR,1,100,149756
1766633956.587637,94461.000,13350,3,PR,1,100,148388
1766633956.627634,94501.000,13350,3,PR,1,100,146513
1766633956.667631,94541.000,13367,2,PR,1,100,146528
1766633956.707628,94581.000,13367,2,PR,1,100,147755
1766633956.747624,94621.000,13383,3,PR,1,100,147737
1766633956.787621,94661.000,13383,3,PR,1,100,147731
1766633956.827618,94701.000,13383,3,PR,1,100,147275
1766633956.867615,94741.000,13403,2,PR,1,100,147092
1766633956.907611,94781.000,13403,2,PR,1,100,147297
1766633956.947608,94821.000,13417,3,PR,1,100,146280
1766633956.987605,94861.000,13417,3,PR,1,100,145058
1766633957.027601,94901.000,13417,3,PR,1,100,146409
1766633957.067598,94941.000,13434,2,PR,1,100,146723
1766633957.107595,94981.000,13434,2,PR,1,100,146633
1766633957.147592,95021.000,13453,3,PR,1,100,146601
1766633957.187589,95061.000,13453,3,PR,1,100,146606
1766633957.227585,95101.000,13453,3,PR,1,100,146577
1766633957.267582,95141.000,13470,2,PR,1,100,146646
1766633957.307579,95181.000,13470,2,PR,1,100,146881
1766633957.347576,95221.000,13487,3,PR,1,100,147041
1766633957.387573,95261.000,13487,3,PR,1,100,147124
1766633957.427569,95301.000,13487,3,PR,1,100,147045
1766633957.467566,95341.000,13503,2,PR,1,100,147105
1766633957.507563,95381.000,13503,2,PR,1,100,147216
1766633957.547226,95420.667,13520,3,PR,1,100,147262
1766633957.586890,95460.333,13520,3,PR,1,100,147287
1766633957.626553,95500.000,13520,3,PR,1,100,147337
1766633957.667050,95540.500,13537,2,PR,1,100,147408
1766633957.707546,95581.000,13537,2,PR,1,100,147432
1766633957.747210,95620.667,13558,3,PR,1,100,147484
1766633957.786874,95660.333,13558,3,PR,1,100,147559
1766633957.826537,95700.000,13558,3,PR,1,100,147528
1766633957.873533,95747.000,13574,2,PR,1,100,147560
1766633957.920529,95794.000,13574,2,PR,1,100,147632
1766633957.960526,95834.000,13590,3,PR,1,100,147770
1766633958.000523,95874.000,13590,3,PR,1,100,147804
1766633958.040520,95914.000,13590,3,PR,1,100,147900
1766633958.080516,95954.000,13607,2,PR,1,100,147970
1766633958.120513,95994.000,13607,2,PR,1,100,147984
1766633958.160510,96034.000,13624,3,PR,1,100,148079
1766633958.200507,96074.000,13624,3,PR,1,100,148114
1766633958.240504,96114.000,13624,3,PR,1,100,148081
1766633958.280500,96154.000,13639,2,PR,1,100,148082
1766633958.320497,96194.000,13639,2,PR,1,100,148039
1766633958.360494,96234.000,13655,3,PR,1,100,148073
1766633958.400491,96274.000,13655,3,PR,1,100,148164
1766633958.440487,96314.000,13655,3,PR,1,100,148157
1766633958.480484,96354.000,13675,2,PR,1,100,148166
1766633958.520481,96394.000,13675,2,PR,1,100,148217
1766633958.560477,96434.000,13691,3,PR,1,100,148264
1766633958.600474,96474.000,13691,3,PR,1,100,148330
1766633958.640471,96514.000,13691,3,PR,1,100,148358
1766633958.680468,96554.000,13706,3,PR,1,100,148340
1766633958.720465,96594.000,13706,3,PR,1,100,148340
1766633958.760461,96634.000,13706,3,PR,1,100,148397
1766633958.800458,96674.000,13722,2,PR,1,100,148434
1766633958.840455,96714.000,13722,2,PR,1,100,148486
1766633958.880452,96754.000,13742,3,PR,1,100,148520
1766633958.920449,96794.000,13742,3,PR,1,100,148544
1766633958.960445,96834.000,13742,3,PR,1,100,148546
1766633959.000442,96874.000,13758,2,PR,1,100,148534
1766633959.040439,96914.000,13758,2,PR,1,100,148566
1766633959.080436,96954.000,13773,3,PR,1,100,148608
1766633959.120432,96994.000,13773,3,PR,1,100,148621
1766633959.160429,97034.000,13773,3,PR,1,100,148635
1766633959.200426,97074.000,13790,2,PR,1,100,148651
1766633959.240423,97114.000,13790,2,PR,1,100,148656
1766633959.280419,97154.000,13807,3,PR,1,100,148684
1766633959.320416,97194.000,13807,3,PR,1,100,148733
1766633959.360413,97234.000,13807,3,PR,1,100,148790
1766633959.400410,97274.000,13823,2,PR,1,100,148845
1766633959.440407,97314.000,13823,2,PR,1,100,148968
1766633959.480403,97354.000,13839,3,PR,1,100,149075
1766633959.520400,97394.000,13839,3,PR,1,100,149073
1766633959.560397,97434.000,13839,3,PR,1,100,149022
1766633959.600394,97474.000,13855,2,PR,1,100,148938
1766633959.640390,97514.000,13855,2,PR,1,100,148672
1766633959.680387,97554.000,13872,3,PR,1,100,148478
1766633959.720384,97594.000,13872,3,PR,1,100,148726
1766633959.760381,97634.000,13872,3,PR,1,100,149293
1766633959.800377,97674.000,13890,2,PR,1,100,149577
1766633959.840374,97714.000,13890,2,PR,1,100,149156
1766633959.880371,97754.000,13907,3,PR,1,100,148484
1766633959.920368,97794.000,13907,3,PR,1,100,148365
1766633959.960364,97834.000,13907,3,PR,1,100,148698
1766633960.000361,97874.000,13922,2,PR,1,100,148136
1766633960.040358,97914.000,13922,2,PR,1,100,147933
1766633960.080355,97954.000,13939,3,PR,1,100,147871
1766633960.120352,97994.000,13939,3,PR,1,100,148066
1766633960.160348,98034.000,13939,3,PR,1,100,147657
1766633960.200345,98074.000,13956,3,PR,1,100,147265
1766633960.240342,98114.000,13956,3,PR,1,100,147183
1766633960.280339,98154.000,13956,3,PR,1,100,147094
1766633960.320335,98194.000,13973,2,PR,1,100,147018
1766633960.360332,98234.000,13973,2,PR,1,100,147101
1766633960.400329,98274.000,13987,3,PR,1,100,147201
1766633960.440325,98314.000,13987,3,PR,1,100,147232
1766633960.480322,98354.000,13987,3,PR,1,100,147195
1766633960.520319,98394.000,14005,2,PR,1,100,147208
1766633960.560316,98434.000,14005,2,PR,1,100,147269
1766633960.600313,98474.000,14023,3,PR,1,100,147338
1766633960.640309,98514.000,14023,3,PR,1,100,147357
1766633960.680306,98554.000,14023,3,PR,1,100,147323
1766633960.720303,98594.000,14040,2,PR,1,100,147447
1766633960.760300,98634.000,14040,2,PR,1,100,147554
1766633960.800297,98674.000,14055,3,PR,1,100,147707
1766633960.840293,98714.000,14055,3,PR,1,100,147808
1766633960.880290,98754.000,14055,3,PR,1,100,147881
1766633960.920287,98794.000,14072,2,PR,1,100,147962
1766633960.960284,98834.000,14072,2,PR,1,100,148005
1766633961.000280,98874.000,14088,3,PR,1,100,148112
1766633961.040277,98914.000,14088,3,PR,1,100,148208
1766633961.080274,98954.000,14088,3,PR,1,100,148232
1766633961.120271,98994.000,14105,2,PR,1,100,148285
1766633961.160267,99034.000,14105,2,PR,1,100,148303
1766633961.200264,99074.000,14120,3,PR,1,100,148274
1766633961.240261,99114.000,14120,3,PR,1,100,148273
1766633961.280258,99154.000,14120,3,PR,1,100,148256
1766633961.319754,99193.500,14137,2,PR,1,100,148313
1766633961.359251,99233.000,14137,2,PR,1,100,148355
1766633961.399581,99273.333,14153,3,PR,1,100,148364
1766633961.439911,99313.667,14153,3,PR,1,100,148406
1766633961.480242,99354.000,14153,3,PR,1,100,148415
1766633961.520238,99394.000,14171,3,PR,1,100,148486
1766633961.560235,99434.000,14171,3,PR,1,100,148604
1766633961.600232,99474.000,14171,3,PR,1,100,148712
1766633961.640229,99514.000,14185,2,PR,1,100,148764
1766633961.680225,99554.000,14185,2,PR,1,100,148796
1766633961.719889,99593.667,14202,3,PR,1,100,148841
1766633961.759552,99633.333,14202,3,PR,1,100,148850
1766633961.799216,99673.000,14202,3,PR,1,100,148839
1766633961.839212,99713.000,14219,2,PR,1,100,148870
1766633961.879209,99753.000,14219,2,PR,1,100,148922
1766633961.919206,99793.000,14236,3,PR,1,100,148923
1766633961.959203,99833.000,14236,3,PR,1,100,148958
1766633961.999200,99873.000,14236,3,PR,1,100,148944
1766633962.039196,99913.000,14251,2,PR,1,100,148874
1766633962.079193,99953.000,14251,2,PR,1,100,148843
1766633962.119190,99993.000,14267,3,PR,1,100,148836
1766633962.159187,100033.000,14267,3,PR,1,100,148860
1766633962.199183,100073.000,14267,3,PR,1,100,148865
1766633962.239680,100113.500,14284,2,PR,1,100,148907
1766633962.280177,100154.000,14284,2,PR,1,100,148903
1766633962.319840,100193.667,14303,3,PR,1,100,148880
1766633962.359504,100233.333,14303,3,PR,1,100,148879
1766633962.399167,100273.000,14303,3,PR,1,100,148895
1766633962.439664,100313.500,14319,2,PR,1,100,148916
1766633962.480161,100354.000,14319,2,PR,1,100,148951
1766633962.519824,100393.667,14335,3,PR,1,100,148965
1766633962.559488,100433.333,14335,3,PR,1,100,149000
1766633962.599151,100473.000,14335,3,PR,1,100,149017
1766633962.639148,100513.000,14351,2,PR,1,100,149066
1766633962.679145,100553.000,14351,2,PR,1,100,149085
1766633962.723808,100597.667,14368,3,PR,1,100,149055
1766633962.768471,100642.333,14368,3,PR,1,100,149064
1766633962.813134,100687.000,14368,3,PR,1,100,149087
1766633962.853131,100727.000,14390,2,PR,1,100,149093
1766633962.893127,100767.000,14390,2,PR,1,100,149076
1766633962.933124,100807.000,14405,3,PR,1,100,149039
1766633962.973121,100847.000,14405,3,PR,1,100,149017
1766633963.013118,100887.000,14405,3,PR,1,100,149008
1766633963.053114,100927.000,14421,2,PR,1,100,149014
1766633963.093111,100967.000,14421,2,PR,1,100,149044
1766633963.133108,101007.000,14441,3,PR,1,100,149041
1766633963.173105,101047.000,14441,3,PR,1,100,149065
1766633963.213101,101087.000,14441,3,PR,1,100,149086
1766633963.253098,101127.000,14457,2,PR,1,100,149128
1766633963.293095,101167.000,14457,2,PR,1,100,149148
1766633963.333092,101207.000,14472,3,PR,1,100,149150
1766633963.373088,101247.000,14472,3,PR,1,100,149137
1766633963.413085,101287.000,14472,3,PR,1,100,149119
1766633963.453082,101327.000,14488,2,PR,1,100,149124
1766633963.493079,101367.000,14488,2,PR,1,100,149063
1766633963.533076,101407.000,14506,3,PR,1,100,149017
1766633963.573072,101447.000,14506,3,PR,1,100,149046
1766633963.613069,101487.000,14506,3,PR,1,100,149086
1766633963.653066,101527.000,14524,3,PR,1,100,149119
1766633963.693063,101567.000,14524,3,PR,1,100,149139
1766633963.733059,101607.000,14524,3,PR,1,100,149187
1766633963.773056,101647.000,14539,2,PR,1,100,149177
1766633963.813053,101687.000,14539,2,PR,1,100,149183
1766633963.853050,101727.000,14556,3,PR,1,100,149184
1766633963.893046,101767.000,14556,3,PR,1,100,149155
1766633963.933043,101807.000,14556,3,PR,1,100,149128
1766633963.973040,101847.000,14577,2,PR,1,100,149153
1766633964.013037,101887.000,14577,2,PR,1,100,149168
1766633964.053033,101927.000,14593,3,PR,1,100,149175
1766633964.093030,101967.000,14593,3,PR,1,100,149147
1766633964.133027,102007.000,14593,3,PR,1,100,149164
1766633964.173024,102047.000,14610,2,PR,1,100,149165
1766633964.213021,102087.000,14610,2,PR,1,100,149129
1766633964.253017,102127.000,14625,3,PR,1,100,149110
1766633964.293014,102167.000,14625,3,PR,1,100,149071
1766633964.333011,102207.000,14625,3,PR,1,100,149087
1766633964.373008,102247.000,14642,2,PR,1,100,149155
1766633964.413004,102287.000,14642,2,PR,1,100,149214
1766633964.452668,102326.667,14659,3,PR,1,100,149209
1766633964.492331,102366.333,14659,3,PR,1,100,149201
1766633964.531995,102406.000,14659,3,PR,1,100,149215
1766633964.572491,102446.500,14676,2,PR,1,100,149197
1766633964.612988,102487.000,14676,2,PR,1,100,149209
1766633964.652652,102526.667,14690,3,PR,1,100,149200
1766633964.692315,102566.333,14690,3,PR,1,100,149217
1766633964.731979,102606.000,14690,3,PR,1,100,149208
1766633964.771975,102646.000,14707,2,PR,1,100,149192
1766633964.811972,102686.000,14707,2,PR,1,100,149190
1766633964.852302,102726.333,14726,3,PR,1,100,149161
1766633964.892632,102766.667,14726,3,PR,1,100,149169
1766633964.932962,102807.000,14726,3,PR,1,100,149192
1766633964.972626,102846.667,14743,3,PR,1,100,149202
1766633965.012289,102886.333,14743,3,PR,1,100,149214
1766633965.051953,102926.000,14743,3,PR,1,100,149231
1766633965.092449,102966.500,14757,2,PR,1,100,149225
1766633965.132946,103007.000,14757,2,PR,1,100,149211
1766633965.172943,103047.000,14775,3,PR,1,100,149203
1766633965.212940,103087.000,14775,3,PR,1,100,149232
1766633965.252936,103127.000,14775,3,PR,1,100,149227
1766633965.292433,103166.500,14791,2,PR,1,100,149225
1766633965.331930,103206.000,14791,2,PR,1,100,149257
1766633965.371927,103246.000,14808,3,PR,1,100,149203
1766633965.411924,103286.000,14808,3,PR,1,100,149200
1766633965.451920,103326.000,14808,3,PR,1,100,149218
1766633965.491917,103366.000,14823,2,PR,1,100,149242
1766633965.531914,103406.000,14823,2,PR,1,100,149239
1766633965.571911,103446.000,14842,3,PR,1,100,149231
1766633965.611907,103486.000,14842,3,PR,1,100,149211
1766633965.651904,103526.000,14842,3,PR,1,100,149183
1766633965.691901,103566.000,14858,2,PR,1,100,149147
1766633965.731898,103606.000,14858,2,PR,1,100,149201
1766633965.772228,103646.333,14875,3,PR,1,100,149227
1766633965.812558,103686.667,14875,3,PR,1,100,149250
1766633965.852888,103727.000,14875,3,PR,1,100,149289
1766633965.892385,103766.500,14890,2,PR,1,100,149312
1766633965.931881,103806.000,14890,2,PR,1,100,149277
1766633965.971878,103846.000,14907,3,PR,1,100,149297
1766633966.011875,103886.000,14907,3,PR,1,100,149351
1766633966.051872,103926.000,14907,3,PR,1,100,149379
1766633966.091869,103966.000,14923,3,PR,1,100,149386
1766633966.131865,104006.000,14923,3,PR,1,100,149393
1766633966.171862,104046.000,14923,3,PR,1,100,149393
1766633966.211859,104086.000,14941,2,PR,1,100,149330
1766633966.251856,104126.000,14941,2,PR,1,100,149332
1766633966.291852,104166.000,14956,3,PR,1,100,149358
1766633966.331849,104206.000,14956,3,PR,1,100,149463
1766633966.371846,104246.000,14956,3,PR,1,100,149494
1766633966.411843,104286.000,14974,2,PR,1,100,149481
1766633966.451839,104326.000,14974,2,PR,1,100,149474
1766633966.491836,104366.000,14991,3,PR,1,100,149478
1766633966.531833,104406.000,14991,3,PR,1,100,149481
1766633966.571830,104446.000,14991,3,PR,1,100,149483
1766633966.611826,104486.000,15008,2,PR,1,100,149517
1766633966.651823,104526.000,15008,2,PR,1,100,149520
