LocalTimestamp,EmotiBitTimestamp,PacketNumber,DataLength,TypeTag,ProtocolVersion,DataReliability,AY
1766633906.608679,44478.000,5159,3,AY,1,100,0.843
1766633906.608679,44478.000,5159,3,AY,1,100,0.850
1766633906.608679,44478.000,5159,3,AY,1,100,0.841
1766633906.648675,44518.000,5176,2,AY,1,100,0.850
1766633906.688672,44558.000,5176,2,AY,1,100,0.857
1766633906.728669,44598.000,5192,3,AY,1,100,0.845
1766633906.768666,44638.000,5192,3,AY,1,100,0.849
1766633906.808663,44678.000,5192,3,AY,1,100,0.850
1766633906.848659,44718.000,5208,2,AY,1,100,0.826
1766633906.888656,44758.000,5208,2,AY,1,100,0.832
1766633906.924320,44793.667,5224,3,AY,1,100,0.853
1766633906.959984,44829.333,5224,3,AY,1,100,0.841
1766633906.995647,44865.000,5224,3,AY,1,100,0.842
1766633907.035644,44905.000,5241,3,AY,1,100,0.839
1766633907.075641,44945.000,5241,3,AY,1,100,0.845
1766633907.115638,44985.000,5241,3,AY,1,100,0.838
1766633907.155635,45025.000,5258,3,AY,1,100,0.846
1766633907.195631,45065.000,5258,3,AY,1,100,0.841
1766633907.235628,45105.000,5258,3,AY,1,100,0.844
1766633907.275625,45145.000,5273,2,AY,1,100,0.840
1766633907.315622,45185.000,5273,2,AY,1,100,0.841
1766633907.355618,45225.000,5289,3,AY,1,100,0.832
1766633907.395615,45265.000,5289,3,AY,1,100,0.839
1766633907.435612,45305.000,5289,3,AY,1,100,0.836
1766633907.475609,45345.000,5306,2,AY,1,100,0.863
1766633907.515605,45385.000,5306,2,AY,1,100,0.826
1766633907.555602,45425.000,5323,3,AY,1,100,0.843
1766633907.595599,45465.000,5323,3,AY,1,100,0.848
1766633907.635596,45505.000,5323,3,AY,1,100,0.839
1766633907.675592,45545.000,5338,2,AY,1,100,0.833
1766633907.715589,45585.000,5338,2,AY,1,100,0.847
1766633907.751253,45620.667,5354,3,AY,1,100,0.842
1766633907.786917,45656.333,5354,3,AY,1,100,0.853
1766633907.822581,45692.000,5354,3,AY,1,100,0.838
1766633907.862577,45732.000,5372,3,AY,1,100,0.853
1766633907.902574,45772.000,5372,3,AY,1,100,0.852
1766633907.942571,45812.000,5372,3,AY,1,100,0.852
1766633907.982568,45852.000,5388,2,AY,1,100,0.846
1766633908.022564,45892.000,5388,2,AY,1,100,0.849
1766633908.062895,45932.333,5404,3,AY,1,100,0.844
1766633908.103225,45972.667,5404,3,AY,1,100,0.846
1766633908.143555,46013.000,5404,3,AY,1,100,0.845
1766633908.183052,46052.500,5420,2,AY,1,100,0.833
1766633908.222548,46092.000,5420,2,AY,1,100,0.856
1766633908.262545,46132.000,5437,3,AY,1,100,0.864
1766633908.302542,46172.000,5437,3,AY,1,100,0.848
1766633908.342539,46212.000,5437,3,AY,1,100,0.859
1766633908.382535,46252.000,5453,2,AY,1,100,0.849
1766633908.422532,46292.000,5453,2,AY,1,100,0.849
1766633908.462529,46332.000,5471,3,AY,1,100,0.847
1766633908.502526,46372.000,5471,3,AY,1,100,0.858
1766633908.542522,46412.000,5471,3,AY,1,100,0.847
1766633908.582519,46452.000,5485,2,AY,1,100,0.850
1766633908.622516,46492.000,5485,2,AY,1,100,0.853
1766633908.657846,46527.333,5502,3,AY,1,100,0.841
1766633908.693177,46562.667,5502,3,AY,1,100,0.850
1766633908.728507,46598.000,5502,3,AY,1,100,0.847
1766633908.768504,46638.000,5518,3,AY,1,100,0.845
1766633908.808501,46678.000,5518,3,AY,1,100,0.854
1766633908.848498,46718.000,5518,3,AY,1,100,0.851
1766633908.888494,46758.000,5538,2,AY,1,100,0.862
1766633908.928491,46798.000,5538,2,AY,1,100,0.847
1766633908.968488,46838.000,5552,3,AY,1,100,0.850
1766633909.008485,46878.000,5552,3,AY,1,100,0.844
1766633909.048481,46918.000,5552,3,AY,1,100,0.851
1766633909.088478,46958.000,5569,3,AY,1,100,0.859
1766633909.128475,46998.000,5569,3,AY,1,100,0.857
1766633909.168472,47038.000,5569,3,AY,1,100,0.854
1766633909.208468,47078.000,5586,2,AY,1,100,0.848
1766633909.248465,47118.000,5586,2,AY,1,100,0.853
1766633909.288462,47158.000,5603,3,AY,1,100,0.852
1766633909.328459,47198.000,5603,3,AY,1,100,0.847
1766633909.368456,47238.000,5603,3,AY,1,100,0.842
1766633909.408452,47278.000,5617,2,AY,1,100,0.848
1766633909.448449,47318.000,5617,2,AY,1,100,0.847
1766633909.484113,47353.667,5635,3,AY,1,100,0.861
1766633909.519777,47389.333,5635,3,AY,1,100,0.853
1766633909.555440,47425.000,5635,3,AY,1,100,0.850
1766633909.595437,47465.000,5651,3,AY,1,100,0.853
1766633909.635434,47505.000,5651,3,AY,1,100,0.851
1766633909.675431,47545.000,5651,3,AY,1,100,0.860
1766633909.715428,47585.000,5668,2,AY,1,100,0.848
1766633909.755424,47625.000,5668,2,AY,1,100,0.849
1766633909.795421,47665.000,5682,2,AY,1,100,0.856
1766633909.835418,47705.000,5682,2,AY,1,100,0.845
1766633909.875415,47745.000,5700,3,AY,1,100,0.849
1766633909.915411,47785.000,5700,3,AY,1,100,0.848
1766633909.955408,47825.000,5700,3,AY,1,100,0.851
1766633909.995405,47865.000,5716,3,AY,1,100,0.857
1766633910.035402,47905.000,5716,3,AY,1,100,0.854
1766633910.075398,47945.000,5716,3,AY,1,100,0.858
1766633910.115395,47985.000,5733,2,AY,1,100,0.843
1766633910.155392,48025.000,5733,2,AY,1,100,0.853
1766633910.195389,48065.000,5749,3,AY,1,100,0.847
1766633910.235385,48105.000,5749,3,AY,1,100,0.846
1766633910.275382,48145.000,5749,3,AY,1,100,0.852
1766633910.310713,48180.333,5765,3,AY,1,100,0.849
1766633910.346043,48215.667,5765,3,AY,1,100,0.853
1766633910.381374,48251.000,5765,3,AY,1,100,0.859
1766633910.421371,48291.000,5781,2,AY,1,100,0.839
1766633910.461367,48331.000,5781,2,AY,1,100,0.847
1766633910.501364,48371.000,5799,3,AY,1,100,0.846
1766633910.541361,48411.000,5799,3,AY,1,100,0.853
1766633910.581357,48451.000,5799,3,AY,1,100,0.851
1766633910.621354,48491.000,5815,2,AY,1,100,0.859
1766633910.661351,48531.000,5815,2,AY,1,100,0.845
1766633910.701348,48571.000,5830,3,AY,1,100,0.856
1766633910.741345,48611.000,5830,3,AY,1,100,0.850
1766633910.781341,48651.000,5830,3,AY,1,100,0.857
1766633910.821338,48691.000,5847,2,AY,1,100,0.850
1766633910.861335,48731.000,5847,2,AY,1,100,0.850
1766633910.901332,48771.000,5864,3,AY,1,100,0.851
1766633910.941329,48811.000,5864,3,AY,1,100,0.846
1766633910.981325,48851.000,5864,3,AY,1,100,0.846
1766633911.021322,48891.000,5880,2,AY,1,100,0.850
1766633911.061319,48931.000,5880,2,AY,1,100,0.852
1766633911.096982,48966.667,5895,3,AY,1,100,0.856
1766633911.132646,49002.333,5895,3,AY,1,100,0.859
1766633911.168310,49038.000,5895,3,AY,1,100,0.859
1766633911.208307,49078.000,5912,3,AY,1,100,0.851
1766633911.248304,49118.000,5912,3,AY,1,100,0.852
1766633911.288300,49158.000,5912,3,AY,1,100,0.851
1766633911.328297,49198.000,5929,2,AY,1,100,0.854
1766633911.368294,49238.000,5929,2,AY,1,100,0.860
1766633911.408291,49278.000,5945,3,AY,1,100,0.864
1766633911.448287,49318.000,5945,3,AY,1,100,0.853
1766633911.488284,49358.000,5945,3,AY,1,100,0.854
1766633911.528281,49398.000,5961,2,AY,1,100,0.861
1766633911.568278,49438.000,5961,2,AY,1,100,0.860
1766633911.608274,49478.000,5977,3,AY,1,100,0.855
1766633911.648271,49518.000,5977,3,AY,1,100,0.860
1766633911.688268,49558.000,5977,3,AY,1,100,0.867
1766633911.728265,49598.000,5999,2,AY,1,100,0.859
1766633911.768262,49638.000,5999,2,AY,1,100,0.866
1766633911.808258,49678.000,6016,3,AY,1,100,0.839
1766633911.848255,49718.000,6016,3,AY,1,100,0.863
1766633911.888252,49758.000,6016,3,AY,1,100,0.862
1766633911.923916,49793.667,6031,3,AY,1,100,0.865
1766633911.959579,49829.333,6031,3,AY,1,100,0.861
1766633911.995243,49865.000,6031,3,AY,1,100,0.865
1766633912.035240,49905.000,6047,2,AY,1,100,0.866
1766633912.075237,49945.000,6047,2,AY,1,100,0.863
1766633912.115233,49985.000,6064,3,AY,1,100,0.857
1766633912.155230,50025.000,6064,3,AY,1,100,0.857
1766633912.195227,50065.000,6064,3,AY,1,100,0.853
1766633912.235224,50105.000,6081,2,AY,1,100,0.863
1766633912.275221,50145.000,6081,2,AY,1,100,0.867
1766633912.315217,50185.000,6096,3,AY,1,100,0.862
1766633912.355214,50225.000,6096,3,AY,1,100,0.852
1766633912.395211,50265.000,6096,3,AY,1,100,0.864
1766633912.435208,50305.000,6112,2,AY,1,100,0.854
1766633912.475204,50345.000,6112,2,AY,1,100,0.863
1766633912.515201,50385.000,6130,3,AY,1,100,0.856
1766633912.555198,50425.000,6130,3,AY,1,100,0.875
1766633912.595195,50465.000,6130,3,AY,1,100,0.864
1766633912.635191,50505.000,6146,3,AY,1,100,0.859
1766633912.675188,50545.000,6146,3,AY,1,100,0.867
1766633912.715185,50585.000,6146,3,AY,1,100,0.854
1766633912.755182,50625.000,6162,2,AY,1,100,0.870
1766633912.795178,50665.000,6162,2,AY,1,100,0.852
1766633912.830509,50700.333,6178,3,AY,1,100,0.854
1766633912.865839,50735.667,6178,3,AY,1,100,0.865
1766633912.901170,50771.000,6178,3,AY,1,100,0.866
1766633912.941167,50811.000,6195,2,AY,1,100,0.866
1766633912.981164,50851.000,6195,2,AY,1,100,0.861
1766633913.021160,50891.000,6211,3,AY,1,100,0.866
1766633913.061157,50931.000,6211,3,AY,1,100,0.854
1766633913.101154,50971.000,6211,3,AY,1,100,0.872
1766633913.141150,51011.000,6227,2,AY,1,100,0.866
1766633913.181147,51051.000,6227,2,AY,1,100,0.864
1766633913.221144,51091.000,6243,3,AY,1,100,0.866
1766633913.261141,51131.000,6243,3,AY,1,100,0.865
1766633913.301138,51171.000,6243,3,AY,1,100,0.857
1766633913.341134,51211.000,6260,3,AY,1,100,0.861
1766633913.381131,51251.000,6260,3,AY,1,100,0.863
1766633913.421128,51291.000,6260,3,AY,1,100,0.870
1766633913.461125,51331.000,6276,2,AY,1,100,0.862
1766633913.501122,51371.000,6276,2,AY,1,100,0.867
1766633913.541118,51411.000,6294,3,AY,1,100,0.864
1766633913.581115,51451.000,6294,3,AY,1,100,0.863
1766633913.621112,51491.000,6294,3,AY,1,100,0.868
1766633913.656775,51526.667,6308,3,AY,1,100,0.858
1766633913.692439,51562.333,6308,3,AY,1,100,0.861
1766633913.728103,51598.000,6308,3,AY,1,100,0.858
1766633913.768100,51638.000,6325,2,AY,1,100,0.867
1766633913.808097,51678.000,6325,2,AY,1,100,0.856
1766633913.848093,51718.000,6342,3,AY,1,100,0.863
1766633913.888090,51758.000,6342,3,AY,1,100,0.865
1766633913.928087,51798.000,6342,3,AY,1,100,0.866
1766633913.968084,51838.000,6361,2,AY,1,100,0.870
1766633914.008080,51878.000,6361,2,AY,1,100,0.852
1766633914.048077,51918.000,6375,3,AY,1,100,0.862
1766633914.088074,51958.000,6375,3,AY,1,100,0.862
1766633914.128071,51998.000,6375,3,AY,1,100,0.858
1766633914.168067,52038.000,6393,2,AY,1,100,0.867
1766633914.208064,52078.000,6393,2,AY,1,100,0.860
1766633914.248061,52118.000,6409,3,AY,1,100,0.863
1766633914.288058,52158.000,6409,3,AY,1,100,0.866
1766633914.328055,52198.000,6409,3,AY,1,100,0.861
1766633914.368051,52238.000,6426,2,AY,1,100,0.874
1766633914.408048,52278.000,6426,2,AY,1,100,0.864
1766633914.443378,52313.333,6440,3,AY,1,100,0.863
1766633914.478709,52348.667,6440,3,AY,1,100,0.863
1766633914.514040,52384.000,6440,3,AY,1,100,0.870
1766633914.554036,52424.000,6458,3,AY,1,100,0.872
1766633914.594033,52464.000,6458,3,AY,1,100,0.859
1766633914.634030,52504.000,6458,3,AY,1,100,0.866
1766633914.674026,52544.000,6474,2,AY,1,100,0.873
1766633914.714023,52584.000,6474,2,AY,1,100,0.872
1766633914.754020,52624.000,6491,3,AY,1,100,0.866
1766633914.794017,52664.000,6491,3,AY,1,100,0.867
1766633914.834014,52704.000,6491,3,AY,1,100,0.870
1766633914.874010,52744.000,6506,2,AY,1,100,0.866
1766633914.914007,52784.000,6506,2,AY,1,100,0.864
1766633914.954004,52824.000,6523,3,AY,1,100,0.866
1766633914.994001,52864.000,6523,3,AY,1,100,0.862
1766633915.033998,52904.000,6523,3,AY,1,100,0.868
1766633915.073994,52944.000,6539,2,AY,1,100,0.865
1766633915.113991,52984.000,6539,2,AY,1,100,0.864
1766633915.153988,53024.000,6557,3,AY,1,100,0.868
1766633915.193985,53064.000,6557,3,AY,1,100,0.867
1766633915.233981,53104.000,6557,3,AY,1,100,0.876
1766633915.269645,53139.667,6572,3,AY,1,100,0.869
1766633915.305309,53175.333,6572,3,AY,1,100,0.871
1766633915.340973,53211.000,6572,3,AY,1,100,0.871
1766633915.380969,53251.000,6588,2,AY,1,100,0.864
1766633915.420966,53291.000,6588,2,AY,1,100,0.870
1766633915.460963,53331.000,6605,3,AY,1,100,0.870
1766633915.500960,53371.000,6605,3,AY,1,100,0.873
1766633915.540956,53411.000,6605,3,AY,1,100,0.866
1766633915.580953,53451.000,6622,2,AY,1,100,0.865
1766633915.620950,53491.000,6622,2,AY,1,100,0.868
1766633915.660947,53531.000,6638,3,AY,1,100,0.865
1766633915.700943,53571.000,6638,3,AY,1,100,0.861
1766633915.740940,53611.000,6638,3,AY,1,100,0.866
1766633915.780937,53651.000,6653,2,AY,1,100,0.866
1766633915.820934,53691.000,6653,2,AY,1,100,0.869
1766633915.860931,53731.000,6670,3,AY,1,100,0.866
1766633915.900927,53771.000,6670,3,AY,1,100,0.866
1766633915.940924,53811.000,6670,3,AY,1,100,0.867
1766633915.980921,53851.000,6687,3,AY,1,100,0.872
1766633916.020918,53891.000,6687,3,AY,1,100,0.868
1766633916.060915,53931.000,6687,3,AY,1,100,0.868
1766633916.094412,53964.500,6703,2,AY,1,100,0.868
1766633916.127909,53998.000,6703,2,AY,1,100,0.865
1766633916.167906,54038.000,6719,3,AY,1,100,0.867
1766633916.207902,54078.000,6719,3,AY,1,100,0.870
1766633916.247899,54118.000,6719,3,AY,1,100,0.871
1766633916.287896,54158.000,6735,3,AY,1,100,0.861
1766633916.327893,54198.000,6735,3,AY,1,100,0.876
1766633916.367890,54238.000,6735,3,AY,1,100,0.865
1766633916.407886,54278.000,6754,2,AY,1,100,0.868
1766633916.447883,54318.000,6754,2,AY,1,100,0.865
1766633916.487880,54358.000,6771,3,AY,1,100,0.870
1766633916.527877,54398.000,6771,3,AY,1,100,0.859
1766633916.567873,54438.000,6771,3,AY,1,100,0.870
1766633916.607870,54478.000,6786,2,AY,1,100,0.873
1766633916.647867,54518.000,6786,2,AY,1,100,0.857
1766633916.687864,54558.000,6802,3,AY,1,100,0.867
1766633916.727860,54598.000,6802,3,AY,1,100,0.865
1766633916.767857,54638.000,6802,3,AY,1,100,0.869
1766633916.807854,54678.000,6826,2,AY,1,100,0.865
1766633916.847851,54718.000,6826,2,AY,1,100,0.869
1766633916.887848,54758.000,6843,3,AY,1,100,0.856
1766633916.927844,54798.000,6843,3,AY,1,100,0.867
1766633916.967841,54838.000,6843,3,AY,1,100,0.862
1766633917.003171,54873.333,6862,3,AY,1,100,0.858
1766633917.038502,54908.667,6862,3,AY,1,100,0.865
1766633917.073833,54944.000,6862,3,AY,1,100,0.866
1766633917.113829,54984.000,6876,2,AY,1,100,0.864
1766633917.153826,55024.000,6876,2,AY,1,100,0.856
1766633917.193823,55064.000,6894,3,AY,1,100,0.866
1766633917.233819,55104.000,6894,3,AY,1,100,0.857
1766633917.273816,55144.000,6894,3,AY,1,100,0.869
1766633917.313813,55184.000,6910,3,AY,1,100,0.853
1766633917.353810,55224.000,6910,3,AY,1,100,0.868
1766633917.393807,55264.000,6910,3,AY,1,100,0.858
1766633917.433803,55304.000,6927,2,AY,1,100,0.864
1766633917.473800,55344.000,6927,2,AY,1,100,0.872
1766633917.513797,55384.000,6942,3,AY,1,100,0.854
1766633917.553794,55424.000,6942,3,AY,1,100,0.866
1766633917.593791,55464.000,6942,3,AY,1,100,0.859
1766633917.633787,55504.000,6959,2,AY,1,100,0.867
1766633917.673784,55544.000,6959,2,AY,1,100,0.864
1766633917.713781,55584.000,6975,3,AY,1,100,0.869
1766633917.753778,55624.000,6975,3,AY,1,100,0.872
1766633917.793774,55664.000,6975,3,AY,1,100,0.867
1766633917.829105,55699.333,6993,3,AY,1,100,0.862
1766633917.864435,55734.667,6993,3,AY,1,100,0.878
1766633917.899766,55770.000,6993,3,AY,1,100,0.854
1766633917.940263,55810.500,7007,2,AY,1,100,0.864
1766633917.980759,55851.000,7007,2,AY,1,100,0.869
1766633918.020423,55890.667,7024,3,AY,1,100,0.863
1766633918.060086,55930.333,7024,3,AY,1,100,0.877
1766633918.099750,55970.000,7024,3,AY,1,100,0.872
1766633918.140246,56010.500,7040,2,AY,1,100,0.878
1766633918.180743,56051.000,7040,2,AY,1,100,0.878
1766633918.220407,56090.667,7058,3,AY,1,100,0.867
1766633918.260070,56130.333,7058,3,AY,1,100,0.869
1766633918.299733,56170.000,7058,3,AY,1,100,0.862
1766633918.339730,56210.000,7072,2,AY,1,100,0.867
1766633918.379727,56250.000,7072,2,AY,1,100,0.869
1766633918.419724,56290.000,7089,3,AY,1,100,0.868
1766633918.459720,56330.000,7089,3,AY,1,100,0.872
1766633918.499717,56370.000,7089,3,AY,1,100,0.866
1766633918.539714,56410.000,7106,2,AY,1,100,0.867
1766633918.579711,56450.000,7106,2,AY,1,100,0.863
1766633918.615708,56486.000,7123,3,AY,1,100,0.878
1766633918.651705,56522.000,7123,3,AY,1,100,0.865
1766633918.687702,56558.000,7123,3,AY,1,100,0.869
1766633918.727699,56598.000,7138,3,AY,1,100,0.863
1766633918.767695,56638.000,7138,3,AY,1,100,0.871
1766633918.807692,56678.000,7138,3,AY,1,100,0.865
1766633918.847189,56717.500,7155,2,AY,1,100,0.865
1766633918.886686,56757.000,7155,2,AY,1,100,0.870
1766633918.926683,56797.000,7173,3,AY,1,100,0.866
1766633918.966679,56837.000,7173,3,AY,1,100,0.870
1766633919.006676,56877.000,7173,3,AY,1,100,0.867
1766633919.046673,56917.000,7190,2,AY,1,100,0.870
1766633919.086670,56957.000,7190,2,AY,1,100,0.867
1766633919.126667,56997.000,7207,3,AY,1,100,0.867
1766633919.166663,57037.000,7207,3,AY,1,100,0.861
1766633919.206660,57077.000,7207,3,AY,1,100,0.867
1766633919.246657,57117.000,7222,2,AY,1,100,0.877
1766633919.286654,57157.000,7222,2,AY,1,100,0.875
1766633919.326650,57197.000,7238,3,AY,1,100,0.862
1766633919.366647,57237.000,7238,3,AY,1,100,0.876
1766633919.406644,57277.000,7238,3,AY,1,100,0.872
1766633919.446641,57317.000,7255,3,AY,1,100,0.865
1766633919.486637,57357.000,7255,3,AY,1,100,0.868
1766633919.526634,57397.000,7255,3,AY,1,100,0.867
1766633919.560132,57430.500,7272,2,AY,1,100,0.874
1766633919.593629,57464.000,7272,2,AY,1,100,0.863
1766633919.633626,57504.000,7287,3,AY,1,100,0.871
1766633919.673622,57544.000,7287,3,AY,1,100,0.872
1766633919.713619,57584.000,7287,3,AY,1,100,0.870
1766633919.753616,57624.000,7303,3,AY,1,100,0.871
1766633919.793612,57664.000,7303,3,AY,1,100,0.870
1766633919.833609,57704.000,7303,3,AY,1,100,0.868
1766633919.873606,57744.000,7321,2,AY,1,100,0.875
1766633919.913603,57784.000,7321,2,AY,1,100,0.873
1766633919.953600,57824.000,7337,3,AY,1,100,0.869
1766633919.993596,57864.000,7337,3,AY,1,100,0.870
1766633920.033593,57904.000,7337,3,AY,1,100,0.868
1766633920.073590,57944.000,7352,2,AY,1,100,0.870
1766633920.113587,57984.000,7352,2,AY,1,100,0.866
1766633920.153584,58024.000,7369,3,AY,1,100,0.866
1766633920.193580,58064.000,7369,3,AY,1,100,0.871
1766633920.233577,58104.000,7369,3,AY,1,100,0.872
1766633920.269241,58139.667,7386,3,AY,1,100,0.864
1766633920.304904,58175.333,7386,3,AY,1,100,0.879
1766633920.340568,58211.000,7386,3,AY,1,100,0.868
1766633920.380565,58251.000,7402,2,AY,1,100,0.867
1766633920.420562,58291.000,7402,2,AY,1,100,0.865
1766633920.460559,58331.000,7418,3,AY,1,100,0.874
1766633920.500556,58371.000,7418,3,AY,1,100,0.873
1766633920.540552,58411.000,7418,3,AY,1,100,0.872
1766633920.580549,58451.000,7434,2,AY,1,100,0.867
1766633920.620546,58491.000,7434,2,AY,1,100,0.868
1766633920.660542,58531.000,7451,3,AY,1,100,0.865
1766633920.700539,58571.000,7451,3,AY,1,100,0.884
1766633920.740536,58611.000,7451,3,AY,1,100,0.882
1766633920.780533,58651.000,7467,2,AY,1,100,0.880
1766633920.820529,58691.000,7467,2,AY,1,100,0.877
1766633920.860526,58731.000,7484,3,AY,1,100,0.861
1766633920.900523,58771.000,7484,3,AY,1,100,0.870
1766633920.940520,58811.000,7484,3,AY,1,100,0.852
1766633920.980517,58851.000,7499,2,AY,1,100,0.856
1766633921.020513,58891.000,7499,2,AY,1,100,0.865
1766633921.060510,58931.000,7516,3,AY,1,100,0.879
1766633921.100507,58971.000,7516,3,AY,1,100,0.885
1766633921.140504,59011.000,7516,3,AY,1,100,0.896
1766633921.175834,59046.333,7533,3,AY,1,100,0.892
1766633921.211165,59081.667,7533,3,AY,1,100,0.880
1766633921.246495,59117.000,7533,3,AY,1,100,0.863
1766633921.286492,59157.000,7550,2,AY,1,100,0.847
1766633921.326488,59197.000,7550,2,AY,1,100,0.853
1766633921.366485,59237.000,7564,3,AY,1,100,0.863
1766633921.406482,59277.000,7564,3,AY,1,100,0.874
1766633921.446479,59317.000,7564,3,AY,1,100,0.875
1766633921.486476,59357.000,7582,2,AY,1,100,0.884
1766633921.526472,59397.000,7582,2,AY,1,100,0.875
1766633921.566469,59437.000,7598,3,AY,1,100,0.871
1766633921.606466,59477.000,7598,3,AY,1,100,0.877
1766633921.646463,59517.000,7598,3,AY,1,100,0.870
1766633921.686460,59557.000,7615,2,AY,1,100,0.865
1766633921.726456,59597.000,7615,2,AY,1,100,0.866
1766633921.766453,59637.000,7629,3,AY,1,100,0.865
1766633921.806450,59677.000,7629,3,AY,1,100,0.864
1766633921.846447,59717.000,7629,3,AY,1,100,0.873
1766633921.886443,59757.000,7652,3,AY,1,100,0.877
1766633921.926440,59797.000,7652,3,AY,1,100,0.873
1766633921.966437,59837.000,7652,3,AY,1,100,0.874
1766633922.002101,59872.667,7668,3,AY,1,100,0.879
1766633922.037764,59908.333,7668,3,AY,1,100,0.883
1766633922.073428,59944.000,7668,3,AY,1,100,0.871
1766633922.112925,59983.500,7685,2,AY,1,100,0.876
1766633922.152422,60023.000,7685,2,AY,1,100,0.886
1766633922.192419,60063.000,7700,3,AY,1,100,0.867
1766633922.232415,60103.000,7700,3,AY,1,100,0.918
1766633922.272412,60143.000,7700,3,AY,1,100,1.044
1766633922.312409,60183.000,7717,2,AY,1,100,1.268
1766633922.352406,60223.000,7717,2,AY,1,100,1.263
1766633922.392402,60263.000,7733,3,AY,1,100,0.960
1766633922.432399,60303.000,7733,3,AY,1,100,0.803
1766633922.472396,60343.000,7733,3,AY,1,100,0.465
1766633922.512393,60383.000,7751,2,AY,1,100,0.220
1766633922.552389,60423.000,7751,2,AY,1,100,0.406
1766633922.592386,60463.000,7766,3,AY,1,100,0.749
1766633922.632383,60503.000,7766,3,AY,1,100,1.002
1766633922.672380,60543.000,7766,3,AY,1,100,-0.080
1766633922.712377,60583.000,7784,2,AY,1,100,0.194
1766633922.752373,60623.000,7784,2,AY,1,100,0.667
1766633922.788370,60659.000,7801,3,AY,1,100,0.600
1766633922.824368,60695.000,7801,3,AY,1,100,0.655
1766633922.860365,60731.000,7801,3,AY,1,100,0.682
1766633922.900361,60771.000,7818,3,AY,1,100,0.663
1766633922.940358,60811.000,7818,3,AY,1,100,0.149
1766633922.980355,60851.000,7818,3,AY,1,100,0.417
1766633923.020352,60891.000,7834,2,AY,1,100,0.758
1766633923.060349,60931.000,7834,2,AY,1,100,0.630
1766633923.100345,60971.000,7849,3,AY,1,100,0.285
1766633923.140342,61011.000,7849,3,AY,1,100,0.461
1766633923.180339,61051.000,7849,3,AY,1,100,0.215
1766633923.220335,61091.000,7866,2,AY,1,100,0.124
1766633923.260332,61131.000,7866,2,AY,1,100,0.488
1766633923.300329,61171.000,7883,3,AY,1,100,0.056
1766633923.340326,61211.000,7883,3,AY,1,100,0.559
1766633923.380322,61251.000,7883,3,AY,1,100,0.391
1766633923.420319,61291.000,7899,2,AY,1,100,0.493
1766633923.460316,61331.000,7899,2,AY,1,100,0.308
1766633923.500313,61371.000,7915,3,AY,1,100,0.439
1766633923.540310,61411.000,7915,3,AY,1,100,0.720
1766633923.580306,61451.000,7915,3,AY,1,100,0.476
1766633923.620303,61491.000,7933,3,AY,1,100,0.390
1766633923.660300,61531.000,7933,3,AY,1,100,0.350
1766633923.700297,61571.000,7933,3,AY,1,100,-0.230
1766633923.733294,61604.000,7950,2,AY,1,100,-0.045
1766633923.766291,61637.000,7950,2,AY,1,100,-0.421
1766633923.806288,61677.000,7967,3,AY,1,100,-0.610
1766633923.846285,61717.000,7967,3,AY,1,100,0.010
1766633923.886281,61757.000,7967,3,AY,1,100,0.344
1766633923.926278,61797.000,7984,2,AY,1,100,0.109
1766633923.966275,61837.000,7984,2,AY,1,100,1.127
1766633924.006272,61877.000,8000,3,AY,1,100,0.573
1766633924.046269,61917.000,8000,3,AY,1,100,0.732
1766633924.086265,61957.000,8000,3,AY,1,100,1.012
1766633924.126262,61997.000,8017,3,AY,1,100,0.436
1766633924.166259,62037.000,8017,3,AY,1,100,-0.052
1766633924.206256,62077.000,8017,3,AY,1,100,0.461
1766633924.246253,62117.000,8034,2,AY,1,100,0.120
1766633924.286249,62157.000,8034,2,AY,1,100,0.772
1766633924.326246,62197.000,8049,3,AY,1,100,1.679
1766633924.366243,62237.000,8049,3,AY,1,100,0.916
1766633924.406240,62277.000,8049,3,AY,1,100,-0.084
1766633924.446236,62317.000,8065,2,AY,1,100,1.133
1766633924.486233,62357.000,8065,2,AY,1,100,0.555
1766633924.521897,62392.667,8085,3,AY,1,100,-0.251
1766633924.557561,62428.333,8085,3,AY,1,100,-0.157
1766633924.593225,62464.000,8085,3,AY,1,100,0.572
1766633924.633221,62504.000,8102,3,AY,1,100,1.943
1766633924.673218,62544.000,8102,3,AY,1,100,1.558
1766633924.713215,62584.000,8102,3,AY,1,100,-0.118
1766633924.753211,62624.000,8118,2,AY,1,100,0.987
1766633924.793208,62664.000,8118,2,AY,1,100,0.666
1766633924.833205,62704.000,8136,3,AY,1,100,-0.335
1766633924.873202,62744.000,8136,3,AY,1,100,-0.262
1766633924.913198,62784.000,8136,3,AY,1,100,1.014
1766633924.953195,62824.000,8153,2,AY,1,100,1.699
1766633924.993192,62864.000,8153,2,AY,1,100,1.645
1766633925.033189,62904.000,8169,3,AY,1,100,0.112
1766633925.073186,62944.000,8169,3,AY,1,100,1.341
1766633925.113182,62984.000,8169,3,AY,1,100,1.086
1766633925.153179,63024.000,8189,2,AY,1,100,0.200
1766633925.193176,63064.000,8189,2,AY,1,100,-0.450
1766633925.233173,63104.000,8203,3,AY,1,100,0.924
1766633925.273170,63144.000,8203,3,AY,1,100,1.587
1766633925.313166,63184.000,8203,3,AY,1,100,1.211
1766633925.348497,63219.333,8220,3,AY,1,100,1.094
1766633925.383827,63254.667,8220,3,AY,1,100,0.994
1766633925.419158,63290.000,8220,3,AY,1,100,0.020
1766633925.459154,63330.000,8238,2,AY,1,100,-1.447
1766633925.499151,63370.000,8238,2,AY,1,100,0.898
1766633925.539148,63410.000,8256,3,AY,1,100,1.113
1766633925.579145,63450.000,8256,3,AY,1,100,0.544
1766633925.619142,63490.000,8256,3,AY,1,100,0.715
1766633925.659138,63530.000,8270,2,AY,1,100,0.358
1766633925.699135,63570.000,8270,2,AY,1,100,0.243
1766633925.739132,63610.000,8289,3,AY,1,100,-0.330
1766633925.779129,63650.000,8289,3,AY,1,100,0.390
1766633925.819125,63690.000,8289,3,AY,1,100,1.691
1766633925.859122,63730.000,8306,2,AY,1,100,0.868
1766633925.899119,63770.000,8306,2,AY,1,100,0.861
1766633925.939116,63810.000,8323,3,AY,1,100,0.565
1766633925.979112,63850.000,8323,3,AY,1,100,0.694
1766633926.019109,63890.000,8323,3,AY,1,100,0.067
1766633926.059106,63930.000,8339,2,AY,1,100,-0.007
1766633926.099103,63970.000,8339,2,AY,1,100,-0.503
1766633926.134433,64005.333,8359,3,AY,1,100,0.938
1766633926.169764,64040.667,8359,3,AY,1,100,1.455
1766633926.205094,64076.000,8359,3,AY,1,100,1.837
1766633926.245091,64116.000,8375,3,AY,1,100,0.450
1766633926.285088,64156.000,8375,3,AY,1,100,0.712
1766633926.325084,64196.000,8375,3,AY,1,100,1.015
1766633926.365081,64236.000,8392,2,AY,1,100,0.986
1766633926.405078,64276.000,8392,2,AY,1,100,1.368
1766633926.445075,64316.000,8408,3,AY,1,100,0.665
1766633926.485071,64356.000,8408,3,AY,1,100,0.708
1766633926.525068,64396.000,8408,3,AY,1,100,0.654
1766633926.565065,64436.000,8428,2,AY,1,100,0.726
1766633926.605062,64476.000,8428,2,AY,1,100,0.790
1766633926.645059,64516.000,8444,3,AY,1,100,0.857
1766633926.685055,64556.000,8444,3,AY,1,100,0.816
1766633926.725052,64596.000,8444,3,AY,1,100,0.880
1766633926.765049,64636.000,8461,3,AY,1,100,0.930
1766633926.805046,64676.000,8461,3,AY,1,100,0.904
1766633926.845042,64716.000,8461,3,AY,1,100,0.870
1766633926.885039,64756.000,8477,2,AY,1,100,0.832
1766633926.925036,64796.000,8477,2,AY,1,100,0.799
1766633926.961033,64832.000,8493,3,AY,1,100,0.900
1766633926.997030,64868.000,8493,3,AY,1,100,0.872
1766633927.033027,64904.000,8493,3,AY,1,100,0.863
1766633927.073024,64944.000,8514,3,AY,1,100,0.828
1766633927.113021,64984.000,8514,3,AY,1,100,0.854
1766633927.153018,65024.000,8514,3,AY,1,100,0.858
1766633927.193014,65064.000,8532,2,AY,1,100,0.882
1766633927.233011,65104.000,8532,2,AY,1,100,0.893
1766633927.273008,65144.000,8548,3,AY,1,100,0.841
1766633927.313004,65184.000,8548,3,AY,1,100,1.147
1766633927.353001,65224.000,8548,3,AY,1,100,1.320
1766633927.392998,65264.000,8563,2,AY,1,100,1.055
1766633927.432995,65304.000,8563,2,AY,1,100,0.884
1766633927.472991,65344.000,8580,3,AY,1,100,0.814
1766633927.512988,65384.000,8580,3,AY,1,100,0.936
1766633927.552985,65424.000,8580,3,AY,1,100,1.053
1766633927.592982,65464.000,8597,2,AY,1,100,1.080
1766633927.632979,65504.000,8597,2,AY,1,100,1.043
1766633927.672975,65544.000,8613,3,AY,1,100,0.923
1766633927.712972,65584.000,8613,3,AY,1,100,0.944
1766633927.752969,65624.000,8613,3,AY,1,100,0.805
1766633927.792966,65664.000,8628,2,AY,1,100,0.831
1766633927.832963,65704.000,8628,2,AY,1,100,0.755
1766633927.868293,65739.333,8645,3,AY,1,100,0.846
1766633927.903623,65774.667,8645,3,AY,1,100,0.898
1766633927.938954,65810.000,8645,3,AY,1,100,0.958
1766633927.978617,65849.667,8662,3,AY,1,100,1.021
1766633928.018281,65889.333,8662,3,AY,1,100,1.109
1766633928.057944,65929.000,8662,3,AY,1,100,1.007
1766633928.097941,65969.000,8678,2,AY,1,100,0.830
1766633928.137938,66009.000,8678,2,AY,1,100,0.695
1766633928.177935,66049.000,8694,3,AY,1,100,0.475
1766633928.217931,66089.000,8694,3,AY,1,100,-0.092
1766633928.257928,66129.000,8694,3,AY,1,100,1.076
1766633928.297925,66169.000,8710,2,AY,1,100,0.984
1766633928.337922,66209.000,8710,2,AY,1,100,1.845
1766633928.377918,66249.000,8727,3,AY,1,100,1.479
1766633928.417915,66289.000,8727,3,AY,1,100,1.136
1766633928.457912,66329.000,8727,3,AY,1,100,0.981
1766633928.498409,66369.500,8744,2,AY,1,100,0.721
1766633928.538905,66410.000,8744,2,AY,1,100,0.678
1766633928.578902,66450.000,8759,3,AY,1,100,0.397
1766633928.618899,66490.000,8759,3,AY,1,100,0.117
1766633928.658896,66530.000,8759,3,AY,1,100,0.092
1766633928.694559,66565.667,8775,3,AY,1,100,0.519
1766633928.730223,66601.333,8775,3,AY,1,100,0.668
1766633928.765887,66637.000,8775,3,AY,1,100,0.737
1766633928.805884,66677.000,8794,2,AY,1,100,0.717
1766633928.845881,66717.000,8794,2,AY,1,100,0.540
1766633928.885877,66757.000,8813,3,AY,1,100,0.258
1766633928.925874,66797.000,8813,3,AY,1,100,0.106
1766633928.965871,66837.000,8813,3,AY,1,100,0.151
1766633929.005868,66877.000,8829,2,AY,1,100,0.242
1766633929.045864,66917.000,8829,2,AY,1,100,0.399
1766633929.085861,66957.000,8844,3,AY,1,100,0.722
1766633929.125858,66997.000,8844,3,AY,1,100,0.839
1766633929.165855,67037.000,8844,3,AY,1,100,1.715
1766633929.205851,67077.000,8862,3,AY,1,100,2.122
1766633929.245848,67117.000,8862,3,AY,1,100,1.684
1766633929.285845,67157.000,8862,3,AY,1,100,1.131
1766633929.325842,67197.000,8878,2,AY,1,100,0.700
1766633929.365839,67237.000,8878,2,AY,1,100,0.200
1766633929.405835,67277.000,8895,3,AY,1,100,-0.064
1766633929.445832,67317.000,8895,3,AY,1,100,0.130
1766633929.485829,67357.000,8895,3,AY,1,100,0.327
1766633929.518826,67390.000,8910,2,AY,1,100,0.456
1766633929.551823,67423.000,8910,2,AY,1,100,0.714
1766633929.591820,67463.000,8927,3,AY,1,100,0.857
1766633929.631817,67503.000,8927,3,AY,1,100,0.729
1766633929.671814,67543.000,8927,3,AY,1,100,0.444
1766633929.711811,67583.000,8945,3,AY,1,100,-0.032
1766633929.751807,67623.000,8945,3,AY,1,100,-0.123
1766633929.791804,67663.000,8945,3,AY,1,100,0.048
1766633929.831801,67703.000,8963,2,AY,1,100,0.730
1766633929.871798,67743.000,8963,2,AY,1,100,1.545
1766633929.911794,67783.000,8977,3,AY,1,100,2.282
1766633929.951791,67823.000,8977,3,AY,1,100,1.787
1766633929.991788,67863.000,8977,3,AY,1,100,1.284
1766633930.031785,67903.000,8994,2,AY,1,100,0.570
1766633930.071781,67943.000,8994,2,AY,1,100,0.198
1766633930.111778,67983.000,9010,3,AY,1,100,0.029
1766633930.151775,68023.000,9010,3,AY,1,100,-0.166
1766633930.191772,68063.000,9010,3,AY,1,100,-0.034
1766633930.231768,68103.000,9030,2,AY,1,100,0.136
1766633930.271765,68143.000,9030,2,AY,1,100,0.393
1766633930.307096,68178.333,9044,3,AY,1,100,0.590
1766633930.342426,68213.667,9044,3,AY,1,100,0.929
1766633930.377757,68249.000,9044,3,AY,1,100,0.989
1766633930.418087,68289.333,9061,3,AY,1,100,0.948
1766633930.458417,68329.667,9061,3,AY,1,100,0.733
1766633930.498747,68370.000,9061,3,AY,1,100,0.466
1766633930.538244,68409.500,9078,2,AY,1,100,0.251
1766633930.577740,68449.000,9078,2,AY,1,100,0.202
1766633930.617737,68489.000,9095,3,AY,1,100,-0.011
1766633930.657734,68529.000,9095,3,AY,1,100,0.006
1766633930.697731,68569.000,9095,3,AY,1,100,1.064
1766633930.737728,68609.000,9109,2,AY,1,100,2.533
1766633930.777724,68649.000,9109,2,AY,1,100,1.779
1766633930.817721,68689.000,9127,3,AY,1,100,0.546
1766633930.857718,68729.000,9127,3,AY,1,100,0.132
1766633930.897715,68769.000,9127,3,AY,1,100,-0.140
1766633930.937711,68809.000,9143,2,AY,1,100,-0.163
1766633930.977708,68849.000,9143,2,AY,1,100,-0.012
1766633931.017705,68889.000,9162,3,AY,1,100,0.551
1766633931.057702,68929.000,9162,3,AY,1,100,1.749
1766633931.097698,68969.000,9162,3,AY,1,100,2.169
1766633931.133696,69005.000,9177,3,AY,1,100,1.312
1766633931.169693,69041.000,9177,3,AY,1,100,0.567
1766633931.205690,69077.000,9177,3,AY,1,100,-0.026
1766633931.245687,69117.000,9194,2,AY,1,100,-0.221
1766633931.285683,69157.000,9194,2,AY,1,100,-0.033
1766633931.325347,69196.667,9210,3,AY,1,100,0.286
1766633931.365010,69236.333,9210,3,AY,1,100,0.615
1766633931.404674,69276.000,9210,3,AY,1,100,0.799
1766633931.444670,69316.000,9229,2,AY,1,100,0.860
1766633931.484667,69356.000,9229,2,AY,1,100,0.486
1766633931.524997,69396.333,9246,3,AY,1,100,0.247
1766633931.565327,69436.667,9246,3,AY,1,100,0.357
1766633931.605657,69477.000,9246,3,AY,1,100,0.533
1766633931.645654,69517.000,9261,2,AY,1,100,1.047
1766633931.685651,69557.000,9261,2,AY,1,100,1.594
1766633931.725648,69597.000,9277,3,AY,1,100,1.311
1766633931.765644,69637.000,9277,3,AY,1,100,0.724
1766633931.805641,69677.000,9277,3,AY,1,100,0.474
1766633931.845638,69717.000,9295,3,AY,1,100,0.519
1766633931.885635,69757.000,9295,3,AY,1,100,0.513
1766633931.925632,69797.000,9295,3,AY,1,100,0.607
1766633931.965128,69836.500,9311,2,AY,1,100,0.647
1766633932.004625,69876.000,9311,2,AY,1,100,0.761
1766633932.039956,69911.333,9328,3,AY,1,100,0.837
1766633932.075286,69946.667,9328,3,AY,1,100,0.811
1766633932.110616,69982.000,9328,3,AY,1,100,0.760
1766633932.150613,70022.000,9349,4,AY,1,100,0.764
1766633932.190610,70062.000,9349,4,AY,1,100,0.735
1766633932.230607,70102.000,9349,4,AY,1,100,0.766
1766633932.270604,70142.000,9349,4,AY,1,100,0.748
1766633932.310600,70182.000,9363,3,AY,1,100,0.724
1766633932.350597,70222.000,9363,3,AY,1,100,0.678
1766633932.390594,70262.000,9363,3,AY,1,100,0.671
1766633932.430591,70302.000,9380,2,AY,1,100,0.632
1766633932.470587,70342.000,9380,2,AY,1,100,0.632
1766633932.510584,70382.000,9397,3,AY,1,100,0.784
1766633932.550581,70422.000,9397,3,AY,1,100,0.883
1766633932.590578,70462.000,9397,3,AY,1,100,0.932
1766633932.630574,70502.000,9416,3,AY,1,100,0.865
1766633932.670571,70542.000,9416,3,AY,1,100,0.767
1766633932.710568,70582.000,9416,3,AY,1,100,0.771
1766633932.750565,70622.000,9432,2,AY,1,100,0.770
1766633932.790561,70662.000,9432,2,AY,1,100,0.772
1766633932.826225,70697.667,9448,3,AY,1,100,0.675
1766633932.861889,70733.333,9448,3,AY,1,100,0.548
1766633932.897553,70769.000,9448,3,AY,1,100,0.469
1766633932.937550,70809.000,9466,3,AY,1,100,0.394
1766633932.977546,70849.000,9466,3,AY,1,100,0.394
1766633933.017543,70889.000,9466,3,AY,1,100,0.741
1766633933.057540,70929.000,9483,2,AY,1,100,1.064
1766633933.097537,70969.000,9483,2,AY,1,100,1.058
1766633933.137533,71009.000,9500,3,AY,1,100,0.890
1766633933.177530,71049.000,9500,3,AY,1,100,0.930
1766633933.217527,71089.000,9500,3,AY,1,100,0.854
1766633933.257524,71129.000,9515,2,AY,1,100,0.786
1766633933.297521,71169.000,9515,2,AY,1,100,0.719
1766633933.337517,71209.000,9531,3,AY,1,100,0.700
1766633933.377514,71249.000,9531,3,AY,1,100,0.915
1766633933.417511,71289.000,9531,3,AY,1,100,1.412
1766633933.458008,71329.500,9548,2,AY,1,100,1.298
1766633933.498504,71370.000,9548,2,AY,1,100,1.049
1766633933.538501,71410.000,9565,3,AY,1,100,0.901
1766633933.578498,71450.000,9565,3,AY,1,100,0.929
1766633933.618495,71490.000,9565,3,AY,1,100,0.595
1766633933.653825,71525.333,9580,3,AY,1,100,0.398
1766633933.689156,71560.667,9580,3,AY,1,100,0.200
1766633933.724486,71596.000,9580,3,AY,1,100,0.442
1766633933.764483,71636.000,9598,2,AY,1,100,0.645
1766633933.804480,71676.000,9598,2,AY,1,100,0.819
1766633933.844476,71716.000,9616,3,AY,1,100,1.448
1766633933.884473,71756.000,9616,3,AY,1,100,1.431
1766633933.924470,71796.000,9616,3,AY,1,100,1.354
1766633933.964467,71836.000,9634,2,AY,1,100,1.083
1766633934.004463,71876.000,9634,2,AY,1,100,1.002
1766633934.044460,71916.000,9649,3,AY,1,100,1.498
1766633934.084457,71956.000,9649,3,AY,1,100,-0.223
1766633934.124454,71996.000,9649,3,AY,1,100,-0.732
1766633934.164450,72036.000,9666,2,AY,1,100,0.059
1766633934.204447,72076.000,9666,2,AY,1,100,1.004
1766633934.244444,72116.000,9685,3,AY,1,100,1.916
1766633934.284441,72156.000,9685,3,AY,1,100,0.987
1766633934.324438,72196.000,9685,3,AY,1,100,0.849
1766633934.364434,72236.000,9701,2,AY,1,100,0.810
1766633934.404431,72276.000,9701,2,AY,1,100,0.198
1766633934.444428,72316.000,9717,3,AY,1,100,0.138
1766633934.484425,72356.000,9717,3,AY,1,100,1.990
1766633934.524421,72396.000,9717,3,AY,1,100,0.917
1766633934.559752,72431.333,9736,3,AY,1,100,0.519
1766633934.595082,72466.667,9736,3,AY,1,100,0.382
1766633934.630413,72502.000,9736,3,AY,1,100,0.202
1766633934.670409,72542.000,9753,2,AY,1,100,-0.094
1766633934.710406,72582.000,9753,2,AY,1,100,1.537
1766633934.750403,72622.000,9770,3,AY,1,100,1.609
1766633934.790400,72662.000,9770,3,AY,1,100,-0.261
1766633934.830397,72702.000,9770,3,AY,1,100,-0.001
1766633934.870393,72742.000,9789,2,AY,1,100,0.217
1766633934.910390,72782.000,9789,2,AY,1,100,-0.426
1766633934.950387,72822.000,9804,3,AY,1,100,-0.829
1766633934.990384,72862.000,9804,3,AY,1,100,-0.097
1766633935.030380,72902.000,9804,3,AY,1,100,2.369
1766633935.070377,72942.000,9822,3,AY,1,100,0.460
1766633935.110374,72982.000,9822,3,AY,1,100,0.121
1766633935.150371,73022.000,9822,3,AY,1,100,0.740
1766633935.190367,73062.000,9839,2,AY,1,100,0.150
1766633935.230364,73102.000,9839,2,AY,1,100,-0.575
1766633935.270361,73142.000,9860,3,AY,1,100,-0.058
1766633935.310358,73182.000,9860,3,AY,1,100,1.725
1766633935.350354,73222.000,9860,3,AY,1,100,0.419
1766633935.386018,73257.667,9874,3,AY,1,100,0.490
1766633935.421682,73293.333,9874,3,AY,1,100,0.911
1766633935.457346,73329.000,9874,3,AY,1,100,0.358
1766633935.497343,73369.000,9894,2,AY,1,100,-0.902
1766633935.537339,73409.000,9894,2,AY,1,100,0.391
1766633935.577336,73449.000,9913,3,AY,1,100,2.300
1766633935.617333,73489.000,9913,3,AY,1,100,0.205
1766633935.657330,73529.000,9913,3,AY,1,100,0.408
1766633935.697326,73569.000,9932,2,AY,1,100,0.458
1766633935.737323,73609.000,9932,2,AY,1,100,0.288
1766633935.777320,73649.000,9946,3,AY,1,100,0.548
1766633935.817317,73689.000,9946,3,AY,1,100,-0.514
1766633935.857314,73729.000,9946,3,AY,1,100,2.001
1766633935.897310,73769.000,9966,2,AY,1,100,1.591
1766633935.937307,73809.000,9966,2,AY,1,100,0.552
1766633935.977304,73849.000,9982,3,AY,1,100,0.505
1766633936.017301,73889.000,9982,3,AY,1,100,1.057
1766633936.057297,73929.000,9982,3,AY,1,100,0.133
1766633936.097294,73969.000,10001,2,AY,1,100,-0.537
1766633936.137291,74009.000,10001,2,AY,1,100,0.477
1766633936.172621,74044.333,10017,3,AY,1,100,2.582
1766633936.207952,74079.667,10017,3,AY,1,100,0.523
1766633936.243282,74115.000,10017,3,AY,1,100,0.773
1766633936.283279,74155.000,10034,3,AY,1,100,0.553
1766633936.323276,74195.000,10034,3,AY,1,100,0.898
1766633936.363273,74235.000,10034,3,AY,1,100,0.323
1766633936.403269,74275.000,10052,2,AY,1,100,0.463
1766633936.443266,74315.000,10052,2,AY,1,100,1.925
1766633936.483263,74355.000,10070,3,AY,1,100,0.888
1766633936.523260,74395.000,10070,3,AY,1,100,0.518
1766633936.563257,74435.000,10070,3,AY,1,100,0.486
1766633936.603253,74475.000,10087,2,AY,1,100,0.624
1766633936.643250,74515.000,10087,2,AY,1,100,0.530
1766633936.683247,74555.000,10103,3,AY,1,100,-0.292
1766633936.723243,74595.000,10103,3,AY,1,100,2.361
1766633936.763240,74635.000,10103,3,AY,1,100,1.403
1766633936.803237,74675.000,10119,2,AY,1,100,0.578
1766633936.843234,74715.000,10119,2,AY,1,100,0.446
1766633936.883231,74755.000,10137,3,AY,1,100,0.577
1766633936.923227,74795.000,10137,3,AY,1,100,0.514
1766633936.963224,74835.000,10137,3,AY,1,100,-0.498
1766633936.998888,74870.667,10153,3,AY,1,100,2.080
1766633937.034552,74906.333,10153,3,AY,1,100,1.589
1766633937.070215,74942.000,10153,3,AY,1,100,0.695
1766633937.110212,74982.000,10169,2,AY,1,100,0.854
1766633937.150209,75022.000,10169,2,AY,1,100,1.370
1766633937.190206,75062.000,10188,3,AY,1,100,0.347
1766633937.230202,75102.000,10188,3,AY,1,100,0.642
1766633937.270199,75142.000,10188,3,AY,1,100,1.936
1766633937.310196,75182.000,10214,3,AY,1,100,0.206
1766633937.350193,75222.000,10214,3,AY,1,100,0.326
1766633937.390190,75262.000,10214,3,AY,1,100,0.803
1766633937.430186,75302.000,10230,2,AY,1,100,0.748
1766633937.470183,75342.000,10230,2,AY,1,100,-0.416
1766633937.510180,75382.000,10248,3,AY,1,100,0.663
1766633937.550177,75422.000,10248,3,AY,1,100,1.190
1766633937.590173,75462.000,10248,3,AY,1,100,0.361
1766633937.630170,75502.000,10264,2,AY,1,100,0.196
1766633937.670167,75542.000,10264,2,AY,1,100,0.950
1766633937.710164,75582.000,10281,3,AY,1,100,0.622
1766633937.750160,75622.000,10281,3,AY,1,100,-1.149
1766633937.790157,75662.000,10281,3,AY,1,100,-0.322
1766633937.825821,75697.667,10300,3,AY,1,100,1.608
1766633937.861485,75733.333,10300,3,AY,1,100,0.886
1766633937.897149,75769.000,10300,3,AY,1,100,1.118
1766633937.937145,75809.000,10316,2,AY,1,100,0.669
1766633937.977142,75849.000,10316,2,AY,1,100,0.024
1766633938.017139,75889.000,10335,3,AY,1,100,-0.548
1766633938.057136,75929.000,10335,3,AY,1,100,0.331
1766633938.097132,75969.000,10335,3,AY,1,100,1.337
1766633938.137129,76009.000,10352,2,AY,1,100,1.763
1766633938.177126,76049.000,10352,2,AY,1,100,0.637
1766633938.217123,76089.000,10369,3,AY,1,100,0.286
1766633938.257119,76129.000,10369,3,AY,1,100,-3.708
1766633938.297116,76169.000,10369,3,AY,1,100,-0.767
1766633938.336613,76208.500,10385,2,AY,1,100,2.209
1766633938.376110,76248.000,10385,2,AY,1,100,0.394
1766633938.416440,76288.333,10400,3,AY,1,100,1.519
1766633938.456770,76328.667,10400,3,AY,1,100,0.416
1766633938.497100,76369.000,10400,3,AY,1,100,0.094
1766633938.537097,76409.000,10420,3,AY,1,100,-0.552
1766633938.577094,76449.000,10420,3,AY,1,100,0.539
1766633938.617090,76489.000,10420,3,AY,1,100,2.142
1766633938.656587,76528.500,10436,2,AY,1,100,1.760
1766633938.696084,76568.000,10436,2,AY,1,100,0.301
1766633938.731748,76603.667,10453,3,AY,1,100,0.388
1766633938.767411,76639.333,10453,3,AY,1,100,0.188
1766633938.803075,76675.000,10453,3,AY,1,100,1.163
1766633938.843072,76715.000,10470,2,AY,1,100,0.939
1766633938.883069,76755.000,10470,2,AY,1,100,2.056
1766633938.923066,76795.000,10489,3,AY,1,100,0.647
1766633938.963062,76835.000,10489,3,AY,1,100,0.591
1766633939.003059,76875.000,10489,3,AY,1,100,-0.351
1766633939.043056,76915.000,10508,3,AY,1,100,-0.064
1766633939.083053,76955.000,10508,3,AY,1,100,0.620
1766633939.123049,76995.000,10508,3,AY,1,100,1.277
1766633939.163046,77035.000,10526,2,AY,1,100,0.898
1766633939.203043,77075.000,10526,2,AY,1,100,1.365
1766633939.243040,77115.000,10540,3,AY,1,100,1.073
1766633939.283036,77155.000,10540,3,AY,1,100,-0.434
1766633939.323033,77195.000,10540,3,AY,1,100,0.393
1766633939.363030,77235.000,10561,2,AY,1,100,1.755
1766633939.403027,77275.000,10561,2,AY,1,100,0.641
1766633939.443024,77315.000,10577,3,AY,1,100,0.771
1766633939.483020,77355.000,10577,3,AY,1,100,0.866
1766633939.523017,77395.000,10577,3,AY,1,100,0.191
1766633939.558681,77430.667,10597,3,AY,1,100,-0.083
1766633939.594345,77466.333,10597,3,AY,1,100,-0.057
1766633939.630008,77502.000,10597,3,AY,1,100,2.310
1766633939.670005,77542.000,10612,2,AY,1,100,1.157
1766633939.710002,77582.000,10612,2,AY,1,100,1.055
1766633939.749999,77622.000,10629,3,AY,1,100,0.630
1766633939.789995,77662.000,10629,3,AY,1,100,0.294
1766633939.829992,77702.000,10629,3,AY,1,100,0.981
1766633939.869989,77742.000,10646,2,AY,1,100,-0.484
1766633939.909986,77782.000,10646,2,AY,1,100,1.593
1766633939.949983,77822.000,10663,3,AY,1,100,1.392
1766633939.989979,77862.000,10663,3,AY,1,100,1.125
1766633940.029976,77902.000,10663,3,AY,1,100,0.193
1766633940.069973,77942.000,10677,2,AY,1,100,0.200
1766633940.109970,77982.000,10677,2,AY,1,100,-0.325
1766633940.150300,78022.333,10695,3,AY,1,100,0.936
1766633940.190630,78062.667,10695,3,AY,1,100,0.789
1766633940.230960,78103.000,10695,3,AY,1,100,1.577
1766633940.270457,78142.500,10713,2,AY,1,100,0.217
1766633940.309953,78182.000,10713,2,AY,1,100,1.017
1766633940.345284,78217.333,10730,3,AY,1,100,0.458
1766633940.380615,78252.667,10730,3,AY,1,100,-0.403
1766633940.415945,78288.000,10730,3,AY,1,100,-0.454
1766633940.455942,78328.000,10747,3,AY,1,100,0.903
1766633940.495939,78368.000,10747,3,AY,1,100,1.376
1766633940.535935,78408.000,10747,3,AY,1,100,1.546
1766633940.575932,78448.000,10764,2,AY,1,100,0.268
1766633940.615929,78488.000,10764,2,AY,1,100,0.415
1766633940.655926,78528.000,10780,3,AY,1,100,0.098
1766633940.695922,78568.000,10780,3,AY,1,100,-0.090
1766633940.735919,78608.000,10780,3,AY,1,100,0.320
1766633940.775916,78648.000,10797,2,AY,1,100,0.596
1766633940.815912,78688.000,10797,2,AY,1,100,0.788
1766633940.855909,78728.000,10814,3,AY,1,100,1.062
1766633940.895906,78768.000,10814,3,AY,1,100,1.023
1766633940.935903,78808.000,10814,3,AY,1,100,1.012
1766633940.975900,78848.000,10829,2,AY,1,100,0.870
1766633941.015896,78888.000,10829,2,AY,1,100,0.870
1766633941.055893,78928.000,10845,3,AY,1,100,0.858
1766633941.095890,78968.000,10845,3,AY,1,100,0.818
1766633941.135887,79008.000,10845,3,AY,1,100,0.906
1766633941.175884,79048.000,10863,3,AY,1,100,0.951
1766633941.215880,79088.000,10863,3,AY,1,100,0.655
1766633941.255877,79128.000,10863,3,AY,1,100,0.983
1766633941.289374,79161.500,10879,2,AY,1,100,1.119
1766633941.322871,79195.000,10879,2,AY,1,100,1.209
1766633941.362868,79235.000,10894,3,AY,1,100,1.051
1766633941.402865,79275.000,10894,3,AY,1,100,0.898
1766633941.442862,79315.000,10894,3,AY,1,100,0.815
1766633941.482859,79355.000,10911,3,AY,1,100,0.795
1766633941.522855,79395.000,10911,3,AY,1,100,0.815
1766633941.562852,79435.000,10911,3,AY,1,100,0.920
1766633941.602849,79475.000,10928,2,AY,1,100,0.995
1766633941.642846,79515.000,10928,2,AY,1,100,1.032
1766633941.682842,79555.000,10944,3,AY,1,100,1.059
1766633941.722839,79595.000,10944,3,AY,1,100,0.998
1766633941.762836,79635.000,10944,3,AY,1,100,0.948
1766633941.802833,79675.000,10961,2,AY,1,100,0.822
1766633941.842829,79715.000,10961,2,AY,1,100,0.923
1766633941.882826,79755.000,10978,3,AY,1,100,0.938
1766633941.922823,79795.000,10978,3,AY,1,100,0.973
1766633941.962820,79835.000,10978,3,AY,1,100,0.989
1766633941.998484,79870.667,10995,3,AY,1,100,0.975
1766633942.034147,79906.333,10995,3,AY,1,100,0.917
1766633942.069811,79942.000,10995,3,AY,1,100,1.053
1766633942.109808,79982.000,11011,2,AY,1,100,1.839
1766633942.149805,80022.000,11011,2,AY,1,100,0.697
1766633942.189801,80062.000,11027,3,AY,1,100,-0.050
1766633942.229798,80102.000,11027,3,AY,1,100,-0.706
1766633942.269795,80142.000,11027,3,AY,1,100,0.163
1766633942.309792,80182.000,11043,2,AY,1,100,2.619
1766633942.349788,80222.000,11043,2,AY,1,100,1.838
1766633942.389785,80262.000,11065,3,AY,1,100,0.774
1766633942.429782,80302.000,11065,3,AY,1,100,1.005
1766633942.469779,80342.000,11065,3,AY,1,100,-0.921
1766633942.509776,80382.000,11082,3,AY,1,100,0.384
1766633942.549772,80422.000,11082,3,AY,1,100,1.326
1766633942.589769,80462.000,11082,3,AY,1,100,1.423
1766633942.629766,80502.000,11099,2,AY,1,100,0.894
1766633942.669763,80542.000,11099,2,AY,1,100,0.884
1766633942.709759,80582.000,11115,3,AY,1,100,0.578
1766633942.749756,80622.000,11115,3,AY,1,100,0.547
1766633942.789753,80662.000,11115,3,AY,1,100,0.704
1766633942.829750,80702.000,11133,2,AY,1,100,0.660
1766633942.869746,80742.000,11133,2,AY,1,100,0.788
1766633942.905077,80777.333,11149,3,AY,1,100,0.867
1766633942.940408,80812.667,11149,3,AY,1,100,0.873
1766633942.975738,80848.000,11149,3,AY,1,100,0.907
1766633943.015735,80888.000,11166,3,AY,1,100,0.886
1766633943.055732,80928.000,11166,3,AY,1,100,0.859
1766633943.095728,80968.000,11166,3,AY,1,100,0.865
1766633943.135725,81008.000,11180,2,AY,1,100,0.886
1766633943.175722,81048.000,11180,2,AY,1,100,0.958
1766633943.215719,81088.000,11200,3,AY,1,100,0.947
1766633943.255715,81128.000,11200,3,AY,1,100,0.911
1766633943.295712,81168.000,11200,3,AY,1,100,0.876
1766633943.335709,81208.000,11216,2,AY,1,100,0.886
1766633943.375705,81248.000,11216,2,AY,1,100,0.853
1766633943.415702,81288.000,11233,3,AY,1,100,0.856
1766633943.455699,81328.000,11233,3,AY,1,100,0.871
1766633943.495696,81368.000,11233,3,AY,1,100,0.873
1766633943.535693,81408.000,11248,2,AY,1,100,0.887
1766633943.575689,81448.000,11248,2,AY,1,100,0.933
1766633943.615686,81488.000,11265,3,AY,1,100,0.975
1766633943.655683,81528.000,11265,3,AY,1,100,0.960
1766633943.695680,81568.000,11265,3,AY,1,100,0.902
1766633943.731344,81603.667,11281,3,AY,1,100,0.859
1766633943.767007,81639.333,11281,3,AY,1,100,0.843
1766633943.802671,81675.000,11281,3,AY,1,100,0.874
1766633943.842668,81715.000,11299,2,AY,1,100,0.891
1766633943.882665,81755.000,11299,2,AY,1,100,0.871
1766633943.922661,81795.000,11316,3,AY,1,100,0.889
1766633943.962658,81835.000,11316,3,AY,1,100,0.928
1766633944.002655,81875.000,11316,3,AY,1,100,0.892
1766633944.042652,81915.000,11332,2,AY,1,100,0.877
1766633944.082648,81955.000,11332,2,AY,1,100,0.896
1766633944.122645,81995.000,11349,3,AY,1,100,0.925
1766633944.162642,82035.000,11349,3,AY,1,100,0.889
1766633944.202639,82075.000,11349,3,AY,1,100,0.904
1766633944.242635,82115.000,11366,2,AY,1,100,0.948
1766633944.282632,82155.000,11366,2,AY,1,100,0.928
1766633944.322629,82195.000,11382,3,AY,1,100,0.926
1766633944.362626,82235.000,11382,3,AY,1,100,0.801
1766633944.402622,82275.000,11382,3,AY,1,100,0.783
1766633944.442619,82315.000,11397,2,AY,1,100,0.874
1766633944.482616,82355.000,11397,2,AY,1,100,0.982
1766633944.522613,82395.000,11414,3,AY,1,100,1.018
1766633944.562610,82435.000,11414,3,AY,1,100,0.953
1766633944.602606,82475.000,11414,3,AY,1,100,0.887
1766633944.637937,82510.333,11431,3,AY,1,100,0.871
1766633944.673267,82545.667,11431,3,AY,1,100,0.840
1766633944.708598,82581.000,11431,3,AY,1,100,0.828
1766633944.748595,82621.000,11447,2,AY,1,100,0.831
1766633944.788591,82661.000,11447,2,AY,1,100,0.917
1766633944.828921,82701.333,11463,3,AY,1,100,0.967
1766633944.869251,82741.667,11463,3,AY,1,100,0.992
1766633944.909581,82782.000,11463,3,AY,1,100,0.931
1766633944.949245,82821.667,11479,3,AY,1,100,0.892
1766633944.988909,82861.333,11479,3,AY,1,100,0.844
1766633945.028572,82901.000,11479,3,AY,1,100,0.872
1766633945.068569,82941.000,11496,2,AY,1,100,0.905
1766633945.108565,82981.000,11496,2,AY,1,100,0.910
1766633945.148562,83021.000,11513,3,AY,1,100,0.927
1766633945.188559,83061.000,11513,3,AY,1,100,0.915
1766633945.228556,83101.000,11513,3,AY,1,100,0.909
1766633945.268553,83141.000,11528,2,AY,1,100,0.916
1766633945.308549,83181.000,11528,2,AY,1,100,0.921
1766633945.348546,83221.000,11544,3,AY,1,100,0.907
1766633945.388543,83261.000,11544,3,AY,1,100,0.896
1766633945.428540,83301.000,11544,3,AY,1,100,0.890
1766633945.464203,83336.667,11561,3,AY,1,100,0.885
1766633945.499867,83372.333,11561,3,AY,1,100,0.897
1766633945.535531,83408.000,11561,3,AY,1,100,0.912
1766633945.575528,83448.000,11578,2,AY,1,100,0.913
1766633945.615525,83488.000,11578,2,AY,1,100,0.901
1766633945.655521,83528.000,11593,3,AY,1,100,0.899
1766633945.695518,83568.000,11593,3,AY,1,100,0.901
1766633945.735515,83608.000,11593,3,AY,1,100,0.884
1766633945.775512,83648.000,11609,2,AY,1,100,0.894
1766633945.815508,83688.000,11609,2,AY,1,100,0.887
1766633945.855505,83728.000,11627,3,AY,1,100,0.909
1766633945.895502,83768.000,11627,3,AY,1,100,0.913
1766633945.935498,83808.000,11627,3,AY,1,100,0.902
1766633945.975495,83848.000,11643,2,AY,1,100,0.889
1766633946.015492,83888.000,11643,2,AY,1,100,0.890
1766633946.055489,83928.000,11659,3,AY,1,100,0.894
1766633946.095486,83968.000,11659,3,AY,1,100,0.898
1766633946.135482,84008.000,11659,3,AY,1,100,0.901
1766633946.171146,84043.667,11675,3,AY,1,100,0.899
1766633946.206810,84079.333,11675,3,AY,1,100,0.908
1766633946.242474,84115.000,11675,3,AY,1,100,0.903
1766633946.282470,84155.000,11692,2,AY,1,100,0.897
1766633946.322467,84195.000,11692,2,AY,1,100,0.902
1766633946.362464,84235.000,11708,3,AY,1,100,0.902
1766633946.402461,84275.000,11708,3,AY,1,100,0.897
1766633946.442458,84315.000,11708,3,AY,1,100,0.887
1766633946.482454,84355.000,11726,2,AY,1,100,0.900
1766633946.522451,84395.000,11726,2,AY,1,100,0.888
1766633946.562448,84435.000,11740,3,AY,1,100,0.894
1766633946.602445,84475.000,11740,3,AY,1,100,0.902
1766633946.642441,84515.000,11740,3,AY,1,100,0.891
1766633946.682438,84555.000,11757,2,AY,1,100,0.896
1766633946.722435,84595.000,11757,2,AY,1,100,0.897
1766633946.762432,84635.000,11773,3,AY,1,100,0.901
1766633946.802428,84675.000,11773,3,AY,1,100,0.890
1766633946.842425,84715.000,11773,3,AY,1,100,0.904
1766633946.882422,84755.000,11791,2,AY,1,100,0.890
1766633946.922419,84795.000,11791,2,AY,1,100,0.886
1766633946.962415,84835.000,11805,3,AY,1,100,0.877
1766633947.002412,84875.000,11805,3,AY,1,100,0.879
1766633947.042409,84915.000,11805,3,AY,1,100,0.904
1766633947.077739,84950.333,11822,3,AY,1,100,0.901
1766633947.113070,84985.667,11822,3,AY,1,100,0.888
1766633947.148401,85021.000,11822,3,AY,1,100,0.891
1766633947.188397,85061.000,11839,2,AY,1,100,0.903
1766633947.228394,85101.000,11839,2,AY,1,100,0.894
1766633947.268391,85141.000,11856,3,AY,1,100,0.895
1766633947.308388,85181.000,11856,3,AY,1,100,0.889
1766633947.348384,85221.000,11856,3,AY,1,100,0.895
1766633947.388381,85261.000,11870,2,AY,1,100,0.900
1766633947.428378,85301.000,11870,2,AY,1,100,0.889
1766633947.468374,85341.000,11893,4,AY,1,100,0.895
1766633947.508371,85381.000,11893,4,AY,1,100,0.900
1766633947.548368,85421.000,11893,4,AY,1,100,0.891
1766633947.588365,85461.000,11893,4,AY,1,100,0.895
1766633947.628362,85501.000,11909,2,AY,1,100,0.901
1766633947.668358,85541.000,11909,2,AY,1,100,0.906
1766633947.708355,85581.000,11926,3,AY,1,100,0.894
1766633947.748352,85621.000,11926,3,AY,1,100,0.906
1766633947.788349,85661.000,11926,3,AY,1,100,0.894
1766633947.828346,85701.000,11943,2,AY,1,100,0.894
1766633947.868342,85741.000,11943,2,AY,1,100,0.892
1766633947.904006,85776.667,11958,3,AY,1,100,0.898
1766633947.939670,85812.333,11958,3,AY,1,100,0.897
1766633947.975334,85848.000,11958,3,AY,1,100,0.897
1766633948.014997,85887.667,11974,3,AY,1,100,0.906
1766633948.054661,85927.333,11974,3,AY,1,100,0.901
1766633948.094324,85967.000,11974,3,AY,1,100,0.895
1766633948.134821,86007.500,11991,2,AY,1,100,0.901
1766633948.175318,86048.000,11991,2,AY,1,100,0.900
1766633948.215314,86088.000,12008,3,AY,1,100,0.899
1766633948.255311,86128.000,12008,3,AY,1,100,0.904
1766633948.295308,86168.000,12008,3,AY,1,100,0.903
1766633948.335304,86208.000,12023,2,AY,1,100,0.896
1766633948.375301,86248.000,12023,2,AY,1,100,0.891
1766633948.415298,86288.000,12039,3,AY,1,100,0.900
1766633948.455295,86328.000,12039,3,AY,1,100,0.910
1766633948.495291,86368.000,12039,3,AY,1,100,0.906
1766633948.535288,86408.000,12057,2,AY,1,100,0.894
1766633948.575285,86448.000,12057,2,AY,1,100,0.896
1766633948.615282,86488.000,12073,3,AY,1,100,0.902
1766633948.655279,86528.000,12073,3,AY,1,100,0.908
1766633948.695275,86568.000,12073,3,AY,1,100,0.900
1766633948.730606,86603.333,12088,3,AY,1,100,0.891
1766633948.765936,86638.667,12088,3,AY,1,100,0.896
1766633948.801267,86674.000,12088,3,AY,1,100,0.906
1766633948.841264,86714.000,12105,2,AY,1,100,0.906
1766633948.881260,86754.000,12105,2,AY,1,100,0.904
1766633948.921257,86794.000,12124,3,AY,1,100,0.894
1766633948.961254,86834.000,12124,3,AY,1,100,0.904
1766633949.001251,86874.000,12124,3,AY,1,100,0.887
1766633949.041247,86914.000,12140,2,AY,1,100,0.892
1766633949.081244,86954.000,12140,2,AY,1,100,0.898
1766633949.121241,86994.000,12156,3,AY,1,100,0.897
1766633949.161238,87034.000,12156,3,AY,1,100,0.904
1766633949.201235,87074.000,12156,3,AY,1,100,0.898
1766633949.241231,87114.000,12172,2,AY,1,100,0.894
1766633949.281228,87154.000,12172,2,AY,1,100,0.901
1766633949.321225,87194.000,12189,3,AY,1,100,0.908
1766633949.361222,87234.000,12189,3,AY,1,100,0.902
1766633949.401218,87274.000,12189,3,AY,1,100,0.897
1766633949.441215,87314.000,12205,2,AY,1,100,0.904
1766633949.481212,87354.000,12205,2,AY,1,100,0.903
1766633949.521209,87394.000,12223,3,AY,1,100,0.903
1766633949.561205,87434.000,12223,3,AY,1,100,0.903
1766633949.601202,87474.000,12223,3,AY,1,100,0.889
1766633949.636866,87509.667,12237,3,AY,1,100,0.886
1766633949.672530,87545.333,12237,3,AY,1,100,0.897
1766633949.708194,87581.000,12237,3,AY,1,100,0.906
1766633949.748190,87621.000,12254,2,AY,1,100,0.888
1766633949.788187,87661.000,12254,2,AY,1,100,0.896
1766633949.828184,87701.000,12271,3,AY,1,100,0.889
1766633949.868181,87741.000,12271,3,AY,1,100,0.897
1766633949.908177,87781.000,12271,3,AY,1,100,0.894
1766633949.948174,87821.000,12288,2,AY,1,100,0.885
1766633949.988171,87861.000,12288,2,AY,1,100,0.893
1766633950.028167,87901.000,12302,3,AY,1,100,0.885
1766633950.068164,87941.000,12302,3,AY,1,100,0.892
1766633950.108161,87981.000,12302,3,AY,1,100,0.888
1766633950.148158,88021.000,12320,3,AY,1,100,0.896
1766633950.188155,88061.000,12320,3,AY,1,100,0.886
1766633950.228151,88101.000,12320,3,AY,1,100,0.880
1766633950.268148,88141.000,12336,2,AY,1,100,0.893
1766633950.308145,88181.000,12336,2,AY,1,100,0.888
1766633950.343809,88216.667,12353,3,AY,1,100,0.882
1766633950.379472,88252.333,12353,3,AY,1,100,0.895
1766633950.415136,88288.000,12353,3,AY,1,100,0.898
1766633950.455133,88328.000,12367,2,AY,1,100,0.895
1766633950.495130,88368.000,12367,2,AY,1,100,0.882
1766633950.535127,88408.000,12385,3,AY,1,100,0.887
1766633950.575123,88448.000,12385,3,AY,1,100,0.892
1766633950.615120,88488.000,12385,3,AY,1,100,0.891
1766633950.655117,88528.000,12401,3,AY,1,100,0.886
1766633950.695114,88568.000,12401,3,AY,1,100,0.891
1766633950.735111,88608.000,12401,3,AY,1,100,0.896
1766633950.775107,88648.000,12418,2,AY,1,100,0.890
1766633950.815104,88688.000,12418,2,AY,1,100,0.886
1766633950.855101,88728.000,12433,3,AY,1,100,0.892
1766633950.895097,88768.000,12433,3,AY,1,100,0.894
1766633950.935094,88808.000,12433,3,AY,1,100,0.902
1766633950.975091,88848.000,12450,2,AY,1,100,0.895
1766633951.015088,88888.000,12450,2,AY,1,100,0.895
1766633951.055084,88928.000,12466,3,AY,1,100,0.888
1766633951.095081,88968.000,12466,3,AY,1,100,0.894
1766633951.135078,89008.000,12466,3,AY,1,100,0.903
1766633951.175075,89048.000,12484,2,AY,1,100,0.903
1766633951.215072,89088.000,12484,2,AY,1,100,0.899
1766633951.250402,89123.333,12499,3,AY,1,100,0.898
1766633951.285733,89158.667,12499,3,AY,1,100,0.888
1766633951.321063,89194.000,12499,3,AY,1,100,0.898
1766633951.361060,89234.000,12515,3,AY,1,100,0.883
1766633951.401057,89274.000,12515,3,AY,1,100,0.900
1766633951.441053,89314.000,12515,3,AY,1,100,0.900
1766633951.481050,89354.000,12532,2,AY,1,100,0.899
1766633951.521047,89394.000,12532,2,AY,1,100,0.891
1766633951.561044,89434.000,12549,3,AY,1,100,0.900
1766633951.601040,89474.000,12549,3,AY,1,100,0.896
1766633951.641037,89514.000,12549,3,AY,1,100,0.896
1766633951.681034,89554.000,12565,2,AY,1,100,0.899
1766633951.721031,89594.000,12565,2,AY,1,100,0.899
1766633951.761028,89634.000,12580,3,AY,1,100,0.900
1766633951.801024,89674.000,12580,3,AY,1,100,0.897
1766633951.841021,89714.000,12580,3,AY,1,100,0.900
1766633951.881018,89754.000,12597,2,AY,1,100,0.892
1766633951.921015,89794.000,12597,2,AY,1,100,0.900
1766633951.961011,89834.000,12614,3,AY,1,100,0.897
1766633952.001008,89874.000,12614,3,AY,1,100,0.895
1766633952.041005,89914.000,12614,3,AY,1,100,0.888
1766633952.076335,89949.333,12630,3,AY,1,100,0.899
1766633952.111666,89984.667,12630,3,AY,1,100,0.901
1766633952.146996,90020.000,12630,3,AY,1,100,0.895
1766633952.186993,90060.000,12646,2,AY,1,100,0.894
1766633952.226990,90100.000,12646,2,AY,1,100,0.876
1766633952.266987,90140.000,12662,3,AY,1,100,0.904
1766633952.306983,90180.000,12662,3,AY,1,100,0.901
1766633952.346980,90220.000,12662,3,AY,1,100,0.915
1766633952.386977,90260.000,12679,2,AY,1,100,0.908
1766633952.426974,90300.000,12679,2,AY,1,100,0.901
1766633952.466970,90340.000,12696,3,AY,1,100,0.895
1766633952.506967,90380.000,12696,3,AY,1,100,0.886
1766633952.546964,90420.000,12696,3,AY,1,100,0.891
1766633952.586961,90460.000,12716,2,AY,1,100,0.893
1766633952.626957,90500.000,12716,2,AY,1,100,0.897
1766633952.666954,90540.000,12732,3,AY,1,100,0.903
1766633952.706951,90580.000,12732,3,AY,1,100,0.889
1766633952.746948,90620.000,12732,3,AY,1,100,0.895
1766633952.786944,90660.000,12749,3,AY,1,100,0.887
1766633952.826941,90700.000,12749,3,AY,1,100,0.891
1766633952.866938,90740.000,12749,3,AY,1,100,0.876
1766633952.900935,90774.000,12766,2,AY,1,100,0.893
1766633952.934932,90808.000,12766,2,AY,1,100,0.900
1766633952.974596,90847.667,12781,3,AY,1,100,0.882
1766633953.014259,90887.333,12781,3,AY,1,100,0.889
1766633953.053923,90927.000,12781,3,AY,1,100,0.891
1766633953.093920,90967.000,12797,2,AY,1,100,0.886
1766633953.133916,91007.000,12797,2,AY,1,100,0.878
1766633953.173913,91047.000,12815,3,AY,1,100,0.881
1766633953.213910,91087.000,12815,3,AY,1,100,0.898
1766633953.253907,91127.000,12815,3,AY,1,100,0.892
1766633953.293904,91167.000,12831,3,AY,1,100,0.885
1766633953.333900,91207.000,12831,3,AY,1,100,0.890
1766633953.373897,91247.000,12831,3,AY,1,100,0.874
1766633953.413894,91287.000,12847,2,AY,1,100,0.882
1766633953.453891,91327.000,12847,2,AY,1,100,0.874
1766633953.493887,91367.000,12863,3,AY,1,100,0.891
1766633953.533884,91407.000,12863,3,AY,1,100,0.892
1766633953.573881,91447.000,12863,3,AY,1,100,0.890
1766633953.613878,91487.000,12880,2,AY,1,100,0.885
1766633953.653874,91527.000,12880,2,AY,1,100,0.885
1766633953.693871,91567.000,12896,3,AY,1,100,0.894
1766633953.733868,91607.000,12896,3,AY,1,100,0.888
1766633953.773865,91647.000,12896,3,AY,1,100,0.883
1766633953.809529,91682.667,12914,3,AY,1,100,0.895
1766633953.845192,91718.333,12914,3,AY,1,100,0.891
1766633953.880856,91754.000,12914,3,AY,1,100,0.893
1766633953.920853,91794.000,12930,2,AY,1,100,0.887
1766633953.960850,91834.000,12930,2,AY,1,100,0.895
1766633954.000846,91874.000,12947,3,AY,1,100,0.889
1766633954.040843,91914.000,12947,3,AY,1,100,0.884
1766633954.080840,91954.000,12947,3,AY,1,100,0.892
1766633954.120837,91994.000,12963,2,AY,1,100,0.889
1766633954.160833,92034.000,12963,2,AY,1,100,0.897
1766633954.200497,92073.667,12981,3,AY,1,100,0.888
1766633954.240160,92113.333,12981,3,AY,1,100,0.890
1766633954.279824,92153.000,12981,3,AY,1,100,0.887
1766633954.320321,92193.500,12995,2,AY,1,100,0.890
1766633954.360817,92234.000,12995,2,AY,1,100,0.889
1766633954.400814,92274.000,13012,3,AY,1,100,0.893
1766633954.440811,92314.000,13012,3,AY,1,100,0.896
1766633954.480808,92354.000,13012,3,AY,1,100,0.897
1766633954.520804,92394.000,13029,3,AY,1,100,0.888
1766633954.560801,92434.000,13029,3,AY,1,100,0.903
1766633954.600798,92474.000,13029,3,AY,1,100,0.893
1766633954.634295,92507.500,13046,2,AY,1,100,0.890
1766633954.667792,92541.000,13046,2,AY,1,100,0.894
1766633954.707789,92581.000,13060,3,AY,1,100,0.898
1766633954.747786,92621.000,13060,3,AY,1,100,0.894
1766633954.787783,92661.000,13060,3,AY,1,100,0.889
1766633954.827780,92701.000,13078,2,AY,1,100,0.903
1766633954.867776,92741.000,13078,2,AY,1,100,0.892
1766633954.907773,92781.000,13094,3,AY,1,100,0.891
1766633954.947770,92821.000,13094,3,AY,1,100,0.889
1766633954.987767,92861.000,13094,3,AY,1,100,0.895
1766633955.027763,92901.000,13111,2,AY,1,100,0.900
1766633955.067760,92941.000,13111,2,AY,1,100,0.892
1766633955.107757,92981.000,13125,3,AY,1,100,0.895
1766633955.147753,93021.000,13125,3,AY,1,100,0.888
1766633955.187750,93061.000,13125,3,AY,1,100,0.895
1766633955.227747,93101.000,13143,3,AY,1,100,0.887
1766633955.267744,93141.000,13143,3,AY,1,100,0.893
1766633955.307741,93181.000,13143,3,AY,1,100,0.900
1766633955.347737,93221.000,13159,2,AY,1,100,0.896
1766633955.387734,93261.000,13159,2,AY,1,100,0.897
1766633955.423065,93296.333,13176,3,AY,1,100,0.893
1766633955.458395,93331.667,13176,3,AY,1,100,0.889
1766633955.493726,93367.000,13176,3,AY,1,100,0.885
1766633955.533722,93407.000,13193,3,AY,1,100,0.897
1766633955.573719,93447.000,13193,3,AY,1,100,0.890
1766633955.613716,93487.000,13193,3,AY,1,100,0.896
1766633955.653713,93527.000,13208,2,AY,1,100,0.895
1766633955.693709,93567.000,13208,2,AY,1,100,0.885
1766633955.733706,93607.000,13224,3,AY,1,100,1.451
1766633955.773703,93647.000,13224,3,AY,1,100,1.500
1766633955.813700,93687.000,13224,3,AY,1,100,1.211
1766633955.853697,93727.000,13242,2,AY,1,100,-0.323
1766633955.893693,93767.000,13242,2,AY,1,100,0.129
1766633955.933690,93807.000,13258,3,AY,1,100,-0.074
1766633955.973687,93847.000,13258,3,AY,1,100,0.223
1766633956.013684,93887.000,13258,3,AY,1,100,0.121
1766633956.053680,93927.000,13273,2,AY,1,100,0.252
1766633956.093677,93967.000,13273,2,AY,1,100,0.463
1766633956.133674,94007.000,13292,3,AY,1,100,0.692
1766633956.173671,94047.000,13292,3,AY,1,100,0.986
1766633956.213667,94087.000,13292,3,AY,1,100,0.824
1766633956.248998,94122.333,13309,3,AY,1,100,1.331
1766633956.284328,94157.667,13309,3,AY,1,100,1.078
1766633956.319659,94193.000,13309,3,AY,1,100,1.804
1766633956.359656,94233.000,13325,2,AY,1,100,1.093
1766633956.399652,94273.000,13325,2,AY,1,100,-0.253
1766633956.439649,94313.000,13340,3,AY,1,100,-0.258
1766633956.479646,94353.000,13340,3,AY,1,100,0.267
1766633956.519643,94393.000,13340,3,AY,1,100,0.958
1766633956.559639,94433.000,13357,2,AY,1,100,1.223
1766633956.599636,94473.000,13357,2,AY,1,100,0.737
1766633956.639633,94513.000,13374,3,AY,1,100,1.269
1766633956.679630,94553.000,13374,3,AY,1,100,1.212
1766633956.719626,94593.000,13374,3,AY,1,100,1.823
1766633956.759623,94633.000,13390,2,AY,1,100,0.393
1766633956.799620,94673.000,13390,2,AY,1,100,-0.419
1766633956.839617,94713.000,13408,3,AY,1,100,-0.374
1766633956.879614,94753.000,13408,3,AY,1,100,1.815
1766633956.919610,94793.000,13408,3,AY,1,100,1.206
1766633956.959607,94833.000,13424,3,AY,1,100,1.513
1766633956.999604,94873.000,13424,3,AY,1,100,0.935
1766633957.039601,94913.000,13424,3,AY,1,100,0.606
1766633957.073598,94947.000,13441,2,AY,1,100,0.802
1766633957.107595,94981.000,13441,2,AY,1,100,0.971
1766633957.147592,95021.000,13460,3,AY,1,100,0.880
1766633957.187589,95061.000,13460,3,AY,1,100,0.948
1766633957.227585,95101.000,13460,3,AY,1,100,0.892
1766633957.267582,95141.000,13476,2,AY,1,100,0.870
1766633957.307579,95181.000,13476,2,AY,1,100,0.883
1766633957.347576,95221.000,13493,3,AY,1,100,0.877
1766633957.387573,95261.000,13493,3,AY,1,100,0.916
1766633957.427569,95301.000,13493,3,AY,1,100,0.892
1766633957.467566,95341.000,13510,2,AY,1,100,0.919
1766633957.507563,95381.000,13510,2,AY,1,100,0.894
1766633957.547226,95420.667,13527,3,AY,1,100,0.914
1766633957.586890,95460.333,13527,3,AY,1,100,0.885
1766633957.626553,95500.000,13527,3,AY,1,100,0.880
1766633957.666883,95540.333,13544,3,AY,1,100,0.906
1766633957.707213,95580.667,13544,3,AY,1,100,0.919
1766633957.747543,95621.000,13544,3,AY,1,100,0.955
1766633957.787040,95660.500,13563,2,AY,1,100,0.919
1766633957.826537,95700.000,13563,2,AY,1,100,0.926
1766633957.866534,95740.000,13581,3,AY,1,100,0.881
1766633957.906530,95780.000,13581,3,AY,1,100,0.894
1766633957.946527,95820.000,13581,3,AY,1,100,0.896
1766633957.980025,95853.500,13597,2,AY,1,100,0.935
1766633958.013522,95887.000,13597,2,AY,1,100,0.968
1766633958.053185,95926.667,13614,3,AY,1,100,0.908
1766633958.092849,95966.333,13614,3,AY,1,100,0.909
1766633958.132512,96006.000,13614,3,AY,1,100,0.901
1766633958.172509,96046.000,13629,3,AY,1,100,0.889
1766633958.212506,96086.000,13629,3,AY,1,100,0.920
1766633958.252502,96126.000,13629,3,AY,1,100,0.916
1766633958.292499,96166.000,13646,2,AY,1,100,0.934
1766633958.332496,96206.000,13646,2,AY,1,100,0.937
1766633958.372493,96246.000,13662,3,AY,1,100,0.915
1766633958.412490,96286.000,13662,3,AY,1,100,0.888
1766633958.452486,96326.000,13662,3,AY,1,100,0.878
1766633958.492983,96366.500,13682,2,AY,1,100,0.896
1766633958.533480,96407.000,13682,2,AY,1,100,0.925
1766633958.573143,96446.667,13696,3,AY,1,100,0.950
1766633958.612807,96486.333,13696,3,AY,1,100,0.944
1766633958.652470,96526.000,13696,3,AY,1,100,0.933
1766633958.692967,96566.500,13713,2,AY,1,100,0.885
1766633958.733464,96607.000,13713,2,AY,1,100,0.875
1766633958.769127,96642.667,13729,3,AY,1,100,0.880
1766633958.804791,96678.333,13729,3,AY,1,100,0.898
1766633958.840455,96714.000,13729,3,AY,1,100,0.942
1766633958.880452,96754.000,13749,3,AY,1,100,0.932
1766633958.920449,96794.000,13749,3,AY,1,100,0.927
1766633958.960445,96834.000,13749,3,AY,1,100,0.904
1766633959.000442,96874.000,13763,2,AY,1,100,0.890
1766633959.040439,96914.000,13763,2,AY,1,100,0.888
1766633959.080436,96954.000,13780,3,AY,1,100,0.892
1766633959.120432,96994.000,13780,3,AY,1,100,0.925
1766633959.160429,97034.000,13780,3,AY,1,100,0.916
1766633959.200426,97074.000,13797,2,AY,1,100,0.912
1766633959.240423,97114.000,13797,2,AY,1,100,0.892
1766633959.280419,97154.000,13814,3,AY,1,100,0.896
1766633959.320416,97194.000,13814,3,AY,1,100,0.879
1766633959.360413,97234.000,13814,3,AY,1,100,0.891
1766633959.400410,97274.000,13828,2,AY,1,100,0.908
1766633959.440407,97314.000,13828,2,AY,1,100,0.923
1766633959.480403,97354.000,13846,3,AY,1,100,0.911
1766633959.520400,97394.000,13846,3,AY,1,100,0.903
1766633959.560397,97434.000,13846,3,AY,1,100,0.845
1766633959.595727,97469.333,13862,3,AY,1,100,0.687
1766633959.631058,97504.667,13862,3,AY,1,100,1.023
1766633959.666388,97540.000,13862,3,AY,1,100,1.427
1766633959.706385,97580.000,13879,2,AY,1,100,1.554
1766633959.746382,97620.000,13879,2,AY,1,100,1.234
1766633959.786378,97660.000,13896,3,AY,1,100,0.016
1766633959.826375,97700.000,13896,3,AY,1,100,0.047
1766633959.866372,97740.000,13896,3,AY,1,100,-0.366
1766633959.906369,97780.000,13913,2,AY,1,100,1.735
1766633959.946366,97820.000,13913,2,AY,1,100,1.200
1766633959.986362,97860.000,13929,3,AY,1,100,1.498
1766633960.026359,97900.000,13929,3,AY,1,100,1.035
1766633960.066356,97940.000,13929,3,AY,1,100,0.934
1766633960.106353,97980.000,13946,2,AY,1,100,0.308
1766633960.146349,98020.000,13946,2,AY,1,100,0.953
1766633960.186346,98060.000,13963,3,AY,1,100,1.194
1766633960.226343,98100.000,13963,3,AY,1,100,0.911
1766633960.266340,98140.000,13963,3,AY,1,100,0.839
1766633960.306336,98180.000,13978,2,AY,1,100,0.889
1766633960.346333,98220.000,13978,2,AY,1,100,0.812
1766633960.386330,98260.000,13994,3,AY,1,100,0.871
1766633960.426327,98300.000,13994,3,AY,1,100,0.866
1766633960.466323,98340.000,13994,3,AY,1,100,0.861
1766633960.501654,98375.333,14012,3,AY,1,100,0.893
1766633960.536984,98410.667,14012,3,AY,1,100,0.874
1766633960.572315,98446.000,14012,3,AY,1,100,0.865
1766633960.612312,98486.000,14030,2,AY,1,100,0.881
1766633960.652308,98526.000,14030,2,AY,1,100,0.866
1766633960.692305,98566.000,14045,3,AY,1,100,0.906
1766633960.732302,98606.000,14045,3,AY,1,100,0.923
1766633960.772299,98646.000,14045,3,AY,1,100,0.912
1766633960.812295,98686.000,14062,3,AY,1,100,0.867
1766633960.852292,98726.000,14062,3,AY,1,100,0.837
1766633960.892289,98766.000,14062,3,AY,1,100,0.840
1766633960.932286,98806.000,14079,2,AY,1,100,0.863
1766633960.972283,98846.000,14079,2,AY,1,100,0.919
1766633961.012279,98886.000,14095,3,AY,1,100,0.909
1766633961.052276,98926.000,14095,3,AY,1,100,0.911
1766633961.092273,98966.000,14095,3,AY,1,100,0.911
1766633961.132270,99006.000,14110,2,AY,1,100,0.871
1766633961.172266,99046.000,14110,2,AY,1,100,0.860
1766633961.212263,99086.000,14127,3,AY,1,100,0.838
1766633961.252260,99126.000,14127,3,AY,1,100,0.857
1766633961.292257,99166.000,14127,3,AY,1,100,0.891
1766633961.325754,99199.500,14144,2,AY,1,100,0.913
1766633961.359251,99233.000,14144,2,AY,1,100,0.916
1766633961.399581,99273.333,14160,3,AY,1,100,0.918
1766633961.439911,99313.667,14160,3,AY,1,100,0.909
1766633961.480242,99354.000,14160,3,AY,1,100,0.862
1766633961.520238,99394.000,14176,3,AY,1,100,0.788
1766633961.560235,99434.000,14176,3,AY,1,100,0.827
1766633961.600232,99474.000,14176,3,AY,1,100,0.898
1766633961.640229,99514.000,14192,2,AY,1,100,0.908
1766633961.680225,99554.000,14192,2,AY,1,100,0.896
1766633961.719889,99593.667,14209,3,AY,1,100,0.864
1766633961.759552,99633.333,14209,3,AY,1,100,0.893
1766633961.799216,99673.000,14209,3,AY,1,100,0.877
1766633961.839212,99713.000,14226,2,AY,1,100,0.888
1766633961.879209,99753.000,14226,2,AY,1,100,0.873
1766633961.919206,99793.000,14242,3,AY,1,100,0.889
1766633961.959203,99833.000,14242,3,AY,1,100,0.884
1766633961.999200,99873.000,14242,3,AY,1,100,0.874
1766633962.039196,99913.000,14257,2,AY,1,100,0.861
1766633962.079193,99953.000,14257,2,AY,1,100,0.816
1766633962.114524,99988.333,14274,3,AY,1,100,0.806
1766633962.149854,100023.667,14274,3,AY,1,100,0.843
1766633962.185184,100059.000,14274,3,AY,1,100,0.860
1766633962.225181,100099.000,14291,3,AY,1,100,0.924
1766633962.265178,100139.000,14291,3,AY,1,100,0.962
1766633962.305175,100179.000,14291,3,AY,1,100,0.932
1766633962.345171,100219.000,14310,2,AY,1,100,0.889
1766633962.385168,100259.000,14310,2,AY,1,100,0.851
1766633962.425165,100299.000,14324,3,AY,1,100,0.849
1766633962.465162,100339.000,14324,3,AY,1,100,0.857
1766633962.505159,100379.000,14324,3,AY,1,100,0.833
1766633962.545155,100419.000,14342,2,AY,1,100,0.828
1766633962.585152,100459.000,14342,2,AY,1,100,0.854
1766633962.625149,100499.000,14358,3,AY,1,100,0.881
1766633962.665146,100539.000,14358,3,AY,1,100,0.942
1766633962.705142,100579.000,14358,3,AY,1,100,0.956
1766633962.745639,100619.500,14375,2,AY,1,100,0.935
1766633962.786136,100660.000,14375,2,AY,1,100,0.890
1766633962.826133,100700.000,14395,3,AY,1,100,0.867
1766633962.866129,100740.000,14395,3,AY,1,100,0.852
1766633962.906126,100780.000,14395,3,AY,1,100,0.830
1766633962.941790,100815.667,14412,3,AY,1,100,0.813
1766633962.977454,100851.333,14412,3,AY,1,100,0.840
1766633963.013118,100887.000,14412,3,AY,1,100,0.852
1766633963.053114,100927.000,14428,2,AY,1,100,0.917
1766633963.093111,100967.000,14428,2,AY,1,100,0.958
1766633963.133108,101007.000,14448,3,AY,1,100,0.963
1766633963.173105,101047.000,14448,3,AY,1,100,0.910
1766633963.213101,101087.000,14448,3,AY,1,100,0.861
1766633963.253098,101127.000,14462,2,AY,1,100,0.849
1766633963.293095,101167.000,14462,2,AY,1,100,0.856
1766633963.333092,101207.000,14479,3,AY,1,100,0.832
1766633963.373088,101247.000,14479,3,AY,1,100,0.832
1766633963.413085,101287.000,14479,3,AY,1,100,0.828
1766633963.453082,101327.000,14495,3,AY,1,100,0.860
1766633963.493079,101367.000,14495,3,AY,1,100,0.940
1766633963.533076,101407.000,14495,3,AY,1,100,0.976
1766633963.573072,101447.000,14513,2,AY,1,100,0.957
1766633963.613069,101487.000,14513,2,AY,1,100,0.896
1766633963.653066,101527.000,14529,3,AY,1,100,0.830
1766633963.693063,101567.000,14529,3,AY,1,100,0.837
1766633963.733059,101607.000,14529,3,AY,1,100,0.838
1766633963.773056,101647.000,14546,2,AY,1,100,0.845
1766633963.813053,101687.000,14546,2,AY,1,100,0.840
1766633963.848383,101722.333,14563,3,AY,1,100,0.882
1766633963.883714,101757.667,14563,3,AY,1,100,0.916
1766633963.919044,101793.000,14563,3,AY,1,100,0.926
1766633963.959041,101833.000,14584,3,AY,1,100,0.949
1766633963.999038,101873.000,14584,3,AY,1,100,0.918
1766633964.039035,101913.000,14584,3,AY,1,100,0.908
1766633964.079031,101953.000,14599,2,AY,1,100,0.861
1766633964.119028,101993.000,14599,2,AY,1,100,0.845
1766633964.159025,102033.000,14616,3,AY,1,100,0.845
1766633964.199022,102073.000,14616,3,AY,1,100,0.850
1766633964.239018,102113.000,14616,3,AY,1,100,0.859
1766633964.279015,102153.000,14632,2,AY,1,100,0.859
1766633964.319012,102193.000,14632,2,AY,1,100,0.914
1766633964.359009,102233.000,14649,3,AY,1,100,0.960
1766633964.399005,102273.000,14649,3,AY,1,100,0.947
1766633964.439002,102313.000,14649,3,AY,1,100,0.911
1766633964.478999,102353.000,14666,2,AY,1,100,0.885
1766633964.518996,102393.000,14666,2,AY,1,100,0.857
1766633964.558993,102433.000,14681,3,AY,1,100,0.854
1766633964.598989,102473.000,14681,3,AY,1,100,0.825
1766633964.638986,102513.000,14681,3,AY,1,100,0.811
1766633964.674317,102548.333,14697,3,AY,1,100,0.816
1766633964.709647,102583.667,14697,3,AY,1,100,0.834
1766633964.744977,102619.000,14697,3,AY,1,100,0.906
1766633964.784974,102659.000,14714,2,AY,1,100,0.960
1766633964.824971,102699.000,14714,2,AY,1,100,0.973
1766633964.864968,102739.000,14733,3,AY,1,100,0.903
1766633964.904964,102779.000,14733,3,AY,1,100,0.849
1766633964.944961,102819.000,14733,3,AY,1,100,0.848
1766633964.984958,102859.000,14748,2,AY,1,100,0.854
1766633965.024955,102899.000,14748,2,AY,1,100,0.820
1766633965.064952,102939.000,14764,3,AY,1,100,0.827
1766633965.104948,102979.000,14764,3,AY,1,100,0.842
1766633965.144945,103019.000,14764,3,AY,1,100,0.899
1766633965.184942,103059.000,14782,2,AY,1,100,0.951
1766633965.224939,103099.000,14782,2,AY,1,100,0.966
1766633965.264935,103139.000,14798,3,AY,1,100,0.927
1766633965.304932,103179.000,14798,3,AY,1,100,0.882
1766633965.344929,103219.000,14798,3,AY,1,100,0.863
1766633965.384926,103259.000,14813,2,AY,1,100,0.850
1766633965.424922,103299.000,14813,2,AY,1,100,0.836
1766633965.460586,103334.667,14830,3,AY,1,100,0.826
1766633965.496250,103370.333,14830,3,AY,1,100,0.817
1766633965.531914,103406.000,14830,3,AY,1,100,0.835
1766633965.571911,103446.000,14849,3,AY,1,100,0.906
1766633965.611907,103486.000,14849,3,AY,1,100,0.969
1766633965.651904,103526.000,14849,3,AY,1,100,0.956
1766633965.691901,103566.000,14865,2,AY,1,100,0.909
1766633965.731898,103606.000,14865,2,AY,1,100,0.869
1766633965.772228,103646.333,14880,3,AY,1,100,0.832
1766633965.812558,103686.667,14880,3,AY,1,100,0.851
1766633965.852888,103727.000,14880,3,AY,1,100,0.842
1766633965.892385,103766.500,14897,2,AY,1,100,0.892
1766633965.931881,103806.000,14897,2,AY,1,100,0.869
1766633965.971878,103846.000,14914,3,AY,1,100,0.863
1766633966.011875,103886.000,14914,3,AY,1,100,0.918
1766633966.051872,103926.000,14914,3,AY,1,100,0.957
1766633966.091869,103966.000,14930,3,AY,1,100,0.940
1766633966.131865,104006.000,14930,3,AY,1,100,0.878
1766633966.171862,104046.000,14930,3,AY,1,100,0.842
1766633966.211859,104086.000,14947,2,AY,1,100,0.824
1766633966.251856,104126.000,14947,2,AY,1,100,0.844
1766633966.287186,104161.333,14962,3,AY,1,100,0.818
1766633966.322517,104196.667,14962,3,AY,1,100,0.860
1766633966.357847,104232.000,14962,3,AY,1,100,0.869
1766633966.397844,104272.000,14981,3,AY,1,100,0.909
1766633966.437841,104312.000,14981,3,AY,1,100,0.915
1766633966.477837,104352.000,14981,3,AY,1,100,0.910
1766633966.517834,104392.000,14998,2,AY,1,100,0.897
1766633966.557831,104432.000,14998,2,AY,1,100,0.906
1766633966.597828,104472.000,15015,3,AY,1,100,0.883
1766633966.637825,104512.000,15015,3,AY,1,100,0.862
1766633966.677821,104552.000,15015,3,AY,1,100,0.859
