LocalTimestamp,EmotiBitTimestamp,PacketNumber,DataLength,TypeTag,ProtocolVersion,DataReliability,EM
1766633906.519686,44389.000,5146,4,EM,1,100,RS
1766633906.519686,44389.000,5146,4,EM,1,100,RB
1766633906.519686,44389.000,5146,4,EM,1,100,2025-12-24_19-38-26-047210.csv
1766633906.519686,44389.000,5146,4,EM,1,100,PS
1766633906.569932,44439.250,5167,4,EM,1,100,RS
1766633906.620178,44489.500,5167,4,EM,1,100,RB
1766633906.670424,44539.750,5167,4,EM,1,100,2025-12-24_19-38-26-047210.csv
1766633906.720670,44590.000,5167,4,EM,1,100,PS
1766633906.770916,44640.250,5200,4,EM,1,100,RS
1766633906.821162,44690.500,5200,4,EM,1,100,RB
1766633906.871408,44740.750,5200,4,EM,1,100,2025-12-24_19-38-26-047210.csv
1766633906.921654,44791.000,5200,4,EM,1,100,PS
1766633906.971900,44841.250,5232,4,EM,1,100,RS
1766633907.022145,44891.500,5232,4,EM,1,100,RB
1766633907.072391,44941.750,5232,4,EM,1,100,2025-12-24_19-38-26-047210.csv
1766633907.122637,44992.000,5232,4,EM,1,100,PS
1766633907.172883,45042.250,5266,4,EM,1,100,RS
1766633907.223129,45092.500,5266,4,EM,1,100,RB
1766633907.273375,45142.750,5266,4,EM,1,100,2025-12-24_19-38-26-047210.csv
1766633907.323621,45193.000,5266,4,EM,1,100,PS
1766633907.373867,45243.250,5297,4,EM,1,100,RS
1766633907.424113,45293.500,5297,4,EM,1,100,RB
1766633907.474359,45343.750,5297,4,EM,1,100,2025-12-24_19-38-26-047210.csv
1766633907.524605,45394.000,5297,4,EM,1,100,PS
1766633907.574851,45444.250,5331,4,EM,1,100,RS
1766633907.625097,45494.500,5331,4,EM,1,100,RB
1766633907.675343,45544.750,5331,4,EM,1,100,2025-12-24_19-38-26-047210.csv
1766633907.725589,45595.000,5331,4,EM,1,100,PS
1766633907.776584,45646.000,5362,4,EM,1,100,RS
1766633907.827580,45697.000,5362,4,EM,1,100,RB
1766633907.878576,45748.000,5362,4,EM,1,100,2025-12-24_19-38-26-047210.csv
1766633907.929572,45799.000,5362,4,EM,1,100,PS
1766633907.979818,45849.250,5396,4,EM,1,100,RS
1766633908.030064,45899.500,5396,4,EM,1,100,RB
1766633908.080310,45949.750,5396,4,EM,1,100,2025-12-24_19-38-26-047210.csv
1766633908.130556,46000.000,5396,4,EM,1,100,PS
1766633908.180802,46050.250,5428,4,EM,1,100,RS
1766633908.231048,46100.500,5428,4,EM,1,100,RB
1766633908.281294,46150.750,5428,4,EM,1,100,2025-12-24_19-38-26-047210.csv
1766633908.331539,46201.000,5428,4,EM,1,100,PS
1766633908.381785,46251.250,5461,4,EM,1,100,RS
1766633908.432031,46301.500,5461,4,EM,1,100,RB
1766633908.482277,46351.750,5461,4,EM,1,100,2025-12-24_19-38-26-047210.csv
1766633908.532523,46402.000,5461,4,EM,1,100,PS
1766633908.583019,46452.500,5493,4,EM,1,100,RS
1766633908.633515,46503.000,5493,4,EM,1,100,RB
1766633908.684011,46553.500,5493,4,EM,1,100,2025-12-24_19-38-26-047210.csv
1766633908.734507,46604.000,5493,4,EM,1,100,PS
1766633908.784753,46654.250,5528,4,EM,1,100,RS
1766633908.834999,46704.500,5528,4,EM,1,100,RB
1766633908.885245,46754.750,5528,4,EM,1,100,2025-12-24_19-38-26-047210.csv
1766633908.935491,46805.000,5528,4,EM,1,100,PS
1766633908.985737,46855.250,5560,4,EM,1,100,RS
1766633909.035983,46905.500,5560,4,EM,1,100,RB
1766633909.086228,46955.750,5560,4,EM,1,100,2025-12-24_19-38-26-047210.csv
1766633909.136474,47006.000,5560,4,EM,1,100,PS
1766633909.186720,47056.250,5594,4,EM,1,100,RS
1766633909.236966,47106.500,5594,4,EM,1,100,RB
1766633909.287212,47156.750,5594,4,EM,1,100,2025-12-24_19-38-26-047210.csv
1766633909.337458,47207.000,5594,4,EM,1,100,PS
1766633909.387704,47257.250,5625,4,EM,1,100,RS
1766633909.437950,47307.500,5625,4,EM,1,100,RB
1766633909.488196,47357.750,5625,4,EM,1,100,2025-12-24_19-38-26-047210.csv
1766633909.538442,47408.000,5625,4,EM,1,100,PS
1766633909.588688,47458.250,5659,4,EM,1,100,RS
1766633909.638934,47508.500,5659,4,EM,1,100,RB
1766633909.689180,47558.750,5659,4,EM,1,100,2025-12-24_19-38-26-047210.csv
1766633909.739426,47609.000,5659,4,EM,1,100,PS
1766633909.790172,47659.750,5690,4,EM,1,100,RS
1766633909.840917,47710.500,5690,4,EM,1,100,RB
1766633909.891663,47761.250,5690,4,EM,1,100,2025-12-24_19-38-26-047210.csv
1766633909.942409,47812.000,5690,4,EM,1,100,PS
1766633909.992655,47862.250,5724,4,EM,1,100,RS
1766633910.042901,47912.500,5724,4,EM,1,100,RB
1766633910.093147,47962.750,5724,4,EM,1,100,2025-12-24_19-38-26-047210.csv
1766633910.143393,48013.000,5724,4,EM,1,100,PS
1766633910.193639,48063.250,5757,4,EM,1,100,RS
1766633910.243885,48113.500,5757,4,EM,1,100,RB
1766633910.294131,48163.750,5757,4,EM,1,100,2025-12-24_19-38-26-047210.csv
1766633910.344377,48214.000,5757,4,EM,1,100,PS
1766633910.394623,48264.250,5789,4,EM,1,100,RS
1766633910.444869,48314.500,5789,4,EM,1,100,RB
1766633910.495115,48364.750,5789,4,EM,1,100,2025-12-24_19-38-26-047210.csv
1766633910.545360,48415.000,5789,4,EM,1,100,PS
1766633910.595606,48465.250,5823,4,EM,1,100,RS
1766633910.645852,48515.500,5823,4,EM,1,100,RB
1766633910.696098,48565.750,5823,4,EM,1,100,2025-12-24_19-38-26-047210.csv
1766633910.746344,48616.000,5823,4,EM,1,100,PS
1766633910.796590,48666.250,5855,4,EM,1,100,RS
1766633910.846836,48716.500,5855,4,EM,1,100,RB
1766633910.897082,48766.750,5855,4,EM,1,100,2025-12-24_19-38-26-047210.csv
1766633910.947328,48817.000,5855,4,EM,1,100,PS
1766633910.997574,48867.250,5888,4,EM,1,100,RS
1766633911.047820,48917.500,5888,4,EM,1,100,RB
1766633911.098066,48967.750,5888,4,EM,1,100,2025-12-24_19-38-26-047210.csv
1766633911.148312,49018.000,5888,4,EM,1,100,PS
1766633911.198558,49068.250,5920,4,EM,1,100,RS
1766633911.248804,49118.500,5920,4,EM,1,100,RB
1766633911.299050,49168.750,5920,4,EM,1,100,2025-12-24_19-38-26-047210.csv
1766633911.349295,49219.000,5920,4,EM,1,100,PS
1766633911.399541,49269.250,5953,4,EM,1,100,RS
1766633911.449787,49319.500,5953,4,EM,1,100,RB
1766633911.500033,49369.750,5953,4,EM,1,100,2025-12-24_19-38-26-047210.csv
1766633911.550279,49420.000,5953,4,EM,1,100,PS
1766633911.605275,49475.000,5990,4,EM,1,100,RS
1766633911.660270,49530.000,5990,4,EM,1,100,RB
1766633911.715266,49585.000,5990,4,EM,1,100,2025-12-24_19-38-26-047210.csv
1766633911.770261,49640.000,5990,4,EM,1,100,PS
1766633911.820507,49690.250,6024,4,EM,1,100,RS
1766633911.870753,49740.500,6024,4,EM,1,100,RB
1766633911.920999,49790.750,6024,4,EM,1,100,2025-12-24_19-38-26-047210.csv
1766633911.971245,49841.000,6024,4,EM,1,100,PS
1766633912.021491,49891.250,6055,4,EM,1,100,RS
1766633912.071737,49941.500,6055,4,EM,1,100,RB
1766633912.121983,49991.750,6055,4,EM,1,100,2025-12-24_19-38-26-047210.csv
1766633912.172229,50042.000,6055,4,EM,1,100,PS
1766633912.222475,50092.250,6089,4,EM,1,100,RS
1766633912.272721,50142.500,6089,4,EM,1,100,RB
1766633912.322967,50192.750,6089,4,EM,1,100,2025-12-24_19-38-26-047210.csv
1766633912.373213,50243.000,6089,4,EM,1,100,PS
1766633912.423459,50293.250,6120,4,EM,1,100,RS
1766633912.473705,50343.500,6120,4,EM,1,100,RB
1766633912.523950,50393.750,6120,4,EM,1,100,2025-12-24_19-38-26-047210.csv
1766633912.574196,50444.000,6120,4,EM,1,100,PS
1766633912.624442,50494.250,6154,4,EM,1,100,RS
1766633912.674688,50544.500,6154,4,EM,1,100,RB
1766633912.724934,50594.750,6154,4,EM,1,100,2025-12-24_19-38-26-047210.csv
1766633912.775180,50645.000,6154,4,EM,1,100,PS
1766633912.825426,50695.250,6186,4,EM,1,100,RS
1766633912.875672,50745.500,6186,4,EM,1,100,RB
1766633912.925918,50795.750,6186,4,EM,1,100,2025-12-24_19-38-26-047210.csv
1766633912.976164,50846.000,6186,4,EM,1,100,PS
1766633913.026410,50896.250,6219,4,EM,1,100,RS
1766633913.076656,50946.500,6219,4,EM,1,100,RB
1766633913.126902,50996.750,6219,4,EM,1,100,2025-12-24_19-38-26-047210.csv
1766633913.177148,51047.000,6219,4,EM,1,100,PS
1766633913.227394,51097.250,6251,4,EM,1,100,RS
1766633913.277639,51147.500,6251,4,EM,1,100,RB
1766633913.327885,51197.750,6251,4,EM,1,100,2025-12-24_19-38-26-047210.csv
1766633913.378131,51248.000,6251,4,EM,1,100,PS
1766633913.429127,51299.000,6284,4,EM,1,100,RS
1766633913.480123,51350.000,6284,4,EM,1,100,RB
1766633913.531119,51401.000,6284,4,EM,1,100,2025-12-24_19-38-26-047210.csv
1766633913.582115,51452.000,6284,4,EM,1,100,PS
1766633913.632111,51502.000,6316,4,EM,1,100,RS
1766633913.682107,51552.000,6316,4,EM,1,100,RB
1766633913.732103,51602.000,6316,4,EM,1,100,2025-12-24_19-38-26-047210.csv
1766633913.782099,51652.000,6316,4,EM,1,100,PS
1766633913.832345,51702.250,6352,4,EM,1,100,RS
1766633913.882591,51752.500,6352,4,EM,1,100,RB
1766633913.932837,51802.750,6352,4,EM,1,100,2025-12-24_19-38-26-047210.csv
1766633913.983083,51853.000,6352,4,EM,1,100,PS
1766633914.033328,51903.250,6383,4,EM,1,100,RS
1766633914.083574,51953.500,6383,4,EM,1,100,RB
1766633914.133820,52003.750,6383,4,EM,1,100,2025-12-24_19-38-26-047210.csv
1766633914.184066,52054.000,6383,4,EM,1,100,PS
1766633914.234312,52104.250,6417,4,EM,1,100,RS
1766633914.284558,52154.500,6417,4,EM,1,100,RB
1766633914.334804,52204.750,6417,4,EM,1,100,2025-12-24_19-38-26-047210.csv
1766633914.385050,52255.000,6417,4,EM,1,100,PS
1766633914.435296,52305.250,6448,4,EM,1,100,RS
1766633914.485542,52355.500,6448,4,EM,1,100,RB
1766633914.535788,52405.750,6448,4,EM,1,100,2025-12-24_19-38-26-047210.csv
1766633914.586034,52456.000,6448,4,EM,1,100,PS
1766633914.636280,52506.250,6482,4,EM,1,100,RS
1766633914.686526,52556.500,6482,4,EM,1,100,RB
1766633914.736772,52606.750,6482,4,EM,1,100,2025-12-24_19-38-26-047210.csv
1766633914.787017,52657.000,6482,4,EM,1,100,PS
1766633914.838013,52708.000,6514,4,EM,1,100,RS
1766633914.889009,52759.000,6514,4,EM,1,100,RB
1766633914.940005,52810.000,6514,4,EM,1,100,2025-12-24_19-38-26-047210.csv
1766633914.991001,52861.000,6514,4,EM,1,100,PS
1766633915.042247,52912.250,6547,4,EM,1,100,RS
1766633915.093493,52963.500,6547,4,EM,1,100,RB
1766633915.144738,53014.750,6547,4,EM,1,100,2025-12-24_19-38-26-047210.csv
1766633915.195984,53066.000,6547,4,EM,1,100,PS
1766633915.245980,53116.000,6580,4,EM,1,100,RS
1766633915.295976,53166.000,6580,4,EM,1,100,RB
1766633915.345972,53216.000,6580,4,EM,1,100,2025-12-24_19-38-26-047210.csv
1766633915.395968,53266.000,6580,4,EM,1,100,PS
1766633915.446214,53316.250,6613,4,EM,1,100,RS
1766633915.496460,53366.500,6613,4,EM,1,100,RB
1766633915.546706,53416.750,6613,4,EM,1,100,2025-12-24_19-38-26-047210.csv
1766633915.596952,53467.000,6613,4,EM,1,100,PS
1766633915.647198,53517.250,6646,4,EM,1,100,RS
1766633915.697444,53567.500,6646,4,EM,1,100,RB
1766633915.747690,53617.750,6646,4,EM,1,100,2025-12-24_19-38-26-047210.csv
1766633915.797936,53668.000,6646,4,EM,1,100,PS
1766633915.848432,53718.500,6678,4,EM,1,100,RS
1766633915.898927,53769.000,6678,4,EM,1,100,RB
1766633915.949424,53819.500,6678,4,EM,1,100,2025-12-24_19-38-26-047210.csv
1766633915.999919,53870.000,6678,4,EM,1,100,PS
1766633916.050165,53920.250,6711,4,EM,1,100,RS
1766633916.100411,53970.500,6711,4,EM,1,100,RB
1766633916.150657,54020.750,6711,4,EM,1,100,2025-12-24_19-38-26-047210.csv
1766633916.200903,54071.000,6711,4,EM,1,100,PS
1766633916.251149,54121.250,6743,4,EM,1,100,RS
1766633916.301395,54171.500,6743,4,EM,1,100,RB
1766633916.351641,54221.750,6743,4,EM,1,100,2025-12-24_19-38-26-047210.csv
1766633916.401887,54272.000,6743,4,EM,1,100,PS
1766633916.452133,54322.250,6779,4,EM,1,100,RS
1766633916.502379,54372.500,6779,4,EM,1,100,RB
1766633916.552625,54422.750,6779,4,EM,1,100,2025-12-24_19-38-26-047210.csv
1766633916.602871,54473.000,6779,4,EM,1,100,PS
1766633916.653116,54523.250,6810,4,EM,1,100,RS
1766633916.703362,54573.500,6810,4,EM,1,100,RB
1766633916.753608,54623.750,6810,4,EM,1,100,2025-12-24_19-38-26-047210.csv
1766633916.803854,54674.000,6810,4,EM,1,100,PS
1766633916.858850,54729.000,6851,4,EM,1,100,RS
1766633916.913846,54784.000,6851,4,EM,1,100,RB
1766633916.968841,54839.000,6851,4,EM,1,100,2025-12-24_19-38-26-047210.csv
1766633917.023837,54894.000,6851,4,EM,1,100,PS
1766633917.074082,54944.250,6884,4,EM,1,100,RS
1766633917.124328,54994.500,6884,4,EM,1,100,RB
1766633917.174574,55044.750,6884,4,EM,1,100,2025-12-24_19-38-26-047210.csv
1766633917.224820,55095.000,6884,4,EM,1,100,PS
1766633917.275066,55145.250,6918,4,EM,1,100,RS
1766633917.325312,55195.500,6918,4,EM,1,100,RB
1766633917.375558,55245.750,6918,4,EM,1,100,2025-12-24_19-38-26-047210.csv
1766633917.425804,55296.000,6918,4,EM,1,100,PS
1766633917.478300,55348.500,6950,4,EM,1,100,RS
1766633917.530796,55401.000,6950,4,EM,1,100,RB
1766633917.583291,55453.500,6950,4,EM,1,100,2025-12-24_19-38-26-047210.csv
1766633917.635787,55506.000,6950,4,EM,1,100,PS
1766633917.685783,55556.000,6983,4,EM,1,100,RS
1766633917.735779,55606.000,6983,4,EM,1,100,RB
1766633917.785775,55656.000,6983,4,EM,1,100,2025-12-24_19-38-26-047210.csv
1766633917.835771,55706.000,6983,4,EM,1,100,PS
1766633917.886517,55756.750,7015,4,EM,1,100,RS
1766633917.937263,55807.500,7015,4,EM,1,100,RB
1766633917.988008,55858.250,7015,4,EM,1,100,2025-12-24_19-38-26-047210.csv
1766633918.038754,55909.000,7015,4,EM,1,100,PS
1766633918.088750,55959.000,7048,4,EM,1,100,RS
1766633918.138747,56009.000,7048,4,EM,1,100,RB
1766633918.188742,56059.000,7048,4,EM,1,100,2025-12-24_19-38-26-047210.csv
1766633918.238738,56109.000,7048,4,EM,1,100,PS
1766633918.288984,56159.250,7080,4,EM,1,100,RS
1766633918.339230,56209.500,7080,4,EM,1,100,RB
1766633918.389476,56259.750,7080,4,EM,1,100,2025-12-24_19-38-26-047210.csv
1766633918.439722,56310.000,7080,4,EM,1,100,PS
1766633918.489968,56360.250,7114,4,EM,1,100,RS
1766633918.540214,56410.500,7114,4,EM,1,100,RB
1766633918.590460,56460.750,7114,4,EM,1,100,2025-12-24_19-38-26-047210.csv
1766633918.640706,56511.000,7114,4,EM,1,100,PS
1766633918.693202,56563.500,7146,4,EM,1,100,RS
1766633918.745697,56616.000,7146,4,EM,1,100,RB
1766633918.798193,56668.500,7146,4,EM,1,100,2025-12-24_19-38-26-047210.csv
1766633918.850689,56721.000,7146,4,EM,1,100,PS
1766633918.900685,56771.000,7181,4,EM,1,100,RS
1766633918.950681,56821.000,7181,4,EM,1,100,RB
1766633919.000677,56871.000,7181,4,EM,1,100,2025-12-24_19-38-26-047210.csv
1766633919.050673,56921.000,7181,4,EM,1,100,PS
1766633919.103668,56974.000,7215,4,EM,1,100,RS
1766633919.156664,57027.000,7215,4,EM,1,100,RB
1766633919.209660,57080.000,7215,4,EM,1,100,2025-12-24_19-38-26-047210.csv
1766633919.262655,57133.000,7215,4,EM,1,100,PS
1766633919.312901,57183.250,7246,4,EM,1,100,RS
1766633919.363147,57233.500,7246,4,EM,1,100,RB
1766633919.413393,57283.750,7246,4,EM,1,100,2025-12-24_19-38-26-047210.csv
1766633919.463639,57334.000,7246,4,EM,1,100,PS
1766633919.514135,57384.500,7280,4,EM,1,100,RS
1766633919.564631,57435.000,7280,4,EM,1,100,RB
1766633919.615127,57485.500,7280,4,EM,1,100,2025-12-24_19-38-26-047210.csv
1766633919.665623,57536.000,7280,4,EM,1,100,PS
1766633919.716119,57586.500,7311,4,EM,1,100,RS
1766633919.766615,57637.000,7311,4,EM,1,100,RB
1766633919.817111,57687.500,7311,4,EM,1,100,2025-12-24_19-38-26-047210.csv
1766633919.867607,57738.000,7311,4,EM,1,100,PS
1766633919.917853,57788.250,7345,4,EM,1,100,RS
1766633919.968098,57838.500,7345,4,EM,1,100,RB
1766633920.018344,57888.750,7345,4,EM,1,100,2025-12-24_19-38-26-047210.csv
1766633920.068590,57939.000,7345,4,EM,1,100,PS
1766633920.118836,57989.250,7377,4,EM,1,100,RS
1766633920.169082,58039.500,7377,4,EM,1,100,RB
1766633920.219328,58089.750,7377,4,EM,1,100,2025-12-24_19-38-26-047210.csv
1766633920.269574,58140.000,7377,4,EM,1,100,PS
1766633920.319820,58190.250,7410,4,EM,1,100,RS
1766633920.370066,58240.500,7410,4,EM,1,100,RB
1766633920.420312,58290.750,7410,4,EM,1,100,2025-12-24_19-38-26-047210.csv
1766633920.470558,58341.000,7410,4,EM,1,100,PS
1766633920.522804,58393.250,7442,4,EM,1,100,RS
1766633920.575049,58445.500,7442,4,EM,1,100,RB
1766633920.627295,58497.750,7442,4,EM,1,100,2025-12-24_19-38-26-047210.csv
1766633920.679541,58550.000,7442,4,EM,1,100,PS
1766633920.729787,58600.250,7475,4,EM,1,100,RS
1766633920.780033,58650.500,7475,4,EM,1,100,RB
1766633920.830279,58700.750,7475,4,EM,1,100,2025-12-24_19-38-26-047210.csv
1766633920.880525,58751.000,7475,4,EM,1,100,PS
1766633920.930771,58801.250,7507,4,EM,1,100,RS
1766633920.981017,58851.500,7507,4,EM,1,100,RB
1766633921.031262,58901.750,7507,4,EM,1,100,2025-12-24_19-38-26-047210.csv
1766633921.081508,58952.000,7507,4,EM,1,100,PS
1766633921.133504,59004.000,7541,4,EM,1,100,RS
1766633921.185500,59056.000,7541,4,EM,1,100,RB
1766633921.237496,59108.000,7541,4,EM,1,100,2025-12-24_19-38-26-047210.csv
1766633921.289492,59160.000,7541,4,EM,1,100,PS
1766633921.339738,59210.250,7572,4,EM,1,100,RS
1766633921.389983,59260.500,7572,4,EM,1,100,RB
1766633921.440229,59310.750,7572,4,EM,1,100,2025-12-24_19-38-26-047210.csv
1766633921.490475,59361.000,7572,4,EM,1,100,PS
1766633921.541721,59412.250,7606,4,EM,1,100,RS
1766633921.592967,59463.500,7606,4,EM,1,100,RB
1766633921.644213,59514.750,7606,4,EM,1,100,2025-12-24_19-38-26-047210.csv
1766633921.695459,59566.000,7606,4,EM,1,100,PS
1766633921.746955,59617.500,7637,4,EM,1,100,RS
1766633921.798450,59669.000,7637,4,EM,1,100,RB
1766633921.849946,59720.500,7637,4,EM,1,100,2025-12-24_19-38-26-047210.csv
1766633921.901442,59772.000,7637,4,EM,1,100,PS
1766633921.951938,59822.500,7676,4,EM,1,100,RS
1766633922.002434,59873.000,7676,4,EM,1,100,RB
1766633922.052930,59923.500,7676,4,EM,1,100,2025-12-24_19-38-26-047210.csv
1766633922.103426,59974.000,7676,4,EM,1,100,PS
1766633922.154672,60025.250,7708,4,EM,1,100,RS
1766633922.205918,60076.500,7708,4,EM,1,100,RB
1766633922.257163,60127.750,7708,4,EM,1,100,2025-12-24_19-38-26-047210.csv
1766633922.308409,60179.000,7708,4,EM,1,100,PS
1766633922.358655,60229.250,7741,4,EM,1,100,RS
1766633922.408901,60279.500,7741,4,EM,1,100,RB
1766633922.459147,60329.750,7741,4,EM,1,100,2025-12-24_19-38-26-047210.csv
1766633922.509393,60380.000,7741,4,EM,1,100,PS
1766633922.562139,60432.750,7774,4,EM,1,100,RS
1766633922.614884,60485.500,7774,4,EM,1,100,RB
1766633922.667630,60538.250,7774,4,EM,1,100,2025-12-24_19-38-26-047210.csv
1766633922.720376,60591.000,7774,4,EM,1,100,PS
1766633922.772122,60642.750,7809,4,EM,1,100,RS
1766633922.823868,60694.500,7809,4,EM,1,100,RB
1766633922.875613,60746.250,7809,4,EM,1,100,2025-12-24_19-38-26-047210.csv
1766633922.927359,60798.000,7809,4,EM,1,100,PS
1766633922.977605,60848.250,7842,4,EM,1,100,RS
1766633923.027851,60898.500,7842,4,EM,1,100,RB
1766633923.078097,60948.750,7842,4,EM,1,100,2025-12-24_19-38-26-047210.csv
1766633923.128343,60999.000,7842,4,EM,1,100,PS
1766633923.178589,61049.250,7874,4,EM,1,100,RS
1766633923.228835,61099.500,7874,4,EM,1,100,RB
1766633923.279081,61149.750,7874,4,EM,1,100,2025-12-24_19-38-26-047210.csv
1766633923.329327,61200.000,7874,4,EM,1,100,PS
1766633923.379822,61250.500,7907,4,EM,1,100,RS
1766633923.430319,61301.000,7907,4,EM,1,100,RB
1766633923.480814,61351.500,7907,4,EM,1,100,2025-12-24_19-38-26-047210.csv
1766633923.531310,61402.000,7907,4,EM,1,100,PS
1766633923.581306,61452.000,7941,4,EM,1,100,RS
1766633923.631302,61502.000,7941,4,EM,1,100,RB
1766633923.681298,61552.000,7941,4,EM,1,100,2025-12-24_19-38-26-047210.csv
1766633923.731294,61602.000,7941,4,EM,1,100,PS
1766633923.781540,61652.250,7977,4,EM,1,100,RS
1766633923.831786,61702.500,7977,4,EM,1,100,RB
1766633923.882032,61752.750,7977,4,EM,1,100,2025-12-24_19-38-26-047210.csv
1766633923.932278,61803.000,7977,4,EM,1,100,PS
1766633923.982524,61853.250,8008,4,EM,1,100,RS
1766633924.032770,61903.500,8008,4,EM,1,100,RB
1766633924.083016,61953.750,8008,4,EM,1,100,2025-12-24_19-38-26-047210.csv
1766633924.133262,62004.000,8008,4,EM,1,100,PS
1766633924.183508,62054.250,8042,4,EM,1,100,RS
1766633924.233753,62104.500,8042,4,EM,1,100,RB
1766633924.283999,62154.750,8042,4,EM,1,100,2025-12-24_19-38-26-047210.csv
1766633924.334245,62205.000,8042,4,EM,1,100,PS
1766633924.385991,62256.750,8073,4,EM,1,100,RS
1766633924.437737,62308.500,8073,4,EM,1,100,RB
1766633924.489483,62360.250,8073,4,EM,1,100,2025-12-24_19-38-26-047210.csv
1766633924.541229,62412.000,8073,4,EM,1,100,PS
1766633924.591475,62462.250,8110,4,EM,1,100,RS
1766633924.641721,62512.500,8110,4,EM,1,100,RB
1766633924.691967,62562.750,8110,4,EM,1,100,2025-12-24_19-38-26-047210.csv
1766633924.742212,62613.000,8110,4,EM,1,100,PS
1766633924.793708,62664.500,8144,4,EM,1,100,RS
1766633924.845204,62716.000,8144,4,EM,1,100,RB
1766633924.896700,62767.500,8144,4,EM,1,100,2025-12-24_19-38-26-047210.csv
1766633924.948196,62819.000,8144,4,EM,1,100,PS
1766633924.998192,62869.000,8177,4,EM,1,100,RS
1766633925.048188,62919.000,8177,4,EM,1,100,RB
1766633925.098184,62969.000,8177,4,EM,1,100,2025-12-24_19-38-26-047210.csv
1766633925.148180,63019.000,8177,4,EM,1,100,PS
1766633925.198426,63069.250,8211,4,EM,1,100,RS
1766633925.248672,63119.500,8211,4,EM,1,100,RB
1766633925.298917,63169.750,8211,4,EM,1,100,2025-12-24_19-38-26-047210.csv
1766633925.349163,63220.000,8211,4,EM,1,100,PS
1766633925.400909,63271.750,8246,4,EM,1,100,RS
1766633925.452655,63323.500,8246,4,EM,1,100,RB
1766633925.504401,63375.250,8246,4,EM,1,100,2025-12-24_19-38-26-047210.csv
1766633925.556147,63427.000,8246,4,EM,1,100,PS
1766633925.606143,63477.000,8278,4,EM,1,100,RS
1766633925.656138,63527.000,8278,4,EM,1,100,RB
1766633925.706135,63577.000,8278,4,EM,1,100,2025-12-24_19-38-26-047210.csv
1766633925.756130,63627.000,8278,4,EM,1,100,PS
1766633925.807376,63678.250,8314,4,EM,1,100,RS
1766633925.858622,63729.500,8314,4,EM,1,100,RB
1766633925.909868,63780.750,8314,4,EM,1,100,2025-12-24_19-38-26-047210.csv
1766633925.961114,63832.000,8314,4,EM,1,100,PS
1766633926.013610,63884.500,8347,4,EM,1,100,RS
1766633926.066105,63937.000,8347,4,EM,1,100,RB
1766633926.118601,63989.500,8347,4,EM,1,100,2025-12-24_19-38-26-047210.csv
1766633926.171097,64042.000,8347,4,EM,1,100,PS
1766633926.221343,64092.250,8383,4,EM,1,100,RS
1766633926.271589,64142.500,8383,4,EM,1,100,RB
1766633926.321835,64192.750,8383,4,EM,1,100,2025-12-24_19-38-26-047210.csv
1766633926.372081,64243.000,8383,4,EM,1,100,PS
1766633926.422576,64293.500,8416,4,EM,1,100,RS
1766633926.473073,64344.000,8416,4,EM,1,100,RB
1766633926.523568,64394.500,8416,4,EM,1,100,2025-12-24_19-38-26-047210.csv
1766633926.574064,64445.000,8416,4,EM,1,100,PS
1766633926.624060,64495.000,8452,4,EM,1,100,RS
1766633926.674056,64545.000,8452,4,EM,1,100,RB
1766633926.724052,64595.000,8452,4,EM,1,100,2025-12-24_19-38-26-047210.csv
1766633926.774048,64645.000,8452,4,EM,1,100,PS
1766633926.826044,64697.000,8485,4,EM,1,100,RS
1766633926.878040,64749.000,8485,4,EM,1,100,RB
1766633926.930035,64801.000,8485,4,EM,1,100,2025-12-24_19-38-26-047210.csv
1766633926.982031,64853.000,8485,4,EM,1,100,PS
1766633927.033277,64904.250,8522,4,EM,1,100,RS
1766633927.084523,64955.500,8522,4,EM,1,100,RB
1766633927.135769,65006.750,8522,4,EM,1,100,2025-12-24_19-38-26-047210.csv
1766633927.187015,65058.000,8522,4,EM,1,100,PS
1766633927.239260,65110.250,8556,4,EM,1,100,RS
1766633927.291506,65162.500,8556,4,EM,1,100,RB
1766633927.343752,65214.750,8556,4,EM,1,100,2025-12-24_19-38-26-047210.csv
1766633927.395998,65267.000,8556,4,EM,1,100,PS
1766633927.446244,65317.250,8588,4,EM,1,100,RS
1766633927.496490,65367.500,8588,4,EM,1,100,RB
1766633927.546736,65417.750,8588,4,EM,1,100,2025-12-24_19-38-26-047210.csv
1766633927.596982,65468.000,8588,4,EM,1,100,PS
1766633927.647228,65518.250,8621,4,EM,1,100,RS
1766633927.697474,65568.500,8621,4,EM,1,100,RB
1766633927.747719,65618.750,8621,4,EM,1,100,2025-12-24_19-38-26-047210.csv
1766633927.797965,65669.000,8621,4,EM,1,100,PS
1766633927.850211,65721.250,8653,4,EM,1,100,RS
1766633927.902457,65773.500,8653,4,EM,1,100,RB
1766633927.954703,65825.750,8653,4,EM,1,100,2025-12-24_19-38-26-047210.csv
1766633928.006948,65878.000,8653,4,EM,1,100,PS
1766633928.057944,65929.000,8686,4,EM,1,100,RS
1766633928.108940,65980.000,8686,4,EM,1,100,RB
1766633928.159936,66031.000,8686,4,EM,1,100,2025-12-24_19-38-26-047210.csv
1766633928.210932,66082.000,8686,4,EM,1,100,PS
1766633928.261178,66132.250,8718,4,EM,1,100,RS
1766633928.311424,66182.500,8718,4,EM,1,100,RB
1766633928.361670,66232.750,8718,4,EM,1,100,2025-12-24_19-38-26-047210.csv
1766633928.411916,66283.000,8718,4,EM,1,100,PS
1766633928.462162,66333.250,8752,4,EM,1,100,RS
1766633928.512408,66383.500,8752,4,EM,1,100,RB
1766633928.562654,66433.750,8752,4,EM,1,100,2025-12-24_19-38-26-047210.csv
1766633928.612899,66484.000,8752,4,EM,1,100,PS
1766633928.663145,66534.250,8783,4,EM,1,100,RS
1766633928.713391,66584.500,8783,4,EM,1,100,RB
1766633928.763637,66634.750,8783,4,EM,1,100,2025-12-24_19-38-26-047210.csv
1766633928.813883,66685.000,8783,4,EM,1,100,PS
1766633928.865379,66736.500,8821,4,EM,1,100,RS
1766633928.916875,66788.000,8821,4,EM,1,100,RB
1766633928.968371,66839.500,8821,4,EM,1,100,2025-12-24_19-38-26-047210.csv
1766633929.019866,66891.000,8821,4,EM,1,100,PS
1766633929.070362,66941.500,8852,4,EM,1,100,RS
1766633929.120858,66992.000,8852,4,EM,1,100,RB
1766633929.171354,67042.500,8852,4,EM,1,100,2025-12-24_19-38-26-047210.csv
1766633929.221850,67093.000,8852,4,EM,1,100,PS
1766633929.272096,67143.250,8886,4,EM,1,100,RS
1766633929.322342,67193.500,8886,4,EM,1,100,RB
1766633929.372588,67243.750,8886,4,EM,1,100,2025-12-24_19-38-26-047210.csv
1766633929.422834,67294.000,8886,4,EM,1,100,PS
1766633929.474080,67345.250,8918,4,EM,1,100,RS
1766633929.525326,67396.500,8918,4,EM,1,100,RB
1766633929.576571,67447.750,8918,4,EM,1,100,2025-12-24_19-38-26-047210.csv
1766633929.627817,67499.000,8918,4,EM,1,100,PS
1766633929.678063,67549.250,8953,4,EM,1,100,RS
1766633929.728309,67599.500,8953,4,EM,1,100,RB
1766633929.778555,67649.750,8953,4,EM,1,100,2025-12-24_19-38-26-047210.csv
1766633929.828801,67700.000,8953,4,EM,1,100,PS
1766633929.880047,67751.250,8985,4,EM,1,100,RS
1766633929.931293,67802.500,8985,4,EM,1,100,RB
1766633929.982539,67853.750,8985,4,EM,1,100,2025-12-24_19-38-26-047210.csv
1766633930.033784,67905.000,8985,4,EM,1,100,PS
1766633930.084530,67955.750,9018,4,EM,1,100,RS
1766633930.135276,68006.500,9018,4,EM,1,100,RB
1766633930.186022,68057.250,9018,4,EM,1,100,2025-12-24_19-38-26-047210.csv
1766633930.236768,68108.000,9018,4,EM,1,100,PS
1766633930.287014,68158.250,9052,4,EM,1,100,RS
1766633930.337260,68208.500,9052,4,EM,1,100,RB
1766633930.387506,68258.750,9052,4,EM,1,100,2025-12-24_19-38-26-047210.csv
1766633930.437752,68309.000,9052,4,EM,1,100,PS
1766633930.487998,68359.250,9086,4,EM,1,100,RS
1766633930.538244,68409.500,9086,4,EM,1,100,RB
1766633930.588490,68459.750,9086,4,EM,1,100,2025-12-24_19-38-26-047210.csv
1766633930.638736,68510.000,9086,4,EM,1,100,PS
1766633930.688982,68560.250,9117,4,EM,1,100,RS
1766633930.739228,68610.500,9117,4,EM,1,100,RB
1766633930.789473,68660.750,9117,4,EM,1,100,2025-12-24_19-38-26-047210.csv
1766633930.839719,68711.000,9117,4,EM,1,100,PS
1766633930.889965,68761.250,9151,4,EM,1,100,RS
1766633930.940211,68811.500,9151,4,EM,1,100,RB
1766633930.990457,68861.750,9151,4,EM,1,100,2025-12-24_19-38-26-047210.csv
1766633931.040703,68912.000,9151,4,EM,1,100,PS
1766633931.092449,68963.750,9185,4,EM,1,100,RS
1766633931.144195,69015.500,9185,4,EM,1,100,RB
1766633931.195940,69067.250,9185,4,EM,1,100,2025-12-24_19-38-26-047210.csv
1766633931.247686,69119.000,9185,4,EM,1,100,PS
1766633931.297932,69169.250,9218,4,EM,1,100,RS
1766633931.348178,69219.500,9218,4,EM,1,100,RB
1766633931.398424,69269.750,9218,4,EM,1,100,2025-12-24_19-38-26-047210.csv
1766633931.448670,69320.000,9218,4,EM,1,100,PS
1766633931.501666,69373.000,9254,4,EM,1,100,RS
1766633931.554662,69426.000,9254,4,EM,1,100,RB
1766633931.607657,69479.000,9254,4,EM,1,100,2025-12-24_19-38-26-047210.csv
1766633931.660653,69532.000,9254,4,EM,1,100,PS
1766633931.710899,69582.250,9285,4,EM,1,100,RS
1766633931.761145,69632.500,9285,4,EM,1,100,RB
1766633931.811391,69682.750,9285,4,EM,1,100,2025-12-24_19-38-26-047210.csv
1766633931.861637,69733.000,9285,4,EM,1,100,PS
1766633931.912133,69783.500,9319,4,EM,1,100,RS
1766633931.962629,69834.000,9319,4,EM,1,100,RB
1766633932.013124,69884.500,9319,4,EM,1,100,2025-12-24_19-38-26-047210.csv
1766633932.063620,69935.000,9319,4,EM,1,100,PS
1766633932.122365,69993.750,9339,4,EM,1,100,RS
1766633932.181111,70052.500,9339,4,EM,1,100,RB
1766633932.239856,70111.250,9339,4,EM,1,100,2025-12-24_19-38-26-047210.csv
1766633932.298601,70170.000,9339,4,EM,1,100,PS
1766633932.348847,70220.250,9371,4,EM,1,100,RS
1766633932.399093,70270.500,9371,4,EM,1,100,RB
1766633932.449339,70320.750,9371,4,EM,1,100,2025-12-24_19-38-26-047210.csv
1766633932.499585,70371.000,9371,4,EM,1,100,PS
1766633932.549831,70421.250,9405,4,EM,1,100,RS
1766633932.600077,70471.500,9405,4,EM,1,100,RB
1766633932.650323,70521.750,9405,4,EM,1,100,2025-12-24_19-38-26-047210.csv
1766633932.700569,70572.000,9405,4,EM,1,100,PS
1766633932.750815,70622.250,9440,4,EM,1,100,RS
1766633932.801061,70672.500,9440,4,EM,1,100,RB
1766633932.851307,70722.750,9440,4,EM,1,100,2025-12-24_19-38-26-047210.csv
1766633932.901553,70773.000,9440,4,EM,1,100,PS
1766633932.951798,70823.250,9474,4,EM,1,100,RS
1766633933.002044,70873.500,9474,4,EM,1,100,RB
1766633933.052290,70923.750,9474,4,EM,1,100,2025-12-24_19-38-26-047210.csv
1766633933.102536,70974.000,9474,4,EM,1,100,PS
1766633933.152782,71024.250,9508,4,EM,1,100,RS
1766633933.203028,71074.500,9508,4,EM,1,100,RB
1766633933.253274,71124.750,9508,4,EM,1,100,2025-12-24_19-38-26-047210.csv
1766633933.303520,71175.000,9508,4,EM,1,100,PS
1766633933.353766,71225.250,9539,4,EM,1,100,RS
1766633933.404012,71275.500,9539,4,EM,1,100,RB
1766633933.454258,71325.750,9539,4,EM,1,100,2025-12-24_19-38-26-047210.csv
1766633933.504504,71376.000,9539,4,EM,1,100,PS
1766633933.554750,71426.250,9573,4,EM,1,100,RS
1766633933.604996,71476.500,9573,4,EM,1,100,RB
1766633933.655242,71526.750,9573,4,EM,1,100,2025-12-24_19-38-26-047210.csv
1766633933.705487,71577.000,9573,4,EM,1,100,PS
1766633933.755733,71627.250,9606,4,EM,1,100,RS
1766633933.805979,71677.500,9606,4,EM,1,100,RB
1766633933.856225,71727.750,9606,4,EM,1,100,2025-12-24_19-38-26-047210.csv
1766633933.906471,71778.000,9606,4,EM,1,100,PS
1766633933.956717,71828.250,9642,4,EM,1,100,RS
1766633934.006963,71878.500,9642,4,EM,1,100,RB
1766633934.057209,71928.750,9642,4,EM,1,100,2025-12-24_19-38-26-047210.csv
1766633934.107455,71979.000,9642,4,EM,1,100,PS
1766633934.158451,72030.000,9674,4,EM,1,100,RS
1766633934.209447,72081.000,9674,4,EM,1,100,RB
1766633934.260443,72132.000,9674,4,EM,1,100,2025-12-24_19-38-26-047210.csv
1766633934.311439,72183.000,9674,4,EM,1,100,PS
1766633934.361434,72233.000,9709,4,EM,1,100,RS
1766633934.411430,72283.000,9709,4,EM,1,100,RB
1766633934.461426,72333.000,9709,4,EM,1,100,2025-12-24_19-38-26-047210.csv
1766633934.511422,72383.000,9709,4,EM,1,100,PS
1766633934.561668,72433.250,9744,4,EM,1,100,RS
1766633934.611914,72483.500,9744,4,EM,1,100,RB
1766633934.662160,72533.750,9744,4,EM,1,100,2025-12-24_19-38-26-047210.csv
1766633934.712406,72584.000,9744,4,EM,1,100,PS
1766633934.762652,72634.250,9778,4,EM,1,100,RS
1766633934.812898,72684.500,9778,4,EM,1,100,RB
1766633934.863144,72734.750,9778,4,EM,1,100,2025-12-24_19-38-26-047210.csv
1766633934.913390,72785.000,9778,4,EM,1,100,PS
1766633934.963636,72835.250,9812,4,EM,1,100,RS
1766633935.013882,72885.500,9812,4,EM,1,100,RB
1766633935.064128,72935.750,9812,4,EM,1,100,2025-12-24_19-38-26-047210.csv
1766633935.114374,72986.000,9812,4,EM,1,100,PS
1766633935.164619,73036.250,9847,4,EM,1,100,RS
1766633935.214865,73086.500,9847,4,EM,1,100,RB
1766633935.265111,73136.750,9847,4,EM,1,100,2025-12-24_19-38-26-047210.csv
1766633935.315357,73187.000,9847,4,EM,1,100,PS
1766633935.365603,73237.250,9882,4,EM,1,100,RS
1766633935.415849,73287.500,9882,4,EM,1,100,RB
1766633935.466095,73337.750,9882,4,EM,1,100,2025-12-24_19-38-26-047210.csv
1766633935.516341,73388.000,9882,4,EM,1,100,PS
1766633935.566587,73438.250,9921,4,EM,1,100,RS
1766633935.616833,73488.500,9921,4,EM,1,100,RB
1766633935.667079,73538.750,9921,4,EM,1,100,2025-12-24_19-38-26-047210.csv
1766633935.717325,73589.000,9921,4,EM,1,100,PS
1766633935.767571,73639.250,9954,4,EM,1,100,RS
1766633935.817817,73689.500,9954,4,EM,1,100,RB
1766633935.868063,73739.750,9954,4,EM,1,100,2025-12-24_19-38-26-047210.csv
1766633935.918308,73790.000,9954,4,EM,1,100,PS
1766633935.968554,73840.250,9990,4,EM,1,100,RS
1766633936.018800,73890.500,9990,4,EM,1,100,RB
1766633936.069046,73940.750,9990,4,EM,1,100,2025-12-24_19-38-26-047210.csv
1766633936.119292,73991.000,9990,4,EM,1,100,PS
1766633936.169538,74041.250,10025,4,EM,1,100,RS
1766633936.219784,74091.500,10025,4,EM,1,100,RB
1766633936.270030,74141.750,10025,4,EM,1,100,2025-12-24_19-38-26-047210.csv
1766633936.320276,74192.000,10025,4,EM,1,100,PS
1766633936.370522,74242.250,10060,4,EM,1,100,RS
1766633936.420768,74292.500,10060,4,EM,1,100,RB
1766633936.471014,74342.750,10060,4,EM,1,100,2025-12-24_19-38-26-047210.csv
1766633936.521260,74393.000,10060,4,EM,1,100,PS
1766633936.572256,74444.000,10095,4,EM,1,100,RS
1766633936.623252,74495.000,10095,4,EM,1,100,RB
1766633936.674248,74546.000,10095,4,EM,1,100,2025-12-24_19-38-26-047210.csv
1766633936.725243,74597.000,10095,4,EM,1,100,PS
1766633936.775489,74647.250,10127,4,EM,1,100,RS
1766633936.825735,74697.500,10127,4,EM,1,100,RB
1766633936.875981,74747.750,10127,4,EM,1,100,2025-12-24_19-38-26-047210.csv
1766633936.926227,74798.000,10127,4,EM,1,100,PS
1766633936.976473,74848.250,10161,4,EM,1,100,RS
1766633937.026719,74898.500,10161,4,EM,1,100,RB
1766633937.076965,74948.750,10161,4,EM,1,100,2025-12-24_19-38-26-047210.csv
1766633937.127211,74999.000,10161,4,EM,1,100,PS
1766633937.194955,75066.750,10203,4,EM,1,100,RS
1766633937.262700,75134.500,10203,4,EM,1,100,RB
1766633937.330444,75202.250,10203,4,EM,1,100,2025-12-24_19-38-26-047210.csv
1766633937.398189,75270.000,10203,4,EM,1,100,PS
1766633937.448435,75320.250,10238,4,EM,1,100,RS
1766633937.498681,75370.500,10238,4,EM,1,100,RB
1766633937.548927,75420.750,10238,4,EM,1,100,2025-12-24_19-38-26-047210.csv
1766633937.599173,75471.000,10238,4,EM,1,100,PS
1766633937.649419,75521.250,10272,4,EM,1,100,RS
1766633937.699665,75571.500,10272,4,EM,1,100,RB
1766633937.749911,75621.750,10272,4,EM,1,100,2025-12-24_19-38-26-047210.csv
1766633937.800156,75672.000,10272,4,EM,1,100,PS
1766633937.850402,75722.250,10308,4,EM,1,100,RS
1766633937.900648,75772.500,10308,4,EM,1,100,RB
1766633937.950894,75822.750,10308,4,EM,1,100,2025-12-24_19-38-26-047210.csv
1766633938.001140,75873.000,10308,4,EM,1,100,PS
1766633938.051886,75923.750,10343,4,EM,1,100,RS
1766633938.102632,75974.500,10343,4,EM,1,100,RB
1766633938.153378,76025.250,10343,4,EM,1,100,2025-12-24_19-38-26-047210.csv
1766633938.204124,76076.000,10343,4,EM,1,100,PS
1766633938.254370,76126.250,10377,4,EM,1,100,RS
1766633938.304616,76176.500,10377,4,EM,1,100,RB
1766633938.354861,76226.750,10377,4,EM,1,100,2025-12-24_19-38-26-047210.csv
1766633938.405107,76277.000,10377,4,EM,1,100,PS
1766633938.455353,76327.250,10408,4,EM,1,100,RS
1766633938.505599,76377.500,10408,4,EM,1,100,RB
1766633938.555845,76427.750,10408,4,EM,1,100,2025-12-24_19-38-26-047210.csv
1766633938.606091,76478.000,10408,4,EM,1,100,PS
1766633938.656337,76528.250,10444,4,EM,1,100,RS
1766633938.706583,76578.500,10444,4,EM,1,100,RB
1766633938.756829,76628.750,10444,4,EM,1,100,2025-12-24_19-38-26-047210.csv
1766633938.807075,76679.000,10444,4,EM,1,100,PS
1766633938.857321,76729.250,10480,4,EM,1,100,RS
1766633938.907567,76779.500,10480,4,EM,1,100,RB
1766633938.957813,76829.750,10480,4,EM,1,100,2025-12-24_19-38-26-047210.csv
1766633939.008059,76880.000,10480,4,EM,1,100,PS
1766633939.058305,76930.250,10516,4,EM,1,100,RS
1766633939.108551,76980.500,10516,4,EM,1,100,RB
1766633939.158797,77030.750,10516,4,EM,1,100,2025-12-24_19-38-26-047210.csv
1766633939.209043,77081.000,10516,4,EM,1,100,PS
1766633939.259289,77131.250,10548,4,EM,1,100,RS
1766633939.309534,77181.500,10548,4,EM,1,100,RB
1766633939.359780,77231.750,10548,4,EM,1,100,2025-12-24_19-38-26-047210.csv
1766633939.410026,77282.000,10548,4,EM,1,100,PS
1766633939.460272,77332.250,10585,4,EM,1,100,RS
1766633939.510518,77382.500,10585,4,EM,1,100,RB
1766633939.560764,77432.750,10585,4,EM,1,100,2025-12-24_19-38-26-047210.csv
1766633939.611010,77483.000,10585,4,EM,1,100,PS
1766633939.661256,77533.250,10620,4,EM,1,100,RS
1766633939.711502,77583.500,10620,4,EM,1,100,RB
1766633939.761748,77633.750,10620,4,EM,1,100,2025-12-24_19-38-26-047210.csv
1766633939.811994,77684.000,10620,4,EM,1,100,PS
1766633939.862240,77734.250,10654,4,EM,1,100,RS
1766633939.912486,77784.500,10654,4,EM,1,100,RB
1766633939.962732,77834.750,10654,4,EM,1,100,2025-12-24_19-38-26-047210.csv
1766633940.012978,77885.000,10654,4,EM,1,100,PS
1766633940.063223,77935.250,10685,4,EM,1,100,RS
1766633940.113469,77985.500,10685,4,EM,1,100,RB
1766633940.163715,78035.750,10685,4,EM,1,100,2025-12-24_19-38-26-047210.csv
1766633940.213961,78086.000,10685,4,EM,1,100,PS
1766633940.264957,78137.000,10721,4,EM,1,100,RS
1766633940.315953,78188.000,10721,4,EM,1,100,RB
1766633940.366949,78239.000,10721,4,EM,1,100,2025-12-24_19-38-26-047210.csv
1766633940.417945,78290.000,10721,4,EM,1,100,PS
1766633940.468191,78340.250,10755,4,EM,1,100,RS
1766633940.518437,78390.500,10755,4,EM,1,100,RB
1766633940.568683,78440.750,10755,4,EM,1,100,2025-12-24_19-38-26-047210.csv
1766633940.618928,78491.000,10755,4,EM,1,100,PS
1766633940.669174,78541.250,10788,4,EM,1,100,RS
1766633940.719420,78591.500,10788,4,EM,1,100,RB
1766633940.769666,78641.750,10788,4,EM,1,100,2025-12-24_19-38-26-047210.csv
1766633940.819912,78692.000,10788,4,EM,1,100,PS
1766633940.870158,78742.250,10822,4,EM,1,100,RS
1766633940.920404,78792.500,10822,4,EM,1,100,RB
1766633940.970650,78842.750,10822,4,EM,1,100,2025-12-24_19-38-26-047210.csv
1766633941.020896,78893.000,10822,4,EM,1,100,PS
1766633941.072142,78944.250,10853,4,EM,1,100,RS
1766633941.123388,78995.500,10853,4,EM,1,100,RB
1766633941.174634,79046.750,10853,4,EM,1,100,2025-12-24_19-38-26-047210.csv
1766633941.225879,79098.000,10853,4,EM,1,100,PS
1766633941.276125,79148.250,10887,4,EM,1,100,RS
1766633941.326371,79198.500,10887,4,EM,1,100,RB
1766633941.376617,79248.750,10887,4,EM,1,100,2025-12-24_19-38-26-047210.csv
1766633941.426863,79299.000,10887,4,EM,1,100,PS
1766633941.477859,79350.000,10919,4,EM,1,100,RS
1766633941.528855,79401.000,10919,4,EM,1,100,RB
1766633941.579851,79452.000,10919,4,EM,1,100,2025-12-24_19-38-26-047210.csv
1766633941.630847,79503.000,10919,4,EM,1,100,PS
1766633941.681093,79553.250,10952,4,EM,1,100,RS
1766633941.731339,79603.500,10952,4,EM,1,100,RB
1766633941.781585,79653.750,10952,4,EM,1,100,2025-12-24_19-38-26-047210.csv
1766633941.831831,79704.000,10952,4,EM,1,100,PS
1766633941.882076,79754.250,10986,4,EM,1,100,RS
1766633941.932322,79804.500,10986,4,EM,1,100,RB
1766633941.982568,79854.750,10986,4,EM,1,100,2025-12-24_19-38-26-047210.csv
1766633942.032814,79905.000,10986,4,EM,1,100,PS
1766633942.083060,79955.250,11019,4,EM,1,100,RS
1766633942.133306,80005.500,11019,4,EM,1,100,RB
1766633942.183552,80055.750,11019,4,EM,1,100,2025-12-24_19-38-26-047210.csv
1766633942.233798,80106.000,11019,4,EM,1,100,PS
1766633942.297543,80169.750,11056,4,EM,1,100,RS
1766633942.361288,80233.500,11056,4,EM,1,100,RB
1766633942.425032,80297.250,11056,4,EM,1,100,2025-12-24_19-38-26-047210.csv
1766633942.488777,80361.000,11056,4,EM,1,100,PS
1766633942.539523,80411.750,11090,4,EM,1,100,RS
1766633942.590269,80462.500,11090,4,EM,1,100,RB
1766633942.641015,80513.250,11090,4,EM,1,100,2025-12-24_19-38-26-047210.csv
1766633942.691761,80564.000,11090,4,EM,1,100,PS
1766633942.742007,80614.250,11123,4,EM,1,100,RS
1766633942.792253,80664.500,11123,4,EM,1,100,RB
1766633942.842499,80714.750,11123,4,EM,1,100,2025-12-24_19-38-26-047210.csv
1766633942.892745,80765.000,11123,4,EM,1,100,PS
1766633942.942991,80815.250,11157,4,EM,1,100,RS
1766633942.993237,80865.500,11157,4,EM,1,100,RB
1766633943.043483,80915.750,11157,4,EM,1,100,2025-12-24_19-38-26-047210.csv
1766633943.093728,80966.000,11157,4,EM,1,100,PS
1766633943.144724,81017.000,11188,4,EM,1,100,RS
1766633943.195720,81068.000,11188,4,EM,1,100,RB
1766633943.246716,81119.000,11188,4,EM,1,100,2025-12-24_19-38-26-047210.csv
1766633943.297712,81170.000,11188,4,EM,1,100,PS
1766633943.347708,81220.000,11224,4,EM,1,100,RS
1766633943.397704,81270.000,11224,4,EM,1,100,RB
1766633943.447700,81320.000,11224,4,EM,1,100,2025-12-24_19-38-26-047210.csv
1766633943.497696,81370.000,11224,4,EM,1,100,PS
1766633943.547942,81420.250,11256,4,EM,1,100,RS
1766633943.598188,81470.500,11256,4,EM,1,100,RB
1766633943.648433,81520.750,11256,4,EM,1,100,2025-12-24_19-38-26-047210.csv
1766633943.698679,81571.000,11256,4,EM,1,100,PS
1766633943.748925,81621.250,11289,4,EM,1,100,RS
1766633943.799171,81671.500,11289,4,EM,1,100,RB
1766633943.849417,81721.750,11289,4,EM,1,100,2025-12-24_19-38-26-047210.csv
1766633943.899663,81772.000,11289,4,EM,1,100,PS
1766633943.949909,81822.250,11324,4,EM,1,100,RS
1766633944.000155,81872.500,11324,4,EM,1,100,RB
1766633944.050401,81922.750,11324,4,EM,1,100,2025-12-24_19-38-26-047210.csv
1766633944.100647,81973.000,11324,4,EM,1,100,PS
1766633944.150893,82023.250,11357,4,EM,1,100,RS
1766633944.201139,82073.500,11357,4,EM,1,100,RB
1766633944.251385,82123.750,11357,4,EM,1,100,2025-12-24_19-38-26-047210.csv
1766633944.301631,82174.000,11357,4,EM,1,100,PS
1766633944.351877,82224.250,11390,4,EM,1,100,RS
1766633944.402122,82274.500,11390,4,EM,1,100,RB
1766633944.452368,82324.750,11390,4,EM,1,100,2025-12-24_19-38-26-047210.csv
1766633944.502614,82375.000,11390,4,EM,1,100,PS
1766633944.552860,82425.250,11422,4,EM,1,100,RS
1766633944.603106,82475.500,11422,4,EM,1,100,RB
1766633944.653352,82525.750,11422,4,EM,1,100,2025-12-24_19-38-26-047210.csv
1766633944.703598,82576.000,11422,4,EM,1,100,PS
1766633944.753844,82626.250,11455,4,EM,1,100,RS
1766633944.804090,82676.500,11455,4,EM,1,100,RB
1766633944.854336,82726.750,11455,4,EM,1,100,2025-12-24_19-38-26-047210.csv
1766633944.904582,82777.000,11455,4,EM,1,100,PS
1766633944.954828,82827.250,11487,4,EM,1,100,RS
1766633945.005074,82877.500,11487,4,EM,1,100,RB
1766633945.055320,82927.750,11487,4,EM,1,100,2025-12-24_19-38-26-047210.csv
1766633945.105566,82978.000,11487,4,EM,1,100,PS
1766633945.156562,83029.000,11521,4,EM,1,100,RS
1766633945.207557,83080.000,11521,4,EM,1,100,RB
1766633945.258553,83131.000,11521,4,EM,1,100,2025-12-24_19-38-26-047210.csv
1766633945.309549,83182.000,11521,4,EM,1,100,PS
1766633945.359545,83232.000,11552,4,EM,1,100,RS
1766633945.409541,83282.000,11552,4,EM,1,100,RB
1766633945.459537,83332.000,11552,4,EM,1,100,2025-12-24_19-38-26-047210.csv
1766633945.509533,83382.000,11552,4,EM,1,100,PS
1766633945.559779,83432.250,11586,4,EM,1,100,RS
1766633945.610025,83482.500,11586,4,EM,1,100,RB
1766633945.660271,83532.750,11586,4,EM,1,100,2025-12-24_19-38-26-047210.csv
1766633945.710517,83583.000,11586,4,EM,1,100,PS
1766633945.760763,83633.250,11617,4,EM,1,100,RS
1766633945.811009,83683.500,11617,4,EM,1,100,RB
1766633945.861254,83733.750,11617,4,EM,1,100,2025-12-24_19-38-26-047210.csv
1766633945.911500,83784.000,11617,4,EM,1,100,PS
1766633945.961746,83834.250,11651,4,EM,1,100,RS
1766633946.011992,83884.500,11651,4,EM,1,100,RB
1766633946.062238,83934.750,11651,4,EM,1,100,2025-12-24_19-38-26-047210.csv
1766633946.112484,83985.000,11651,4,EM,1,100,PS
1766633946.162730,84035.250,11683,4,EM,1,100,RS
1766633946.212976,84085.500,11683,4,EM,1,100,RB
1766633946.263222,84135.750,11683,4,EM,1,100,2025-12-24_19-38-26-047210.csv
1766633946.313468,84186.000,11683,4,EM,1,100,PS
1766633946.363714,84236.250,11716,4,EM,1,100,RS
1766633946.413960,84286.500,11716,4,EM,1,100,RB
1766633946.464206,84336.750,11716,4,EM,1,100,2025-12-24_19-38-26-047210.csv
1766633946.514452,84387.000,11716,4,EM,1,100,PS
1766633946.564698,84437.250,11748,4,EM,1,100,RS
1766633946.614944,84487.500,11748,4,EM,1,100,RB
1766633946.665190,84537.750,11748,4,EM,1,100,2025-12-24_19-38-26-047210.csv
1766633946.715436,84588.000,11748,4,EM,1,100,PS
1766633946.765682,84638.250,11781,4,EM,1,100,RS
1766633946.815927,84688.500,11781,4,EM,1,100,RB
1766633946.866173,84738.750,11781,4,EM,1,100,2025-12-24_19-38-26-047210.csv
1766633946.916419,84789.000,11781,4,EM,1,100,PS
1766633946.966665,84839.250,11813,4,EM,1,100,RS
1766633947.016911,84889.500,11813,4,EM,1,100,RB
1766633947.067157,84939.750,11813,4,EM,1,100,2025-12-24_19-38-26-047210.csv
1766633947.117403,84990.000,11813,4,EM,1,100,PS
1766633947.167649,85040.250,11847,4,EM,1,100,RS
1766633947.217895,85090.500,11847,4,EM,1,100,RB
1766633947.268141,85140.750,11847,4,EM,1,100,2025-12-24_19-38-26-047210.csv
1766633947.318387,85191.000,11847,4,EM,1,100,PS
1766633947.368633,85241.250,11878,4,EM,1,100,RS
1766633947.418879,85291.500,11878,4,EM,1,100,RB
1766633947.469125,85341.750,11878,4,EM,1,100,2025-12-24_19-38-26-047210.csv
1766633947.519371,85392.000,11878,4,EM,1,100,PS
1766633947.570366,85443.000,11917,4,EM,1,100,RS
1766633947.621362,85494.000,11917,4,EM,1,100,RB
1766633947.672358,85545.000,11917,4,EM,1,100,2025-12-24_19-38-26-047210.csv
1766633947.723354,85596.000,11917,4,EM,1,100,PS
1766633947.773850,85646.500,11951,4,EM,1,100,RS
1766633947.824346,85697.000,11951,4,EM,1,100,RB
1766633947.874842,85747.500,11951,4,EM,1,100,2025-12-24_19-38-26-047210.csv
1766633947.925338,85798.000,11951,4,EM,1,100,PS
1766633947.975834,85848.500,11982,4,EM,1,100,RS
1766633948.026330,85899.000,11982,4,EM,1,100,RB
1766633948.076825,85949.500,11982,4,EM,1,100,2025-12-24_19-38-26-047210.csv
1766633948.127321,86000.000,11982,4,EM,1,100,PS
1766633948.177567,86050.250,12016,4,EM,1,100,RS
1766633948.227813,86100.500,12016,4,EM,1,100,RB
1766633948.278059,86150.750,12016,4,EM,1,100,2025-12-24_19-38-26-047210.csv
1766633948.328305,86201.000,12016,4,EM,1,100,PS
1766633948.378551,86251.250,12047,4,EM,1,100,RS
1766633948.428797,86301.500,12047,4,EM,1,100,RB
1766633948.479043,86351.750,12047,4,EM,1,100,2025-12-24_19-38-26-047210.csv
1766633948.529289,86402.000,12047,4,EM,1,100,PS
1766633948.580035,86452.750,12081,4,EM,1,100,RS
1766633948.630781,86503.500,12081,4,EM,1,100,RB
1766633948.681526,86554.250,12081,4,EM,1,100,2025-12-24_19-38-26-047210.csv
1766633948.732272,86605.000,12081,4,EM,1,100,PS
1766633948.784518,86657.250,12115,4,EM,1,100,RS
1766633948.836764,86709.500,12115,4,EM,1,100,RB
1766633948.889010,86761.750,12115,4,EM,1,100,2025-12-24_19-38-26-047210.csv
1766633948.941256,86814.000,12115,4,EM,1,100,PS
1766633948.991751,86864.500,12148,4,EM,1,100,RS
1766633949.042247,86915.000,12148,4,EM,1,100,RB
1766633949.092743,86965.500,12148,4,EM,1,100,2025-12-24_19-38-26-047210.csv
1766633949.143239,87016.000,12148,4,EM,1,100,PS
1766633949.193485,87066.250,12180,4,EM,1,100,RS
1766633949.243731,87116.500,12180,4,EM,1,100,RB
1766633949.293977,87166.750,12180,4,EM,1,100,2025-12-24_19-38-26-047210.csv
1766633949.344223,87217.000,12180,4,EM,1,100,PS
1766633949.394469,87267.250,12213,4,EM,1,100,RS
1766633949.444715,87317.500,12213,4,EM,1,100,RB
1766633949.494961,87367.750,12213,4,EM,1,100,2025-12-24_19-38-26-047210.csv
1766633949.545207,87418.000,12213,4,EM,1,100,PS
1766633949.596203,87469.000,12245,4,EM,1,100,RS
1766633949.647198,87520.000,12245,4,EM,1,100,RB
1766633949.698194,87571.000,12245,4,EM,1,100,2025-12-24_19-38-26-047210.csv
1766633949.749190,87622.000,12245,4,EM,1,100,PS
1766633949.799936,87672.750,12279,4,EM,1,100,RS
1766633949.850682,87723.500,12279,4,EM,1,100,RB
1766633949.901428,87774.250,12279,4,EM,1,100,2025-12-24_19-38-26-047210.csv
1766633949.952174,87825.000,12279,4,EM,1,100,PS
1766633950.003670,87876.500,12310,4,EM,1,100,RS
1766633950.055166,87928.000,12310,4,EM,1,100,RB
1766633950.106661,87979.500,12310,4,EM,1,100,2025-12-24_19-38-26-047210.csv
1766633950.158157,88031.000,12310,4,EM,1,100,PS
1766633950.208153,88081.000,12344,4,EM,1,100,RS
1766633950.258149,88131.000,12344,4,EM,1,100,RB
1766633950.308145,88181.000,12344,4,EM,1,100,2025-12-24_19-38-26-047210.csv
1766633950.358141,88231.000,12344,4,EM,1,100,PS
1766633950.409387,88282.250,12375,4,EM,1,100,RS
1766633950.460633,88333.500,12375,4,EM,1,100,RB
1766633950.511878,88384.750,12375,4,EM,1,100,2025-12-24_19-38-26-047210.csv
1766633950.563124,88436.000,12375,4,EM,1,100,PS
1766633950.614620,88487.500,12409,4,EM,1,100,RS
1766633950.666116,88539.000,12409,4,EM,1,100,RB
1766633950.717612,88590.500,12409,4,EM,1,100,2025-12-24_19-38-26-047210.csv
1766633950.769108,88642.000,12409,4,EM,1,100,PS
1766633950.819354,88692.250,12441,4,EM,1,100,RS
1766633950.869600,88742.500,12441,4,EM,1,100,RB
1766633950.919846,88792.750,12441,4,EM,1,100,2025-12-24_19-38-26-047210.csv
1766633950.970091,88843.000,12441,4,EM,1,100,PS
1766633951.020337,88893.250,12474,4,EM,1,100,RS
1766633951.070583,88943.500,12474,4,EM,1,100,RB
1766633951.120829,88993.750,12474,4,EM,1,100,2025-12-24_19-38-26-047210.csv
1766633951.171075,89044.000,12474,4,EM,1,100,PS
1766633951.223321,89096.250,12507,4,EM,1,100,RS
1766633951.275567,89148.500,12507,4,EM,1,100,RB
1766633951.327812,89200.750,12507,4,EM,1,100,2025-12-24_19-38-26-047210.csv
1766633951.380058,89253.000,12507,4,EM,1,100,PS
1766633951.430304,89303.250,12540,4,EM,1,100,RS
1766633951.480550,89353.500,12540,4,EM,1,100,RB
1766633951.530796,89403.750,12540,4,EM,1,100,2025-12-24_19-38-26-047210.csv
1766633951.581042,89454.000,12540,4,EM,1,100,PS
1766633951.633038,89506.000,12573,4,EM,1,100,RS
1766633951.685034,89558.000,12573,4,EM,1,100,RB
1766633951.737029,89610.000,12573,4,EM,1,100,2025-12-24_19-38-26-047210.csv
1766633951.789025,89662.000,12573,4,EM,1,100,PS
1766633951.839271,89712.250,12605,4,EM,1,100,RS
1766633951.889517,89762.500,12605,4,EM,1,100,RB
1766633951.939763,89812.750,12605,4,EM,1,100,2025-12-24_19-38-26-047210.csv
1766633951.990009,89863.000,12605,4,EM,1,100,PS
1766633952.040255,89913.250,12638,4,EM,1,100,RS
1766633952.090501,89963.500,12638,4,EM,1,100,RB
1766633952.140747,90013.750,12638,4,EM,1,100,2025-12-24_19-38-26-047210.csv
1766633952.190993,90064.000,12638,4,EM,1,100,PS
1766633952.241489,90114.500,12670,4,EM,1,100,RS
1766633952.291985,90165.000,12670,4,EM,1,100,RB
1766633952.342480,90215.500,12670,4,EM,1,100,2025-12-24_19-38-26-047210.csv
1766633952.392976,90266.000,12670,4,EM,1,100,PS
1766633952.443222,90316.250,12704,4,EM,1,100,RS
1766633952.493468,90366.500,12704,4,EM,1,100,RB
1766633952.543714,90416.750,12704,4,EM,1,100,2025-12-24_19-38-26-047210.csv
1766633952.593960,90467.000,12704,4,EM,1,100,PS
1766633952.644206,90517.250,12740,4,EM,1,100,RS
1766633952.694452,90567.500,12740,4,EM,1,100,RB
1766633952.744698,90617.750,12740,4,EM,1,100,2025-12-24_19-38-26-047210.csv
1766633952.794944,90668.000,12740,4,EM,1,100,PS
1766633952.846690,90719.750,12774,4,EM,1,100,RS
1766633952.898436,90771.500,12774,4,EM,1,100,RB
1766633952.950181,90823.250,12774,4,EM,1,100,2025-12-24_19-38-26-047210.csv
1766633953.001927,90875.000,12774,4,EM,1,100,PS
1766633953.052173,90925.250,12805,4,EM,1,100,RS
1766633953.102419,90975.500,12805,4,EM,1,100,RB
1766633953.152665,91025.750,12805,4,EM,1,100,2025-12-24_19-38-26-047210.csv
1766633953.202911,91076.000,12805,4,EM,1,100,PS
1766633953.253407,91126.500,12839,4,EM,1,100,RS
1766633953.303903,91177.000,12839,4,EM,1,100,RB
1766633953.354399,91227.500,12839,4,EM,1,100,2025-12-24_19-38-26-047210.csv
1766633953.404895,91278.000,12839,4,EM,1,100,PS
1766633953.456140,91329.250,12871,4,EM,1,100,RS
1766633953.507386,91380.500,12871,4,EM,1,100,RB
1766633953.558632,91431.750,12871,4,EM,1,100,2025-12-24_19-38-26-047210.csv
1766633953.609878,91483.000,12871,4,EM,1,100,PS
1766633953.662124,91535.250,12904,4,EM,1,100,RS
1766633953.714370,91587.500,12904,4,EM,1,100,RB
1766633953.766615,91639.750,12904,4,EM,1,100,2025-12-24_19-38-26-047210.csv
1766633953.818861,91692.000,12904,4,EM,1,100,PS
1766633953.869857,91743.000,12938,4,EM,1,100,RS
1766633953.920853,91794.000,12938,4,EM,1,100,RB
1766633953.971849,91845.000,12938,4,EM,1,100,2025-12-24_19-38-26-047210.csv
1766633954.022845,91896.000,12938,4,EM,1,100,PS
1766633954.073091,91946.250,12971,4,EM,1,100,RS
1766633954.123336,91996.500,12971,4,EM,1,100,RB
1766633954.173582,92046.750,12971,4,EM,1,100,2025-12-24_19-38-26-047210.csv
1766633954.223828,92097.000,12971,4,EM,1,100,PS
1766633954.276324,92149.500,13003,4,EM,1,100,RS
1766633954.328820,92202.000,13003,4,EM,1,100,RB
1766633954.381315,92254.500,13003,4,EM,1,100,2025-12-24_19-38-26-047210.csv
1766633954.433811,92307.000,13003,4,EM,1,100,PS
1766633954.484057,92357.250,13037,4,EM,1,100,RS
1766633954.534303,92407.500,13037,4,EM,1,100,RB
1766633954.584549,92457.750,13037,4,EM,1,100,2025-12-24_19-38-26-047210.csv
1766633954.634795,92508.000,13037,4,EM,1,100,PS
1766633954.685041,92558.250,13068,4,EM,1,100,RS
1766633954.735287,92608.500,13068,4,EM,1,100,RB
1766633954.785533,92658.750,13068,4,EM,1,100,2025-12-24_19-38-26-047210.csv
1766633954.835779,92709.000,13068,4,EM,1,100,PS
1766633954.886025,92759.250,13102,4,EM,1,100,RS
1766633954.936271,92809.500,13102,4,EM,1,100,RB
1766633954.986517,92859.750,13102,4,EM,1,100,2025-12-24_19-38-26-047210.csv
1766633955.036762,92910.000,13102,4,EM,1,100,PS
1766633955.087008,92960.250,13133,4,EM,1,100,RS
1766633955.137254,93010.500,13133,4,EM,1,100,RB
1766633955.187500,93060.750,13133,4,EM,1,100,2025-12-24_19-38-26-047210.csv
1766633955.237746,93111.000,13133,4,EM,1,100,PS
1766633955.288742,93162.000,13167,4,EM,1,100,RS
1766633955.339738,93213.000,13167,4,EM,1,100,RB
1766633955.390734,93264.000,13167,4,EM,1,100,2025-12-24_19-38-26-047210.csv
1766633955.441730,93315.000,13167,4,EM,1,100,PS
1766633955.495225,93368.500,13201,4,EM,1,100,RS
1766633955.548721,93422.000,13201,4,EM,1,100,RB
1766633955.602217,93475.500,13201,4,EM,1,100,2025-12-24_19-38-26-047210.csv
1766633955.655713,93529.000,13201,4,EM,1,100,PS
1766633955.705958,93579.250,13232,4,EM,1,100,RS
1766633955.756204,93629.500,13232,4,EM,1,100,RB
1766633955.806450,93679.750,13232,4,EM,1,100,2025-12-24_19-38-26-047210.csv
1766633955.856696,93730.000,13232,4,EM,1,100,PS
1766633955.906942,93780.250,13266,4,EM,1,100,RS
1766633955.957188,93830.500,13266,4,EM,1,100,RB
1766633956.007434,93880.750,13266,4,EM,1,100,2025-12-24_19-38-26-047210.csv
1766633956.057680,93931.000,13266,4,EM,1,100,PS
1766633956.108426,93981.750,13300,4,EM,1,100,RS
1766633956.159172,94032.500,13300,4,EM,1,100,RB
1766633956.209918,94083.250,13300,4,EM,1,100,2025-12-24_19-38-26-047210.csv
1766633956.260664,94134.000,13300,4,EM,1,100,PS
1766633956.310910,94184.250,13333,4,EM,1,100,RS
1766633956.361156,94234.500,13333,4,EM,1,100,RB
1766633956.411402,94284.750,13333,4,EM,1,100,2025-12-24_19-38-26-047210.csv
1766633956.461647,94335.000,13333,4,EM,1,100,PS
1766633956.511893,94385.250,13365,4,EM,1,100,RS
1766633956.562139,94435.500,13365,4,EM,1,100,RB
1766633956.612385,94485.750,13365,4,EM,1,100,2025-12-24_19-38-26-047210.csv
1766633956.662631,94536.000,13365,4,EM,1,100,PS
1766633956.712877,94586.250,13398,4,EM,1,100,RS
1766633956.763123,94636.500,13398,4,EM,1,100,RB
1766633956.813369,94686.750,13398,4,EM,1,100,2025-12-24_19-38-26-047210.csv
1766633956.863615,94737.000,13398,4,EM,1,100,PS
1766633956.915861,94789.250,13432,4,EM,1,100,RS
1766633956.968106,94841.500,13432,4,EM,1,100,RB
1766633957.020352,94893.750,13432,4,EM,1,100,2025-12-24_19-38-26-047210.csv
1766633957.072598,94946.000,13432,4,EM,1,100,PS
1766633957.123844,94997.250,13468,4,EM,1,100,RS
1766633957.175090,95048.500,13468,4,EM,1,100,RB
1766633957.226336,95099.750,13468,4,EM,1,100,2025-12-24_19-38-26-047210.csv
1766633957.277581,95151.000,13468,4,EM,1,100,PS
1766633957.328327,95201.750,13501,4,EM,1,100,RS
1766633957.379073,95252.500,13501,4,EM,1,100,RB
1766633957.429819,95303.250,13501,4,EM,1,100,2025-12-24_19-38-26-047210.csv
1766633957.480565,95354.000,13501,4,EM,1,100,PS
1766633957.530561,95404.000,13535,4,EM,1,100,RS
1766633957.580557,95454.000,13535,4,EM,1,100,RB
1766633957.630553,95504.000,13535,4,EM,1,100,2025-12-24_19-38-26-047210.csv
1766633957.680549,95554.000,13535,4,EM,1,100,PS
1766633957.730795,95604.250,13571,4,EM,1,100,RS
1766633957.781041,95654.500,13571,4,EM,1,100,RB
1766633957.831287,95704.750,13571,4,EM,1,100,2025-12-24_19-38-26-047210.csv
1766633957.881532,95755.000,13571,4,EM,1,100,PS
1766633957.931778,95805.250,13605,4,EM,1,100,RS
1766633957.982024,95855.500,13605,4,EM,1,100,RB
1766633958.032270,95905.750,13605,4,EM,1,100,2025-12-24_19-38-26-047210.csv
1766633958.082516,95956.000,13605,4,EM,1,100,PS
1766633958.132762,96006.250,13637,4,EM,1,100,RS
1766633958.183008,96056.500,13637,4,EM,1,100,RB
1766633958.233254,96106.750,13637,4,EM,1,100,2025-12-24_19-38-26-047210.csv
1766633958.283500,96157.000,13637,4,EM,1,100,PS
1766633958.334246,96207.750,13670,4,EM,1,100,RS
1766633958.384992,96258.500,13670,4,EM,1,100,RB
1766633958.435738,96309.250,13670,4,EM,1,100,2025-12-24_19-38-26-047210.csv
1766633958.486484,96360.000,13670,4,EM,1,100,PS
1766633958.538729,96412.250,13704,4,EM,1,100,RS
1766633958.590975,96464.500,13704,4,EM,1,100,RB
1766633958.643221,96516.750,13704,4,EM,1,100,2025-12-24_19-38-26-047210.csv
1766633958.695467,96569.000,13704,4,EM,1,100,PS
1766633958.745963,96619.500,13739,4,EM,1,100,RS
1766633958.796458,96670.000,13739,4,EM,1,100,RB
1766633958.846954,96720.500,13739,4,EM,1,100,2025-12-24_19-38-26-047210.csv
1766633958.897450,96771.000,13739,4,EM,1,100,PS
1766633958.947696,96821.250,13771,4,EM,1,100,RS
1766633958.997942,96871.500,13771,4,EM,1,100,RB
1766633959.048188,96921.750,13771,4,EM,1,100,2025-12-24_19-38-26-047210.csv
1766633959.098434,96972.000,13771,4,EM,1,100,PS
1766633959.148680,97022.250,13805,4,EM,1,100,RS
1766633959.198926,97072.500,13805,4,EM,1,100,RB
1766633959.249172,97122.750,13805,4,EM,1,100,2025-12-24_19-38-26-047210.csv
1766633959.299418,97173.000,13805,4,EM,1,100,PS
1766633959.349664,97223.250,13836,4,EM,1,100,RS
1766633959.399910,97273.500,13836,4,EM,1,100,RB
1766633959.450156,97323.750,13836,4,EM,1,100,2025-12-24_19-38-26-047210.csv
1766633959.500401,97374.000,13836,4,EM,1,100,PS
1766633959.550647,97424.250,13870,4,EM,1,100,RS
1766633959.600893,97474.500,13870,4,EM,1,100,RB
1766633959.651139,97524.750,13870,4,EM,1,100,2025-12-24_19-38-26-047210.csv
1766633959.701385,97575.000,13870,4,EM,1,100,PS
1766633959.753881,97627.500,13904,4,EM,1,100,RS
1766633959.806377,97680.000,13904,4,EM,1,100,RB
1766633959.858873,97732.500,13904,4,EM,1,100,2025-12-24_19-38-26-047210.csv
1766633959.911368,97785.000,13904,4,EM,1,100,PS
1766633959.961614,97835.250,13937,4,EM,1,100,RS
1766633960.011860,97885.500,13937,4,EM,1,100,RB
1766633960.062106,97935.750,13937,4,EM,1,100,2025-12-24_19-38-26-047210.csv
1766633960.112352,97986.000,13937,4,EM,1,100,PS
1766633960.166098,98039.750,13971,4,EM,1,100,RS
1766633960.219843,98093.500,13971,4,EM,1,100,RB
1766633960.273589,98147.250,13971,4,EM,1,100,2025-12-24_19-38-26-047210.csv
1766633960.327335,98201.000,13971,4,EM,1,100,PS
1766633960.377581,98251.250,14002,4,EM,1,100,RS
1766633960.427827,98301.500,14002,4,EM,1,100,RB
1766633960.478073,98351.750,14002,4,EM,1,100,2025-12-24_19-38-26-047210.csv
1766633960.528318,98402.000,14002,4,EM,1,100,PS
1766633960.578564,98452.250,14038,4,EM,1,100,RS
1766633960.628810,98502.500,14038,4,EM,1,100,RB
1766633960.679056,98552.750,14038,4,EM,1,100,2025-12-24_19-38-26-047210.csv
1766633960.729302,98603.000,14038,4,EM,1,100,PS
1766633960.779548,98653.250,14070,4,EM,1,100,RS
1766633960.829794,98703.500,14070,4,EM,1,100,RB
1766633960.880040,98753.750,14070,4,EM,1,100,2025-12-24_19-38-26-047210.csv
1766633960.930286,98804.000,14070,4,EM,1,100,PS
1766633960.981282,98855.000,14103,4,EM,1,100,RS
1766633961.032278,98906.000,14103,4,EM,1,100,RB
1766633961.083274,98957.000,14103,4,EM,1,100,2025-12-24_19-38-26-047210.csv
1766633961.134269,99008.000,14103,4,EM,1,100,PS
1766633961.184515,99058.250,14135,4,EM,1,100,RS
1766633961.234761,99108.500,14135,4,EM,1,100,RB
1766633961.285007,99158.750,14135,4,EM,1,100,2025-12-24_19-38-26-047210.csv
1766633961.335253,99209.000,14135,4,EM,1,100,PS
1766633961.385499,99259.250,14168,4,EM,1,100,RS
1766633961.435745,99309.500,14168,4,EM,1,100,RB
1766633961.485991,99359.750,14168,4,EM,1,100,2025-12-24_19-38-26-047210.csv
1766633961.536237,99410.000,14168,4,EM,1,100,PS
1766633961.586733,99460.500,14200,4,EM,1,100,RS
1766633961.637229,99511.000,14200,4,EM,1,100,RB
1766633961.687725,99561.500,14200,4,EM,1,100,2025-12-24_19-38-26-047210.csv
1766633961.738221,99612.000,14200,4,EM,1,100,PS
1766633961.788467,99662.250,14234,4,EM,1,100,RS
1766633961.838712,99712.500,14234,4,EM,1,100,RB
1766633961.888958,99762.750,14234,4,EM,1,100,2025-12-24_19-38-26-047210.csv
1766633961.939204,99813.000,14234,4,EM,1,100,PS
1766633961.989450,99863.250,14265,4,EM,1,100,RS
1766633962.039696,99913.500,14265,4,EM,1,100,RB
1766633962.089942,99963.750,14265,4,EM,1,100,2025-12-24_19-38-26-047210.csv
1766633962.140188,100014.000,14265,4,EM,1,100,PS
1766633962.190434,100064.250,14299,4,EM,1,100,RS
1766633962.240680,100114.500,14299,4,EM,1,100,RB
1766633962.290926,100164.750,14299,4,EM,1,100,2025-12-24_19-38-26-047210.csv
1766633962.341172,100215.000,14299,4,EM,1,100,PS
1766633962.391418,100265.250,14332,4,EM,1,100,RS
1766633962.441664,100315.500,14332,4,EM,1,100,RB
1766633962.491910,100365.750,14332,4,EM,1,100,2025-12-24_19-38-26-047210.csv
1766633962.542156,100416.000,14332,4,EM,1,100,PS
1766633962.593652,100467.500,14366,4,EM,1,100,RS
1766633962.645147,100519.000,14366,4,EM,1,100,RB
1766633962.696643,100570.500,14366,4,EM,1,100,2025-12-24_19-38-26-047210.csv
1766633962.748139,100622.000,14366,4,EM,1,100,PS
1766633962.801135,100675.000,14403,4,EM,1,100,RS
1766633962.854131,100728.000,14403,4,EM,1,100,RB
1766633962.907126,100781.000,14403,4,EM,1,100,2025-12-24_19-38-26-047210.csv
1766633962.960122,100834.000,14403,4,EM,1,100,PS
1766633963.010368,100884.250,14436,4,EM,1,100,RS
1766633963.060614,100934.500,14436,4,EM,1,100,RB
1766633963.110860,100984.750,14436,4,EM,1,100,2025-12-24_19-38-26-047210.csv
1766633963.161106,101035.000,14436,4,EM,1,100,PS
1766633963.211351,101085.250,14470,4,EM,1,100,RS
1766633963.261597,101135.500,14470,4,EM,1,100,RB
1766633963.311843,101185.750,14470,4,EM,1,100,2025-12-24_19-38-26-047210.csv
1766633963.362089,101236.000,14470,4,EM,1,100,PS
1766633963.412335,101286.250,14503,4,EM,1,100,RS
1766633963.462581,101336.500,14503,4,EM,1,100,RB
1766633963.512827,101386.750,14503,4,EM,1,100,2025-12-24_19-38-26-047210.csv
1766633963.563073,101437.000,14503,4,EM,1,100,PS
1766633963.614069,101488.000,14537,4,EM,1,100,RS
1766633963.665065,101539.000,14537,4,EM,1,100,RB
1766633963.716061,101590.000,14537,4,EM,1,100,2025-12-24_19-38-26-047210.csv
1766633963.767056,101641.000,14537,4,EM,1,100,PS
1766633963.817302,101691.250,14573,4,EM,1,100,RS
1766633963.867548,101741.500,14573,4,EM,1,100,RB
1766633963.917794,101791.750,14573,4,EM,1,100,2025-12-24_19-38-26-047210.csv
1766633963.968040,101842.000,14573,4,EM,1,100,PS
1766633964.019786,101893.750,14607,4,EM,1,100,RS
1766633964.071532,101945.500,14607,4,EM,1,100,RB
1766633964.123278,101997.250,14607,4,EM,1,100,2025-12-24_19-38-26-047210.csv
1766633964.175024,102049.000,14607,4,EM,1,100,PS
1766633964.225270,102099.250,14640,4,EM,1,100,RS
1766633964.275516,102149.500,14640,4,EM,1,100,RB
1766633964.325761,102199.750,14640,4,EM,1,100,2025-12-24_19-38-26-047210.csv
1766633964.376007,102250.000,14640,4,EM,1,100,PS
1766633964.428753,102302.750,14674,4,EM,1,100,RS
1766633964.481499,102355.500,14674,4,EM,1,100,RB
1766633964.534245,102408.250,14674,4,EM,1,100,2025-12-24_19-38-26-047210.csv
1766633964.586990,102461.000,14674,4,EM,1,100,PS
1766633964.637986,102512.000,14705,4,EM,1,100,RS
1766633964.688982,102563.000,14705,4,EM,1,100,RB
1766633964.739978,102614.000,14705,4,EM,1,100,2025-12-24_19-38-26-047210.csv
1766633964.790974,102665.000,14705,4,EM,1,100,PS
1766633964.841220,102715.250,14741,4,EM,1,100,RS
1766633964.891466,102765.500,14741,4,EM,1,100,RB
1766633964.941712,102815.750,14741,4,EM,1,100,2025-12-24_19-38-26-047210.csv
1766633964.991957,102866.000,14741,4,EM,1,100,PS
1766633965.042203,102916.250,14772,4,EM,1,100,RS
1766633965.092449,102966.500,14772,4,EM,1,100,RB
1766633965.142695,103016.750,14772,4,EM,1,100,2025-12-24_19-38-26-047210.csv
1766633965.192941,103067.000,14772,4,EM,1,100,PS
1766633965.243187,103117.250,14806,4,EM,1,100,RS
1766633965.293433,103167.500,14806,4,EM,1,100,RB
1766633965.343679,103217.750,14806,4,EM,1,100,2025-12-24_19-38-26-047210.csv
1766633965.393925,103268.000,14806,4,EM,1,100,PS
1766633965.444171,103318.250,14838,4,EM,1,100,RS
1766633965.494417,103368.500,14838,4,EM,1,100,RB
1766633965.544663,103418.750,14838,4,EM,1,100,2025-12-24_19-38-26-047210.csv
1766633965.594909,103469.000,14838,4,EM,1,100,PS
1766633965.646155,103520.250,14873,4,EM,1,100,RS
1766633965.697401,103571.500,14873,4,EM,1,100,RB
1766633965.748646,103622.750,14873,4,EM,1,100,2025-12-24_19-38-26-047210.csv
1766633965.799892,103674.000,14873,4,EM,1,100,PS
1766633965.850138,103724.250,14905,4,EM,1,100,RS
1766633965.900384,103774.500,14905,4,EM,1,100,RB
1766633965.950630,103824.750,14905,4,EM,1,100,2025-12-24_19-38-26-047210.csv
1766633966.000876,103875.000,14905,4,EM,1,100,PS
1766633966.051622,103925.750,14938,4,EM,1,100,RS
1766633966.102368,103976.500,14938,4,EM,1,100,RB
1766633966.153114,104027.250,14938,4,EM,1,100,2025-12-24_19-38-26-047210.csv
1766633966.203860,104078.000,14938,4,EM,1,100,PS
1766633966.254606,104128.750,14970,4,EM,1,100,RS
1766633966.305351,104179.500,14970,4,EM,1,100,RB
1766633966.356097,104230.250,14970,4,EM,1,100,2025-12-24_19-38-26-047210.csv
1766633966.406843,104281.000,14970,4,EM,1,100,PS
1766633966.456839,104331.000,15006,4,EM,1,100,RS
1766633966.506835,104381.000,15006,4,EM,1,100,RB
1766633966.556831,104431.000,15006,4,EM,1,100,2025-12-24_19-38-26-047210.csv
1766633966.606827,104481.000,15006,4,EM,1,100,PS
